name,lat,lon,number,cci_code,magistrate_code,slug,types,open,dx_number,areas_of_law,addresses
"Aberdare County Court",0.0,0.0,0,0,0,aberdare-county-court,,false,null,"No areas of law available","No address available"
"Aberdare Magistrates' Court",0.0,0.0,0,0,0,"aberdare-magistrates-court",,false,null,"No areas of law available","No address available"
"Aberdeen Tribunal Hearing Centre",57.14560076061396,-2.1063415443348434,0,0,0,"aberdeen-tribunal-hearing-centre",Tribunal,true,null,"Name: Employment, External Link: https://www.gov.uk/courts-tribunals/employment-tribunal, Description: Information about the Employment Tribunal, Display Name: Claims against employers, Display External Link: https://www.gov.uk/employment-tribunals | Name: Social security, External Link: https://www.gov.uk/tribunal/sscs, Description: Information about the Social Security and Child Support Tribunal, Display Name: Benefits, Display External Link: https://www.gov.uk/appeal-benefit-decision","Town: Aberdeen, Postcode: AB10 1SH, Address: AB1, 48 Huntly Street, Type: Visit us, County: Aberdeen city, N/A, Description: N/A, EPIM ID: N/A"
"Abergavenny Magistrates' Court ",51.8217589940084,-3.02319556862789,3211,0,0,"abergavenny-magistrates-court","Magistrates' Court",false,"311301 Newport (Gwent) 19","Name: Crime, External Link: N/A, Description: N/A, Display Name: N/A, Display External Link: N/A | Name: Single justice procedure, External Link: N/A, Description: N/A, Display Name: N/A, Display External Link: N/A","Town: Abergavenny, Postcode: NP7 5DL, Address: Tudor Street, Type: Visit us, County: Monmouthshire, N/A, Description: N/A, EPIM ID: N/A | Town: Newport, Postcode: NP20 4PR, Address: Gwent Magistrates' Court , The Law Courts, Faulkner Road, Type: Write to us, County: Monmouthshire, N/A, Description: N/A, EPIM ID: N/A"
"Abertillery Magistrates' Court",0.0,0.0,0,0,0,"abertillery-magistrates-court",,false,null,"No areas of law available","No address available"
"Aberystwyth Justice Centre",52.40906877740332,-4.087113907340226,0,102,3253,"aberystwyth-justice-centre","County Court | Magistrates' Court",true,"DX 99560 Aberystwyth 2","Name: Adoption, External Link: https://www.gov.uk/child-adoption, Description: Information about adopting a child, Display Name: N/A, Display External Link: https://www.gov.uk/child-adoption/applying-for-an-adoption-court-order | Name: Bankruptcy, External Link: https://www.gov.uk/apply-for-bankruptcy, Description: Information about applying for bankruptcy, Display Name: N/A, Display External Link: https://www.gov.uk/bankruptcy | Name: Children, External Link: N/A, Description: N/A, Display Name: Childcare arrangements if you separate from your partner, Display External Link: https://www.gov.uk/looking-after-children-divorce | Name: Crime, External Link: N/A, Description: N/A, Display Name: N/A, Display External Link: N/A | Name: Domestic violence, External Link: N/A, Description: N/A, Display Name: Domestic abuse, Display External Link: https://www.gov.uk/injunction-domestic-violence | Name: Employment, External Link: https://www.gov.uk/courts-tribunals/employment-tribunal, Description: Information about the Employment Tribunal, Display Name: Claims against employers, Display External Link: https://www.gov.uk/employment-tribunals | Name: High Court District Registry, External Link: N/A, Description: N/A, Display Name: High Court cases – serious or high profile criminal or civil law cases, Display External Link: N/A | Name: Housing possession, External Link: https://www.gov.uk/evicting-tenants, Description: Information about evicting tenants, Display Name: Housing, Display External Link: N/A | Name: Money claims, External Link: https://www.gov.uk/make-court-claim-for-money, Description: Information about making a court claim for money, Display Name: N/A, Display External Link: N/A | Name: Single justice procedure, External Link: N/A, Description: N/A, Display Name: N/A, Display External Link: N/A | Name: Social security, External Link: https://www.gov.uk/tribunal/sscs, Description: Information about the Social Security and Child Support Tribunal, Display Name: Benefits, Display External Link: https://www.gov.uk/appeal-benefit-decision","Town: Aberystwyth, Postcode: SY23 1AS, Address: Y Lanfa, Trefechan, Type: Visit us, County: Ceredigion, N/A, Description: N/A, EPIM ID: N/A"
"Accrington County Court",53.7514654974962,-2.36172454226534,103,103,0,accrington-county-court,,false,null,"No areas of law available","No address available"
"Accrington Magistrates' Court",53.7491281247251,-2.359323760375266,1725,0,0,"accrington-magistrates-court",,false,null,"No areas of law available","No address available"
"Acton Magistrates' Court",0.0,0.0,0,0,0,acton-magistrates-court,,false,null,"No areas of law available","No address available"
"Administrative Court",51.5136453718662,-0.11354603951829052,0,0,0,administrative-court,,true,"44457 Strand","No areas of law available","Town: London, Postcode: WC2A 2LL, Address: Administrative Court Office The Royal Courts of Justice Strand, Type: Visit or contact us, County: Greater London, N/A, Description: N/A, EPIM ID: "
"Admiralty and Commercial Court",51.51576957413867,-0.1103162668039392,0,0,0,"admiralty-and-commercial-court",,true,"160040 Strand 4","No areas of law available","Town: London, Postcode: EC4A 1NL, Address: Rolls Building, 7 Rolls Buildings, Fetter Lane, Type: Visit us, County: Greater London, N/A, Description: N/A, EPIM ID: "
"Agricultural Land and Drainage - First-tier Tribunal (Property Chamber)",53.48048062143129,-2.239108916299376,0,0,0,"agricultural-land-and-drainage-first-tier-tribunal-property-chamber",Tribunal,true,null,"No areas of law available","Town: Manchester, Postcode: M1 4AH, Address: 1st Floor, Piccadilly Exchange, Piccadilly Plaza, Type: Write to us, County: Greater Manchester, N/A, Description: N/A, EPIM ID: N/A"
"Aldershot and Farnham County Court",0.0,0.0,0,0,0,"aldershot-and-farnham-county-court",,false,null,"No areas of law available","No address available"
"Aldershot Justice Centre",51.250496196067,-0.768949207129867,1305,104,0,aldershot-justice-centre,"Magistrates' Court",true,"98530 Aldershot 2","Name: Children, External Link: N/A, Description: N/A, Display Name: Childcare arrangements if you separate from your partner, Display External Link: https://www.gov.uk/looking-after-children-divorce | Name: Crime, External Link: N/A, Description: N/A, Display Name: N/A, Display External Link: N/A | Name: Divorce, External Link: https://www.gov.uk/divorce, Description: Information about getting a divorce, Display Name: N/A, Display External Link: N/A | Name: Domestic violence, External Link: N/A, Description: N/A, Display Name: Domestic abuse, Display External Link: https://www.gov.uk/injunction-domestic-violence | Name: Housing possession, External Link: https://www.gov.uk/evicting-tenants, Description: Information about evicting tenants, Display Name: Housing, Display External Link: N/A | Name: Money claims, External Link: https://www.gov.uk/make-court-claim-for-money, Description: Information about making a court claim for money, Display Name: N/A, Display External Link: N/A | Name: Single justice procedure, External Link: N/A, Description: N/A, Display Name: N/A, Display External Link: N/A | Name: Social security, External Link: https://www.gov.uk/tribunal/sscs, Description: Information about the Social Security and Child Support Tribunal, Display Name: Benefits, Display External Link: https://www.gov.uk/appeal-benefit-decision","Town: Aldershot, Postcode: GU11 1NY, Address: The Court House, Civic Centre, Wellington Avenue, Type: Visit or contact us, County: Hampshire, N/A, Description: N/A, EPIM ID: N/A"
"Aldershot Social Security and Child Support Tribunal",51.2489077015636,-0.763216983572564,0,0,0,"aldershot-social-security-and-child-support-tribunal",Tribunal,false,null,"No areas of law available","Town: Aldershot, Postcode: GU11 1EE, Address: Arcade Chambers, The Arcade, Little Wellington Street, Type: Visit us, County: Greater London, N/A, Description: N/A, EPIM ID: N/A | Town: Sutton, Postcode: SM1 1DA, Address: HM Courts & Tribunals Service Sutton, Copthall House, 9 The Pavement, Grove Road, Type: Write to us, County: Greater London, N/A, Description: N/A, EPIM ID: N/A"
"Aldridge Magistrates' Court",52.60366211511039,-1.917417481875884,2917,0,0,"aldridge-magistrates-court","Magistrates' Court",false,"745540 Walsall 11","Name: Crime, External Link: N/A, Description: N/A, Display Name: N/A, Display External Link: N/A | Name: Single justice procedure, External Link: N/A, Description: N/A, Display Name: N/A, Display External Link: N/A","Town: Walsall, Postcode: WS9 8NR, Address: Rookery Lane, Aldridge, Type: Visit us, County: Staffordshire, N/A, Description: N/A, EPIM ID: N/A | Town: Walsall, Postcode: WS2 8HA, Address: Aldridge Magistrates' Court, Stafford Street	, Type: Write to us, County: Staffordshire, N/A, Description: N/A, EPIM ID: N/A"
"Alnwick Magistrates' Court",0.0,0.0,0,0,0,"alnwick-magistrates-court",,false,null,"No areas of law available","No address available"
"Alton Magistrates' Court",51.15141300779345,-0.97138654424506,1760,0,0,alton-magistrates-court,"Magistrates' Court",false,"145110 Aldershot 4","Name: Crime, External Link: N/A, Description: N/A, Display Name: N/A, Display External Link: N/A | Name: Single justice procedure, External Link: N/A, Description: N/A, Display Name: N/A, Display External Link: N/A","Town: Alton, Postcode: GU34 1DQ, Address: The Court House, 25 Normandy Street, Type: Visit us, County: Hampshire, N/A, Description: N/A, EPIM ID: N/A | Town: Aldershot, Postcode: GU11 1NY, Address: Alton Magistrates' Court, The Court House, Civic Centre	, Type: Write to us, County: Hampshire, N/A, Description: N/A, EPIM ID: N/A"
"Altrincham County Court and Family Court",53.425769,-2.325772,106,106,0,"altrincham-county-court-and-family-court",,false,null,"No areas of law available","No address available"
"Amersham Law Courts",51.6746693163158,-0.602852619243474,401,0,0,amersham-law-courts,,true,null,"Name: Crime, External Link: N/A, Description: N/A, Display Name: N/A, Display External Link: N/A | Name: Single justice procedure, External Link: N/A, Description: N/A, Display Name: N/A, Display External Link: N/A","Town: Amersham, Postcode: HP6 5AJ, Address: King George V Road, Type: Visit or contact us, County: Buckinghamshire, N/A, Description: N/A, EPIM ID: N/A"
"Ammanford Magistrates' Court",0.0,0.0,0,0,0,"ammanford-magistrates-court",,false,null,"No areas of law available","No address available"
"Andover Magistrates' Court",51.20985628173558,-1.482330819258273,1781,0,0,"andover-magistrates-court","Magistrates' Court",false,"145110 Aldershot 4","Name: Crime, External Link: N/A, Description: N/A, Display Name: N/A, Display External Link: N/A | Name: Single justice procedure, External Link: N/A, Description: N/A, Display Name: N/A, Display External Link: N/A","Town: Andover, Postcode: SP10 1QP, Address: The Court House, West Street, Type: Visit us, County: Hampshire, N/A, Description: N/A, EPIM ID: N/A | Town: Aldershot, Postcode: GU11 1NY, Address: Andover Magistrates' Court, The Court House , Civic Centre, Type: Write to us, County: Hampshire, N/A, Description: N/A, EPIM ID: N/A"
"Ashford County Court",0.0,0.0,0,0,0,ashford-county-court,,false,null,"No areas of law available","No address available"
"Ashford Magistrates' Court",0.0,0.0,0,0,0,"ashford-magistrates-court",,false,null,"No areas of law available","No address available"
"Ashford Tribunal Hearing Centre",51.148485005798186,0.8701453507612751,0,0,0,"ashford-tribunal-hearing-centre",Tribunal,true,null,"Name: Employment, External Link: https://www.gov.uk/courts-tribunals/employment-tribunal, Description: Information about the Employment Tribunal, Display Name: Claims against employers, Display External Link: https://www.gov.uk/employment-tribunals | Name: Social security, External Link: https://www.gov.uk/tribunal/sscs, Description: Information about the Social Security and Child Support Tribunal, Display Name: Benefits, Display External Link: https://www.gov.uk/appeal-benefit-decision","Town: Ashford, Postcode: TN23 1YB, Address: 1st Floor, Ashford House, County Square Shopping Centre, Type: Visit us, County: Kent, N/A, Description: N/A, EPIM ID: N/A | Town: Harlow, Postcode: CM20 9QF, Address: HMCTS Benefit Appeals, , PO Box 12626, Type: Write to us, County: Essex, Areas of Law: Social security, Description: N/A, EPIM ID: N/A"
"Avon and Somerset Enforcement Department",51.3438728782522,-2.95700854550422,0,0,0,"avon-and-somerset-enforcement-department",,true,null,"No areas of law available","Town: Weston-Super-Mare, Postcode: BS23 9BE, Address: HMCTS, Central Accounts Dept, P.O. Box 480, Type: Visit us, County: Somerset, N/A, Description: N/A, EPIM ID: N/A"
"Avon & Somerset Fixed Penalty Office",51.02345117148301,-3.109703548008371,0,0,0,"avon-somerset-fixed-penalty-office",,false,null,"No areas of law available","Town: Taunton, Postcode: TA1 4WE, Address: P.O. Box 622, Type: Visit us, County: Somerset, N/A, Description: N/A, EPIM ID: N/A"
"Aylesbury County Court and Family Court",51.8107805904416,-0.808170859422031,113,113,0,"aylesbury-county-court-and-family-court","County Court | Family Court",false,"97820 Aylesbury 10","Name: Adoption, External Link: https://www.gov.uk/child-adoption, Description: Information about adopting a child, Display Name: N/A, Display External Link: https://www.gov.uk/child-adoption/applying-for-an-adoption-court-order | Name: Bankruptcy, External Link: https://www.gov.uk/apply-for-bankruptcy, Description: Information about applying for bankruptcy, Display Name: N/A, Display External Link: https://www.gov.uk/bankruptcy | Name: Children, External Link: N/A, Description: N/A, Display Name: Childcare arrangements if you separate from your partner, Display External Link: https://www.gov.uk/looking-after-children-divorce | Name: Divorce, External Link: https://www.gov.uk/divorce, Description: Information about getting a divorce, Display Name: N/A, Display External Link: N/A | Name: Domestic violence, External Link: N/A, Description: N/A, Display Name: Domestic abuse, Display External Link: https://www.gov.uk/injunction-domestic-violence | Name: Housing possession, External Link: https://www.gov.uk/evicting-tenants, Description: Information about evicting tenants, Display Name: Housing, Display External Link: N/A | Name: Money claims, External Link: https://www.gov.uk/make-court-claim-for-money, Description: Information about making a court claim for money, Display Name: N/A, Display External Link: N/A","Town: Aylesbury, Postcode: HP21 7QZ, Address: Walton Street, Type: Visit us, County: Buckinghamshire, N/A, Description: N/A, EPIM ID: N/A | Town: Aylesbury, Postcode: HP21 7QZ, Address: Aylesbury County Court and Family Court Hearing Centre, Walton Street, Type: Write to us, County: Buckinghamshire, N/A, Description: N/A, EPIM ID: N/A"
"Aylesbury Crown Court",51.81079810063036,-0.8081997334788457,401,0,0,aylesbury-crown-court,"Crown Court",true,"157430 Aylesbury 11","Name: Crime, External Link: N/A, Description: N/A, Display Name: N/A, Display External Link: N/A | Name: Single justice procedure, External Link: N/A, Description: N/A, Display Name: N/A, Display External Link: N/A","Town: Aylesbury, Postcode: HP21 7FT, Address: Walton Street, Type: Visit or contact us, County: Buckinghamshire, N/A, Description: N/A, EPIM ID: N/A"
"Aylesbury Magistrates' Court and Family Court",51.81077982865295,-0.8081712038549062,1129,0,0,"aylesbury-magistrates-court-and-family-court","Family Court | Magistrates' Court",false,"149920 Aylesbury 10","Name: Adoption, External Link: https://www.gov.uk/child-adoption, Description: Information about adopting a child, Display Name: N/A, Display External Link: https://www.gov.uk/child-adoption/applying-for-an-adoption-court-order | Name: Children, External Link: N/A, Description: N/A, Display Name: Childcare arrangements if you separate from your partner, Display External Link: https://www.gov.uk/looking-after-children-divorce | Name: Crime, External Link: N/A, Description: N/A, Display Name: N/A, Display External Link: N/A | Name: Divorce, External Link: https://www.gov.uk/divorce, Description: Information about getting a divorce, Display Name: N/A, Display External Link: N/A | Name: Domestic violence, External Link: N/A, Description: N/A, Display Name: Domestic abuse, Display External Link: https://www.gov.uk/injunction-domestic-violence | Name: Single justice procedure, External Link: N/A, Description: N/A, Display Name: N/A, Display External Link: N/A","Town: Aylesbury, Postcode: HP21 7QZ, Address: Walton Street, Type: Visit us, County: Buckinghamshire, N/A, Description: N/A, EPIM ID: N/A | Town: Central Milton Keynes, Postcode: MK9 2AJ, Address: Milton Keynes Magistrates' Court and Family Court Hearing Centre, 301 Silbury Boulevard, Witan Gate East, Type: Write to us, County: Buckinghamshire, N/A, Description: N/A, EPIM ID: N/A"
"Ayr Social Security and Child Support Tribunal",55.4664486287981,-4.6249249542928,0,0,0,"ayr-social-security-and-child-support-tribunal",Tribunal,true,551940,"Name: Social security, External Link: https://www.gov.uk/tribunal/sscs, Description: Information about the Social Security and Child Support Tribunal, Display Name: Benefits, Display External Link: https://www.gov.uk/appeal-benefit-decision","Town: Ayr, Postcode: KA8 0BD, Address: Russell House, King Street, Type: Visit us, County: South Ayrshire, N/A, Description: N/A, EPIM ID: N/A | Town: Glasgow, Postcode: G2 8GT, Address: The Glasgow Tribunals Centre, 20 York Street, Type: Write to us, County: South Ayrshire, N/A, Description: N/A, EPIM ID: N/A"
"Banbury County Court",52.0638756549267,-1.34084297514344,114,114,0,banbury-county-court,"County Court",false,"701967 Banbury 2","Name: Bankruptcy, External Link: https://www.gov.uk/apply-for-bankruptcy, Description: Information about applying for bankruptcy, Display Name: N/A, Display External Link: https://www.gov.uk/bankruptcy | Name: Housing possession, External Link: https://www.gov.uk/evicting-tenants, Description: Information about evicting tenants, Display Name: Housing, Display External Link: N/A | Name: Money claims, External Link: https://www.gov.uk/make-court-claim-for-money, Description: Information about making a court claim for money, Display Name: N/A, Display External Link: N/A","Town: Banbury, Postcode: OX16 2AW, Address: The Court House, Warwick Road, Type: Visit or contact us, County: Oxfordshire, N/A, Description: N/A, EPIM ID: N/A"
"Banbury Fixed Penalty Office",52.05843074288249,-1.341316714558609,0,0,0,"banbury-fixed-penalty-office",,false,null,"No areas of law available","Town: Banbury, Postcode: OX16 9PR, Address: P.O. Box 429, Type: Visit us, County: Oxfordshire, N/A, Description: N/A, EPIM ID: N/A"
"Banbury Magistrates' Court",52.063929839546,-1.34088593911927,1922,0,0,"banbury-magistrates-court","Magistrates' Court",false,null,"Name: Crime, External Link: N/A, Description: N/A, Display Name: N/A, Display External Link: N/A | Name: Domestic violence, External Link: N/A, Description: N/A, Display Name: Domestic abuse, Display External Link: https://www.gov.uk/injunction-domestic-violence | Name: Single justice procedure, External Link: N/A, Description: N/A, Display Name: N/A, Display External Link: N/A","Town: Banbury, Postcode: OX16 2AW, Address: The Court House, Warwick Road, Type: Visit us, County: Oxfordshire, N/A, Description: N/A, EPIM ID: N/A | Town: Oxford, Postcode: OX1 1RZ, Address: Oxford Magistrates' Court, Speedwell Street, Type: Write to us, County: Oxfordshire, N/A, Description: N/A, EPIM ID: N/A"
"Bankruptcy Court (High Court)",51.5157695807127,-0.110316308301577,0,0,0,"bankruptcy-court-high-court",,true,"160040 Strand 4","Name: Bankruptcy, External Link: https://www.gov.uk/apply-for-bankruptcy, Description: Information about applying for bankruptcy, Display Name: N/A, Display External Link: https://www.gov.uk/bankruptcy","Town: London, Postcode: EC4A 1NL, Address:  Rolls Building,  7 Rolls Buildings,  Fetter Lane, Type: Visit us, County: Greater London, N/A, Description: N/A, EPIM ID: N/A"
"Barking & Dagenham Magistrates' Court",0.0,0.0,0,0,0,"barking-dagenham-magistrates-court",,false,null,"No areas of law available","No address available"
"Barkingside  Magistrates' Court",51.5877118035476,0.0814161500389243,0,0,2573,"barkingside--magistrates-court","Magistrates' Court",true,"157540 Bow 3","Name: Crime, External Link: N/A, Description: N/A, Display Name: N/A, Display External Link: N/A | Name: Single justice procedure, External Link: N/A, Description: N/A, Display Name: N/A, Display External Link: N/A","Town: Ilford, Postcode: IG6 1HW, Address: Cranbrook Road, Type: Visit us, County: , N/A, Description: N/A, EPIM ID: N/A | Town: London, Postcode: E3 4DJ, Address: Central Administration Centre, Thames Magistrates Court, 58 Bow Road, Type: Write to us, County: , N/A, Description: N/A, EPIM ID: N/A"
"Barnet Civil and Family Courts Centre",51.600443293676825,-0.195491405397314,0,117,0,"barnet-civil-and-family-courts-centre","County Court | Family Court",true,"122570 Finchley (Church End)","Name: Adoption, External Link: https://www.gov.uk/child-adoption, Description: Information about adopting a child, Display Name: N/A, Display External Link: https://www.gov.uk/child-adoption/applying-for-an-adoption-court-order | Name: Children, External Link: N/A, Description: N/A, Display Name: Childcare arrangements if you separate from your partner, Display External Link: https://www.gov.uk/looking-after-children-divorce | Name: Divorce, External Link: https://www.gov.uk/divorce, Description: Information about getting a divorce, Display Name: N/A, Display External Link: N/A | Name: Domestic violence, External Link: N/A, Description: N/A, Display Name: Domestic abuse, Display External Link: https://www.gov.uk/injunction-domestic-violence | Name: FGM, External Link: https://www.gov.uk/government/collections/female-genital-mutilation, Description: N/A, Display Name: Female Genital Mutilation, Display External Link: N/A | Name: Housing possession, External Link: https://www.gov.uk/evicting-tenants, Description: Information about evicting tenants, Display Name: Housing, Display External Link: N/A | Name: Money claims, External Link: https://www.gov.uk/make-court-claim-for-money, Description: Information about making a court claim for money, Display Name: N/A, Display External Link: N/A","Town: London, Postcode: N3 1BQ, Address: St Marys Court, Regents Park Road, Finchley Central, Type: Visit or contact us, County: Greater London, N/A, Description: N/A, EPIM ID:  | Town: London, Postcode: EC1V 3RE, Address: Money claims cases and CNBC file transfers, Clerkenwell & Shoreditch County Court, The Gee Street Courthouse, 29-41 Gee Street, Type: Write to us, County: Greater London, N/A, Description: N/A, EPIM ID: N/A"
"Barnsley Law Courts",53.5546810214807,-1.48437528784287,0,118,2800,barnsley-law-courts,"County Court | Family Court | Magistrates' Court",true,"702080 Barnsley 3","Name: Bankruptcy, External Link: https://www.gov.uk/apply-for-bankruptcy, Description: Information about applying for bankruptcy, Display Name: N/A, Display External Link: https://www.gov.uk/bankruptcy | Name: Children, External Link: N/A, Description: N/A, Display Name: Childcare arrangements if you separate from your partner, Display External Link: https://www.gov.uk/looking-after-children-divorce | Name: Crime, External Link: N/A, Description: N/A, Display Name: N/A, Display External Link: N/A | Name: Divorce, External Link: https://www.gov.uk/divorce, Description: Information about getting a divorce, Display Name: N/A, Display External Link: N/A | Name: Domestic violence, External Link: N/A, Description: N/A, Display Name: Domestic abuse, Display External Link: https://www.gov.uk/injunction-domestic-violence | Name: High Court District Registry, External Link: N/A, Description: N/A, Display Name: High Court cases – serious or high profile criminal or civil law cases, Display External Link: N/A | Name: Housing possession, External Link: https://www.gov.uk/evicting-tenants, Description: Information about evicting tenants, Display Name: Housing, Display External Link: N/A | Name: Money claims, External Link: https://www.gov.uk/make-court-claim-for-money, Description: Information about making a court claim for money, Display Name: N/A, Display External Link: N/A | Name: Social security, External Link: https://www.gov.uk/tribunal/sscs, Description: Information about the Social Security and Child Support Tribunal, Display Name: Benefits, Display External Link: https://www.gov.uk/appeal-benefit-decision","Town: South Yorkshire, Postcode: S70 2HW, Address: The Court House,  Westgate,  Barnsley, Type: Visit or contact us, County: South Yorkshire, N/A, Description: N/A, EPIM ID: N/A"
"Barnsley Social Security and Child Support Tribunal",53.5508545956914,-1.48082955807204,0,0,0,"barnsley-social-security-and-child-support-tribunal",Tribunal,false,null,"Name: Social security, External Link: https://www.gov.uk/tribunal/sscs, Description: Information about the Social Security and Child Support Tribunal, Display Name: Benefits, Display External Link: https://www.gov.uk/appeal-benefit-decision","Town: Barnsley, Postcode: S70 1WA, Address: Wellington House, Wellington Street, Type: Visit us, County: South Yorkshire, N/A, Description: N/A, EPIM ID: N/A | Town: Leeds, Postcode: LS1 2ED, Address: York House, 31 York Place, Type: Write to us, County: South Yorkshire, N/A, Description: N/A, EPIM ID: N/A"
"Barnstaple Crown Court",51.08134299066393,-4.065658583070042,750,0,0,barnstaple-crown-court,"Crown Court",false,"98440 Exeter 2","Name: Crime, External Link: N/A, Description: N/A, Display Name: N/A, Display External Link: N/A | Name: Single justice procedure, External Link: N/A, Description: N/A, Display Name: N/A, Display External Link: N/A","Town: Barnstaple, Postcode: EX31 1DX, Address: The Law Courts, Civic Centre, Type: Visit us, County: Devon, N/A, Description: N/A, EPIM ID: N/A | Town: Exeter, Postcode: EX1 1UH, Address: Exeter Combined Court, Southernhay Gardens, Type: Write to us, County: Devon, N/A, Description: N/A, EPIM ID: N/A"
"Barnstaple Magistrates', County and Family Court",51.08126508216765,-4.065454622793483,0,119,1476,"barnstaple-magistrates-county-and-family-court","County Court | Family Court | Magistrates' Court",true,"98560 Barnstaple 2","Name: Bankruptcy, External Link: https://www.gov.uk/apply-for-bankruptcy, Description: Information about applying for bankruptcy, Display Name: N/A, Display External Link: https://www.gov.uk/bankruptcy | Name: Children, External Link: N/A, Description: N/A, Display Name: Childcare arrangements if you separate from your partner, Display External Link: https://www.gov.uk/looking-after-children-divorce | Name: Crime, External Link: N/A, Description: N/A, Display Name: N/A, Display External Link: N/A | Name: Divorce, External Link: https://www.gov.uk/divorce, Description: Information about getting a divorce, Display Name: N/A, Display External Link: N/A | Name: Domestic violence, External Link: N/A, Description: N/A, Display Name: Domestic abuse, Display External Link: https://www.gov.uk/injunction-domestic-violence | Name: High Court District Registry, External Link: N/A, Description: N/A, Display Name: High Court cases – serious or high profile criminal or civil law cases, Display External Link: N/A | Name: Housing possession, External Link: https://www.gov.uk/evicting-tenants, Description: Information about evicting tenants, Display Name: Housing, Display External Link: N/A | Name: Money claims, External Link: https://www.gov.uk/make-court-claim-for-money, Description: Information about making a court claim for money, Display Name: N/A, Display External Link: N/A | Name: Single justice procedure, External Link: N/A, Description: N/A, Display Name: N/A, Display External Link: N/A | Name: Social security, External Link: https://www.gov.uk/tribunal/sscs, Description: Information about the Social Security and Child Support Tribunal, Display Name: Benefits, Display External Link: https://www.gov.uk/appeal-benefit-decision","Town: Barnstaple, Postcode: EX31 1DX, Address: Barnstaple Law Courts , North Walk, Type: Visit or contact us, County: Devon, N/A, Description: N/A, EPIM ID: N/A"
"Barrow-in-Furness County Court and Family Court",54.116520818930226,-3.2275923489364065,0,120,0,"barrow-in-furness-county-court-and-family-court","County Court | Family Court",true,"65210 Barrow-in-Furness 2","Name: Adoption, External Link: https://www.gov.uk/child-adoption, Description: Information about adopting a child, Display Name: N/A, Display External Link: https://www.gov.uk/child-adoption/applying-for-an-adoption-court-order | Name: Bankruptcy, External Link: https://www.gov.uk/apply-for-bankruptcy, Description: Information about applying for bankruptcy, Display Name: N/A, Display External Link: https://www.gov.uk/bankruptcy | Name: Children, External Link: N/A, Description: N/A, Display Name: Childcare arrangements if you separate from your partner, Display External Link: https://www.gov.uk/looking-after-children-divorce | Name: Divorce, External Link: https://www.gov.uk/divorce, Description: Information about getting a divorce, Display Name: N/A, Display External Link: N/A | Name: Domestic violence, External Link: N/A, Description: N/A, Display Name: Domestic abuse, Display External Link: https://www.gov.uk/injunction-domestic-violence | Name: High Court District Registry, External Link: N/A, Description: N/A, Display Name: High Court cases – serious or high profile criminal or civil law cases, Display External Link: N/A | Name: Housing possession, External Link: https://www.gov.uk/evicting-tenants, Description: Information about evicting tenants, Display Name: Housing, Display External Link: N/A | Name: Money claims, External Link: https://www.gov.uk/make-court-claim-for-money, Description: Information about making a court claim for money, Display Name: N/A, Display External Link: N/A | Name: Social security, External Link: https://www.gov.uk/tribunal/sscs, Description: Information about the Social Security and Child Support Tribunal, Display Name: Benefits, Display External Link: https://www.gov.uk/appeal-benefit-decision","Town: Barrow in Furness, Postcode: LA14 5QX, Address: The Law Courts, Abbey Road, Type: Visit or contact us, County: , N/A, Description: N/A, EPIM ID: N/A"
"Barrow-in-Furness Magistrates' Court",54.1165208189302,-3.22759234893641,0,0,1753,"barrow-in-furness-magistrates-court","Magistrates' Court",true,"65210 Barrow-in-Furness 2","Name: Crime, External Link: N/A, Description: N/A, Display Name: N/A, Display External Link: N/A | Name: Single justice procedure, External Link: N/A, Description: N/A, Display Name: N/A, Display External Link: N/A","Town: Barrow-in-Furness, Postcode: LA14 5QX, Address: Abbey Road, Type: Visit us, County: Lancashire, N/A, Description: N/A, EPIM ID: N/A"
"Barry Magistrates' Court",0.0,0.0,0,0,0,barry-magistrates-court,,false,null,"No areas of law available","No address available"
"Basildon Combined Court",51.57257123669606,0.4547928146585846,461,153,0,basildon-combined-court,"County Court | Crown Court",true,"97633 Basildon 5","Name: Crime, External Link: N/A, Description: N/A, Display Name: N/A, Display External Link: N/A | Name: Housing possession, External Link: https://www.gov.uk/evicting-tenants, Description: Information about evicting tenants, Display Name: Housing, Display External Link: N/A | Name: Money claims, External Link: https://www.gov.uk/make-court-claim-for-money, Description: Information about making a court claim for money, Display Name: N/A, Display External Link: N/A | Name: Single justice procedure, External Link: N/A, Description: N/A, Display Name: N/A, Display External Link: N/A | Name: Social security, External Link: https://www.gov.uk/tribunal/sscs, Description: Information about the Social Security and Child Support Tribunal, Display Name: Benefits, Display External Link: https://www.gov.uk/appeal-benefit-decision","Town: Basildon, Postcode: SS14 2EW, Address: The Gore, Type: Visit or contact us, County: Essex, N/A, Description: N/A, EPIM ID: N/A | Town: Harlow, Postcode: CM20 9QF, Address: HMCTS Benefit Appeals, , PO Box 12626, Type: Write to us, County: Essex, Areas of Law: Social security, Description: N/A, EPIM ID: N/A"
"Basildon Magistrates' Court and Family Court",51.5717708638999,0.45822771453545,0,0,1610,"basildon-magistrates-court-and-family-court","Family Court | Magistrates' Court",true,"151020 Chelmsford 17","Name: Adoption, External Link: https://www.gov.uk/child-adoption, Description: Information about adopting a child, Display Name: N/A, Display External Link: https://www.gov.uk/child-adoption/applying-for-an-adoption-court-order | Name: Children, External Link: N/A, Description: N/A, Display Name: Childcare arrangements if you separate from your partner, Display External Link: https://www.gov.uk/looking-after-children-divorce | Name: Crime, External Link: N/A, Description: N/A, Display Name: N/A, Display External Link: N/A | Name: Divorce, External Link: https://www.gov.uk/divorce, Description: Information about getting a divorce, Display Name: N/A, Display External Link: N/A | Name: Domestic violence, External Link: N/A, Description: N/A, Display Name: Domestic abuse, Display External Link: https://www.gov.uk/injunction-domestic-violence | Name: Single justice procedure, External Link: N/A, Description: N/A, Display Name: N/A, Display External Link: N/A | Name: Social security, External Link: https://www.gov.uk/tribunal/sscs, Description: Information about the Social Security and Child Support Tribunal, Display Name: Benefits, Display External Link: https://www.gov.uk/appeal-benefit-decision","Town: Basildon, Postcode: SS14 1EH, Address: The Court House, Great Oaks, Type: Visit us, County: Essex, N/A, Description: N/A, EPIM ID: N/A | Town: Chelmsford, Postcode: CM1 9PZ, Address: Court Administration Centre, P.O. Box 10754, Type: Write to us, County: Essex, N/A, Description: N/A, EPIM ID: N/A"
"Basingstoke County Court and Family Court",51.2632160413129,-1.08320913224582,0,122,0,"basingstoke-county-court-and-family-court","County Court | Family Court",true,"98570 Basingstoke 3","Name: Children, External Link: N/A, Description: N/A, Display Name: Childcare arrangements if you separate from your partner, Display External Link: https://www.gov.uk/looking-after-children-divorce | Name: Divorce, External Link: https://www.gov.uk/divorce, Description: Information about getting a divorce, Display Name: N/A, Display External Link: N/A | Name: Domestic violence, External Link: N/A, Description: N/A, Display Name: Domestic abuse, Display External Link: https://www.gov.uk/injunction-domestic-violence | Name: High Court District Registry, External Link: N/A, Description: N/A, Display Name: High Court cases – serious or high profile criminal or civil law cases, Display External Link: N/A | Name: Housing possession, External Link: https://www.gov.uk/evicting-tenants, Description: Information about evicting tenants, Display Name: Housing, Display External Link: N/A | Name: Money claims, External Link: https://www.gov.uk/make-court-claim-for-money, Description: Information about making a court claim for money, Display Name: N/A, Display External Link: N/A","Town: Basingstoke, Postcode: RG21 4AB, Address: The Court House, London Road, Type: Visit us, County: Hampshire, N/A, Description: N/A, EPIM ID: N/A"
"Basingstoke Magistrates' Court",51.2633147143815,-1.08317850480075,0,0,1305,"basingstoke-magistrates-court","Magistrates' Court",true,"98570 Basingstoke 3","Name: Crime, External Link: N/A, Description: N/A, Display Name: N/A, Display External Link: N/A | Name: Single justice procedure, External Link: N/A, Description: N/A, Display Name: N/A, Display External Link: N/A","Town: Basingstoke, Postcode: RG21 4AB, Address: The Court House, London Road, Type: Visit us, County: Hampshire, N/A, Description: N/A, EPIM ID: N/A"
"Bath Law Courts (Civil, Family and Magistrates)",51.3811695625089,-2.35231791814345,0,123,1450,"bath-law-courts-civil-family-and-magistrates","County Court | Family Court | Magistrates' Court",true,"98580 Bath 2","Name: Bankruptcy, External Link: https://www.gov.uk/apply-for-bankruptcy, Description: Information about applying for bankruptcy, Display Name: N/A, Display External Link: https://www.gov.uk/bankruptcy | Name: Children, External Link: N/A, Description: N/A, Display Name: Childcare arrangements if you separate from your partner, Display External Link: https://www.gov.uk/looking-after-children-divorce | Name: Crime, External Link: N/A, Description: N/A, Display Name: N/A, Display External Link: N/A | Name: Divorce, External Link: https://www.gov.uk/divorce, Description: Information about getting a divorce, Display Name: N/A, Display External Link: N/A | Name: Domestic violence, External Link: N/A, Description: N/A, Display Name: Domestic abuse, Display External Link: https://www.gov.uk/injunction-domestic-violence | Name: Housing possession, External Link: https://www.gov.uk/evicting-tenants, Description: Information about evicting tenants, Display Name: Housing, Display External Link: N/A | Name: Money claims, External Link: https://www.gov.uk/make-court-claim-for-money, Description: Information about making a court claim for money, Display Name: N/A, Display External Link: N/A | Name: Single justice procedure, External Link: N/A, Description: N/A, Display Name: N/A, Display External Link: N/A","Town: Bath, Postcode: BA1 5AF, Address: The Law Courts, North Parade Road, Type: Visit or contact us, County: Somerset, N/A, Description: N/A, EPIM ID: N/A"
"Batley and Dewsbury Magistrates' Court",0.0,0.0,0,0,0,"batley-and-dewsbury-magistrates-court",,false,null,"No areas of law available","No address available"
"Bedford County Court and Family Court",52.13506371554616,-0.46709007370203887,0,124,0,"bedford-county-court-and-family-court","County Court | Family Court",true,"97760 Luton 4","Name: Bankruptcy, External Link: https://www.gov.uk/apply-for-bankruptcy, Description: Information about applying for bankruptcy, Display Name: N/A, Display External Link: https://www.gov.uk/bankruptcy | Name: Children, External Link: N/A, Description: N/A, Display Name: Childcare arrangements if you separate from your partner, Display External Link: https://www.gov.uk/looking-after-children-divorce | Name: Divorce, External Link: https://www.gov.uk/divorce, Description: Information about getting a divorce, Display Name: N/A, Display External Link: N/A | Name: Domestic violence, External Link: N/A, Description: N/A, Display Name: Domestic abuse, Display External Link: https://www.gov.uk/injunction-domestic-violence | Name: High Court District Registry, External Link: N/A, Description: N/A, Display Name: High Court cases – serious or high profile criminal or civil law cases, Display External Link: N/A | Name: Housing possession, External Link: https://www.gov.uk/evicting-tenants, Description: Information about evicting tenants, Display Name: Housing, Display External Link: N/A | Name: Money claims, External Link: https://www.gov.uk/make-court-claim-for-money, Description: Information about making a court claim for money, Display Name: N/A, Display External Link: N/A | Name: Social security, External Link: https://www.gov.uk/tribunal/sscs, Description: Information about the Social Security and Child Support Tribunal, Display Name: Benefits, Display External Link: https://www.gov.uk/appeal-benefit-decision","Town: Bedford, Postcode: MK40 1SQ, Address: Shire Hall, 3 St Paul's Square, Type: Visit us, County: Bedfordshire, N/A, Description: N/A, EPIM ID:  | Town: Luton, Postcode: LU1 2EN, Address: Bedford County Court and Family Court, Luton Justice Centre , Floors 4 & 5, Arndale House , Luton Point, Type: Write to us, County: Bedfordshire, N/A, Description: N/A, EPIM ID: N/A | Town: Harlow, Postcode: CM20 9QF, Address: HMCTS Benefit Appeals, PO Box 12626, Type: Write to us, County: Essex, Areas of Law: Social security, Description: N/A, EPIM ID: N/A"
"Bedford Tribunal Hearing Centre",52.137620081168,-0.465234281248444,0,0,0,"bedford-tribunal-hearing-centre",Tribunal,false,null,"Name: Employment, External Link: https://www.gov.uk/courts-tribunals/employment-tribunal, Description: Information about the Employment Tribunal, Display Name: Claims against employers, Display External Link: https://www.gov.uk/employment-tribunals | Name: Social security, External Link: https://www.gov.uk/tribunal/sscs, Description: Information about the Social Security and Child Support Tribunal, Display Name: Benefits, Display External Link: https://www.gov.uk/appeal-benefit-decision","Town: Bedford, Postcode: MK40 3HS, Address: 8-10 Howard Street , Type: Visit us, County: Bedfordshire, N/A, Description: N/A, EPIM ID: N/A"
"Belmarsh Magistrates' Court",51.40805,0.01122,0,0,2643,"belmarsh-magistrates-court","Magistrates' Court",true,"156800 Bromley","Name: Crime, External Link: N/A, Description: N/A, Display Name: N/A, Display External Link: N/A | Name: Single justice procedure, External Link: N/A, Description: N/A, Display Name: N/A, Display External Link: N/A","Town: London, Postcode: BR1 1RA, Address: 1 London Road, Bromley, Type: Write to us, County: Kent, N/A, Description: N/A, EPIM ID: N/A"
"Berwick upon Tweed Magistrates' Court",55.7698347735122,-2.00191878285095,0,0,2348,"berwick-upon-tweed-magistrates-court","Magistrates' Court",true,"61098 Newcastle upon Tyne","Name: Crime, External Link: N/A, Description: N/A, Display Name: N/A, Display External Link: N/A | Name: Single justice procedure, External Link: N/A, Description: N/A, Display Name: N/A, Display External Link: N/A","Town: Berwick upon Tweed, Postcode: TD15 1DX, Address: 40 Church Street, Type: Visit us, County: Northumberland, N/A, Description: N/A, EPIM ID: N/A | Town: Newcastle-upon-Tyne, Postcode: NE1 3LA, Address: The Law Courts,,  Newcastle Magistrates Court,,  The Quayside, Type: Write to us, County: Northumberland, N/A, Description: N/A, EPIM ID: N/A"
"Beverley Magistrates' Court and Hearing Centre",53.8405231307472,-0.428668996753928,0,0,1928,"beverley-magistrates-court-and-hearing-centre","Family Court | Magistrates' Court",true,"742200 Beverley 5","Name: Adoption, External Link: https://www.gov.uk/child-adoption, Description: Information about adopting a child, Display Name: N/A, Display External Link: https://www.gov.uk/child-adoption/applying-for-an-adoption-court-order | Name: Children, External Link: N/A, Description: N/A, Display Name: Childcare arrangements if you separate from your partner, Display External Link: https://www.gov.uk/looking-after-children-divorce | Name: Crime, External Link: N/A, Description: N/A, Display Name: N/A, Display External Link: N/A | Name: Domestic violence, External Link: N/A, Description: N/A, Display Name: Domestic abuse, Display External Link: https://www.gov.uk/injunction-domestic-violence | Name: Single justice procedure, External Link: N/A, Description: N/A, Display Name: N/A, Display External Link: N/A","Town: Beverley, Postcode: HU17 9EJ, Address: The Court House, Champney Road, Type: Visit us, County: West Yorkshire, N/A, Description: N/A, EPIM ID: N/A"
"Bexleyheath Social Security and Child Support Tribunal",51.4628192052468,0.132552032610299,0,0,0,"bexleyheath-social-security-and-child-support-tribunal",Tribunal,false,null,"Name: Social security, External Link: https://www.gov.uk/tribunal/sscs, Description: Information about the Social Security and Child Support Tribunal, Display Name: Benefits, Display External Link: https://www.gov.uk/appeal-benefit-decision","Town: Bexleyheath, Postcode: DA7 4EG, Address: 40-46 Avenue Road, Type: Visit us, County: Kent, N/A, Description: N/A, EPIM ID: N/A | Town: Sutton, Postcode: SM1 1DA, Address: HMCTS Sutton, Copthall House, 9 The Pavement, Grove Road, Type: Write to us, County: Kent, N/A, Description: N/A, EPIM ID: N/A"
"Bexley Magistrates' Court",51.4551821014768,0.147899622123789,0,0,2575,bexley-magistrates-court,"Magistrates' Court",true,"156800  Bromley 10","Name: Crime, External Link: N/A, Description: N/A, Display Name: N/A, Display External Link: N/A | Name: Single justice procedure, External Link: N/A, Description: N/A, Display Name: N/A, Display External Link: N/A | Name: Social security, External Link: https://www.gov.uk/tribunal/sscs, Description: Information about the Social Security and Child Support Tribunal, Display Name: Benefits, Display External Link: https://www.gov.uk/appeal-benefit-decision","Town: Bexleyheath, Postcode: DA6 7ND, Address: Norwich Place, Type: Visit us, County: Kent, N/A, Description: N/A, EPIM ID: N/A | Town: Bromley, Postcode: BR1 1RA, Address: Bromley Magistrates' Court, The Court House , 1 London Road, Type: Write to us, County: Kent, N/A, Description: N/A, EPIM ID: N/A"
"Bicester Magistrates' Court and Family Court",51.8991649532225,-1.15783349890932,2776,0,0,"bicester-magistrates-court-and-family-court","Family Court | Magistrates' Court",false,"96452 Oxford 4","Name: Adoption, External Link: https://www.gov.uk/child-adoption, Description: Information about adopting a child, Display Name: N/A, Display External Link: https://www.gov.uk/child-adoption/applying-for-an-adoption-court-order | Name: Children, External Link: N/A, Description: N/A, Display Name: Childcare arrangements if you separate from your partner, Display External Link: https://www.gov.uk/looking-after-children-divorce | Name: Crime, External Link: N/A, Description: N/A, Display Name: N/A, Display External Link: N/A | Name: Domestic violence, External Link: N/A, Description: N/A, Display Name: Domestic abuse, Display External Link: https://www.gov.uk/injunction-domestic-violence | Name: Single justice procedure, External Link: N/A, Description: N/A, Display Name: N/A, Display External Link: N/A","Town: Bicester, Postcode: OX26 2NZ, Address: Waverley House, Queens Avenue, Type: Visit us, County: Oxfordshire, N/A, Description: N/A, EPIM ID: N/A | Town: Oxford, Postcode: OX1 1RZ, Address: Oxford Magistrates Court and Family Court Hearing Centre, Speedwell Street, Type: Write to us, County: Oxfordshire, N/A, Description: N/A, EPIM ID: N/A"
"Bingley Magistrates' Court",0.0,0.0,0,0,0,"bingley-magistrates-court",,false,null,"No areas of law available","No address available"
"Birkenhead County Court",53.3912773950417,-3.01669617819413,0,126,0,birkenhead-county-court,"County Court | Family Court",true,"725000 Birkenhead 10","Name: Bankruptcy, External Link: https://www.gov.uk/apply-for-bankruptcy, Description: Information about applying for bankruptcy, Display Name: N/A, Display External Link: https://www.gov.uk/bankruptcy | Name: Children, External Link: N/A, Description: N/A, Display Name: Childcare arrangements if you separate from your partner, Display External Link: https://www.gov.uk/looking-after-children-divorce | Name: Domestic violence, External Link: N/A, Description: N/A, Display Name: Domestic abuse, Display External Link: https://www.gov.uk/injunction-domestic-violence | Name: Financial Remedy, External Link: https://www.gov.uk/money-property-when-relationship-ends, Description: N/A, Display Name: If you are making an application to settle your finances following a divorce (Financial Remedy), please refer to the guidance found here, Display External Link: N/A | Name: High Court District Registry, External Link: N/A, Description: N/A, Display Name: High Court cases – serious or high profile criminal or civil law cases, Display External Link: N/A | Name: Housing possession, External Link: https://www.gov.uk/evicting-tenants, Description: Information about evicting tenants, Display Name: Housing, Display External Link: N/A | Name: Money claims, External Link: https://www.gov.uk/make-court-claim-for-money, Description: Information about making a court claim for money, Display Name: N/A, Display External Link: N/A | Name: Social security, External Link: https://www.gov.uk/tribunal/sscs, Description: Information about the Social Security and Child Support Tribunal, Display Name: Benefits, Display External Link: https://www.gov.uk/appeal-benefit-decision","Town: Birkenhead, Postcode: CH41 5EN, Address: 76 Hamilton Street, Type: Visit or contact us, County: Merseyside, N/A, Description: N/A, EPIM ID: N/A"
"Birmingham Civil and Family Justice Centre",52.4816515396297,-1.89566151163058,0,127,0,"birmingham-civil-and-family-justice-centre","County Court | Family Court",true,"701987 Birmingham 7","Name: Adoption, External Link: https://www.gov.uk/child-adoption, Description: Information about adopting a child, Display Name: N/A, Display External Link: https://www.gov.uk/child-adoption/applying-for-an-adoption-court-order | Name: Bankruptcy, External Link: https://www.gov.uk/apply-for-bankruptcy, Description: Information about applying for bankruptcy, Display Name: N/A, Display External Link: https://www.gov.uk/bankruptcy | Name: Business and Property, External Link: https://www.judiciary.uk/you-and-the-judiciary/going-to-court/high-court/courts-of-the-chancery-division/the-business-and-property-courts-in-birmingham, Description: N/A, Display Name: N/A, Display External Link: N/A | Name: Children, External Link: N/A, Description: N/A, Display Name: Childcare arrangements if you separate from your partner, Display External Link: https://www.gov.uk/looking-after-children-divorce | Name: Civil partnership, External Link: https://www.gov.uk/end-civil-partnership, Description: Information about ending a civil partnership, Display Name: N/A, Display External Link: N/A | Name: Divorce, External Link: https://www.gov.uk/divorce, Description: Information about getting a divorce, Display Name: N/A, Display External Link: N/A | Name: Domestic violence, External Link: N/A, Description: N/A, Display Name: Domestic abuse, Display External Link: https://www.gov.uk/injunction-domestic-violence | Name: FGM, External Link: https://www.gov.uk/government/collections/female-genital-mutilation, Description: N/A, Display Name: Female Genital Mutilation, Display External Link: N/A | Name: Financial Remedy, External Link: https://www.gov.uk/money-property-when-relationship-ends, Description: N/A, Display Name: If you are making an application to settle your finances following a divorce (Financial Remedy), please refer to the guidance found here, Display External Link: N/A | Name: Forced marriage, External Link: https://www.gov.uk/apply-forced-marriage-protection-order, Description: Information about forced marriage protection orders, Display Name: N/A, Display External Link: N/A | Name: High Court District Registry, External Link: N/A, Description: N/A, Display Name: High Court cases – serious or high profile criminal or civil law cases, Display External Link: N/A | Name: Housing possession, External Link: https://www.gov.uk/evicting-tenants, Description: Information about evicting tenants, Display Name: Housing, Display External Link: N/A | Name: Immigration, External Link: https://www.gov.uk/tribunal/iac, Description: Information about the Immigration and Asylum Tribunal, Display Name: Immigration and asylum, Display External Link: https://www.gov.uk/immigration-asylum-tribunal | Name: Money claims, External Link: https://www.gov.uk/make-court-claim-for-money, Description: Information about making a court claim for money, Display Name: N/A, Display External Link: N/A | Name: Pathfinder – for Private Law Proceedings, External Link: N/A, Description: N/A, Display Name: Pathfinder – for Private Law Proceedings, Display External Link: N/A | Name: Social security, External Link: https://www.gov.uk/tribunal/sscs, Description: Information about the Social Security and Child Support Tribunal, Display Name: Benefits, Display External Link: https://www.gov.uk/appeal-benefit-decision","Town: Birmingham, Postcode: B4 6DS, Address: Priory Courts, 33 Bull Street, Type: Visit or contact us, County: West Midlands, N/A, Description: N/A, EPIM ID: N/A"
"Birmingham Crown Court",52.482795,-1.8925,404,0,0,birmingham-crown-court,"Crown Court",true,"702033 Birmingham 8","Name: Crime, External Link: N/A, Description: N/A, Display Name: N/A, Display External Link: N/A | Name: Single justice procedure, External Link: N/A, Description: N/A, Display Name: N/A, Display External Link: N/A","Town: Birmingham, Postcode: B4 7NA, Address: Queen Elizabeth II Law Courts, 1 Newton Street, Type: Visit or contact us, County: West Midlands, N/A, Description: N/A, EPIM ID: N/A"
"Birmingham District Probate Registry",52.4816613587661,-1.89552893773996,0,0,0,"birmingham-district-probate-registry",,false,"701990 Birmingham 7","Name: Probate, External Link: https://www.gov.uk/wills-probate-inheritance, Description: Information about wills and probate, Display Name: N/A, Display External Link: https://www.gov.uk/applying-for-probate","Town: Birmingham, Postcode: B4 6DU, Address: The Priory Courts, 33 Bull Street, Type: Visit us, County: West Midlands, N/A, Description: N/A, EPIM ID: N/A"
"Birmingham Immigration and Asylum Chamber (First Tier Tribunal)",52.4816515396297,-1.89566151163058,0,0,0,"birmingham-immigration-and-asylum-chamber-first-tier-tribunal",Tribunal,true,null,"Name: Immigration, External Link: https://www.gov.uk/tribunal/iac, Description: Information about the Immigration and Asylum Tribunal, Display Name: Immigration and asylum, Display External Link: https://www.gov.uk/immigration-asylum-tribunal","Town: Birmingham, Postcode: B4 6DS, Address: Priory Courts, 33 Bull Street, Type: Visit or contact us, County: West Midlands, N/A, Description: N/A, EPIM ID: N/A"
"Birmingham Magistrates' Court",52.4836367222404,-1.89386033788194,0,0,2922,"birmingham-magistrates-court","Magistrates' Court",true,"715205 Birmingham 39","Name: Crime, External Link: N/A, Description: N/A, Display Name: N/A, Display External Link: N/A | Name: Single justice procedure, External Link: N/A, Description: N/A, Display Name: N/A, Display External Link: N/A","Town: Birmingham, Postcode: B4 6QA, Address: Victoria Law Courts, Corporation Street, Type: Visit or contact us, County: West Midlands, N/A, Description: N/A, EPIM ID: N/A"
"Birmingham Social Security and Child Support Tribunal",52.4733702070942,-1.9302922126318172,0,0,0,"birmingham-social-security-and-child-support-tribunal",Tribunal,true,null,"Name: Social security, External Link: https://www.gov.uk/tribunal/sscs, Description: Information about the Social Security and Child Support Tribunal, Display Name: Benefits, Display External Link: https://www.gov.uk/appeal-benefit-decision","Town: Birmingham, Postcode: B16 6FR, Address: Administrative Support Centre , PO Box 14620, Type: Write to us, County: West Midlands, N/A, Description: N/A, EPIM ID: N/A"
"Birmingham Youth Court",52.4836367222404,-1.89386033788194,0,0,6922,birmingham-youth-court,"Magistrates' Court",true,null,"Name: Crime, External Link: N/A, Description: N/A, Display Name: N/A, Display External Link: N/A | Name: Single justice procedure, External Link: N/A, Description: N/A, Display Name: N/A, Display External Link: N/A | Name: Social security, External Link: https://www.gov.uk/tribunal/sscs, Description: Information about the Social Security and Child Support Tribunal, Display Name: Benefits, Display External Link: https://www.gov.uk/appeal-benefit-decision","Town: Birmingham, Postcode: B4 6QA, Address: Victoria Law Courts, Corporation Street, West Midlands, Type: Visit us, County: West Midlands, N/A, Description: N/A, EPIM ID: N/A"
"Bishop Auckland County Court",0.0,0.0,0,0,0,"bishop-auckland-county-court",,false,null,"No areas of law available","No address available"
"Bishop Auckland Magistrates' Court",0.0,0.0,0,0,0,"bishop-auckland-magistrates-court",,false,null,"No areas of law available","No address available"
"Blackburn Family Court",53.7498985145586,-2.48248161348282,0,130,0,blackburn-family-court,"Family Court",true,"702650 Blackburn 4","Name: Adoption, External Link: https://www.gov.uk/child-adoption, Description: Information about adopting a child, Display Name: N/A, Display External Link: https://www.gov.uk/child-adoption/applying-for-an-adoption-court-order | Name: Children, External Link: N/A, Description: N/A, Display Name: Childcare arrangements if you separate from your partner, Display External Link: https://www.gov.uk/looking-after-children-divorce | Name: Divorce, External Link: https://www.gov.uk/divorce, Description: Information about getting a divorce, Display Name: N/A, Display External Link: N/A | Name: Domestic violence, External Link: N/A, Description: N/A, Display Name: Domestic abuse, Display External Link: https://www.gov.uk/injunction-domestic-violence","Town: Blackburn, Postcode: BB1 6DJ, Address: 64 Victoria Street, Type: Visit or contact us, County: Lancashire, N/A, Description: N/A, EPIM ID: N/A"
"Blackburn Magistrates' Court",53.7498298148193,-2.48613548768845,0,0,1790,"blackburn-magistrates-court","Magistrates' Court",true,"742020 Blackburn 10","Name: Crime, External Link: N/A, Description: N/A, Display Name: N/A, Display External Link: N/A | Name: Single justice procedure, External Link: N/A, Description: N/A, Display Name: N/A, Display External Link: N/A","Town: Blackburn, Postcode: BB2 1AA, Address: The Court House, Northgate, Type: Visit or contact us, County: Lancashire, N/A, Description: N/A, EPIM ID: N/A"
"Blackburn SSCS",53.748499647786105,-2.4771732627479763,0,0,0,blackburn-sscs,,true,null,"No areas of law available","Town: Blackburn, Postcode: BB1 1HQ, Address: 2nd Floor, Soho Foundry, Cicely Lane, Type: Visit us, County: Lancashire, N/A, Description: N/A, EPIM ID: N/A"
"Blackfriars Crown Court",51.502556204542,-0.100647180520571,428,0,0,blackfriars-crown-court,"Crown Court",false,"400800 Lambeth 3","Name: Crime, External Link: N/A, Description: N/A, Display Name: N/A, Display External Link: N/A | Name: Single justice procedure, External Link: N/A, Description: N/A, Display Name: N/A, Display External Link: N/A","Town: London, Postcode: SE1 0BT, Address: 1-15 Pocock Street, Type: Visit us, County: Surrey, N/A, Description: N/A, EPIM ID: N/A"
"Blackpool Family and Civil Court",53.8117972484639,-3.05383632897584,0,131,0,"blackpool-family-and-civil-court","County Court | Family Court",true,"724900 Blackpool 10","Name: Bankruptcy, External Link: https://www.gov.uk/apply-for-bankruptcy, Description: Information about applying for bankruptcy, Display Name: N/A, Display External Link: https://www.gov.uk/bankruptcy | Name: Children, External Link: N/A, Description: N/A, Display Name: Childcare arrangements if you separate from your partner, Display External Link: https://www.gov.uk/looking-after-children-divorce | Name: Divorce, External Link: https://www.gov.uk/divorce, Description: Information about getting a divorce, Display Name: N/A, Display External Link: N/A | Name: Domestic violence, External Link: N/A, Description: N/A, Display Name: Domestic abuse, Display External Link: https://www.gov.uk/injunction-domestic-violence | Name: High Court District Registry, External Link: N/A, Description: N/A, Display Name: High Court cases – serious or high profile criminal or civil law cases, Display External Link: N/A | Name: Housing possession, External Link: https://www.gov.uk/evicting-tenants, Description: Information about evicting tenants, Display Name: Housing, Display External Link: N/A | Name: Money claims, External Link: https://www.gov.uk/make-court-claim-for-money, Description: Information about making a court claim for money, Display Name: N/A, Display External Link: N/A","Town: Blackpool, Postcode: FY1 1ET, Address: 2-8 Market Street, Type: Write to us, County: Lancashire, N/A, Description: N/A, EPIM ID: "
"Blackpool Magistrates' Court",53.8118075405438,-3.05383687326993,0,0,1790,"blackpool-magistrates-court","Magistrates' Court",true,null,"Name: Crime, External Link: N/A, Description: N/A, Display Name: N/A, Display External Link: N/A | Name: Single justice procedure, External Link: N/A, Description: N/A, Display Name: N/A, Display External Link: N/A","Town: Blackpool, Postcode: FY1 5DQ, Address: Civic Centre, Chapel Street, Type: Visit or contact us, County: Lancashire, N/A, Description: N/A, EPIM ID: N/A"
"Blackpool SSCS Tribunal",53.81822954690811,-3.055243279201482,0,0,0,blackpool-sscs-tribunal,,true,null,"No areas of law available","Town: Blackpool, Postcode: FY1 1ET, Address: 2-8 Market Street, Type: Visit us, County: Lancashire, N/A, Description: N/A, EPIM ID: N/A"
"Blackwood Civil and Family Court",51.6665301205626,-3.1929044449128,0,132,0,"blackwood-civil-and-family-court","County Court | Family Court",true,"99470 Blackwood 2","Name: Bankruptcy, External Link: https://www.gov.uk/apply-for-bankruptcy, Description: Information about applying for bankruptcy, Display Name: N/A, Display External Link: https://www.gov.uk/bankruptcy | Name: Children, External Link: N/A, Description: N/A, Display Name: Childcare arrangements if you separate from your partner, Display External Link: https://www.gov.uk/looking-after-children-divorce | Name: Domestic violence, External Link: N/A, Description: N/A, Display Name: Domestic abuse, Display External Link: https://www.gov.uk/injunction-domestic-violence | Name: High Court District Registry, External Link: N/A, Description: N/A, Display Name: High Court cases – serious or high profile criminal or civil law cases, Display External Link: N/A | Name: Housing possession, External Link: https://www.gov.uk/evicting-tenants, Description: Information about evicting tenants, Display Name: Housing, Display External Link: N/A | Name: Money claims, External Link: https://www.gov.uk/make-court-claim-for-money, Description: Information about making a court claim for money, Display Name: N/A, Display External Link: N/A","Town: Blackwood, Postcode: NP12 1NY, Address: 8 Hall Street, Type: Visit us, County: Monmouthshire, N/A, Description: N/A, EPIM ID: N/A"
"Blandford Forum Magistrates' Court",0.0,0.0,0,0,0,"blandford-forum-magistrates-court",,false,null,"No areas of law available","No address available"
"Blaydon Magistrates' Court",0.0,0.0,0,0,0,"blaydon-magistrates-court",,false,null,"No areas of law available","No address available"
"Bodmin Law Courts",50.469527131662,-4.70886472983346,0,136,1301,"bodmin-county-court-and-family-court","County Court | Family Court | Magistrates' Court",true,"136846 Bodmin 2","Name: Children, External Link: N/A, Description: N/A, Display Name: Childcare arrangements if you separate from your partner, Display External Link: https://www.gov.uk/looking-after-children-divorce | Name: Crime, External Link: N/A, Description: N/A, Display Name: N/A, Display External Link: N/A | Name: Divorce, External Link: https://www.gov.uk/divorce, Description: Information about getting a divorce, Display Name: N/A, Display External Link: N/A | Name: Domestic violence, External Link: N/A, Description: N/A, Display Name: Domestic abuse, Display External Link: https://www.gov.uk/injunction-domestic-violence | Name: Housing possession, External Link: https://www.gov.uk/evicting-tenants, Description: Information about evicting tenants, Display Name: Housing, Display External Link: N/A | Name: Money claims, External Link: https://www.gov.uk/make-court-claim-for-money, Description: Information about making a court claim for money, Display Name: N/A, Display External Link: N/A | Name: Single justice procedure, External Link: N/A, Description: N/A, Display Name: N/A, Display External Link: N/A","Town: Bodmin, Postcode: PL31 2AL, Address: The Law Courts, Launceston Road, Type: Visit us, County: Cornwall, N/A, Description: N/A, EPIM ID: N/A"
"Bodmin Probate Sub-Registry",50.469527131662,-4.70886472983346,0,0,0,"bodmin-probate-sub-registry",,false,"743940 Cardiff 38","Name: Probate, External Link: https://www.gov.uk/wills-probate-inheritance, Description: Information about wills and probate, Display Name: N/A, Display External Link: https://www.gov.uk/applying-for-probate","Town: Bodmin, Postcode: PL31 2AL, Address: Magistrates' Courts, Launceston Road, Type: Visit us, County: Cornwall, N/A, Description: N/A, EPIM ID: N/A | Town: Cardiff, Postcode: CF24 0RZ, Address: Probate Registry of Wales, 3rd Floor, Cardiff Magistrates' Court, Fitzalan Place, Type: Write to us, County: Cornwall, N/A, Description: N/A, EPIM ID: N/A"
"Bolton County Court and Family Court",53.5782030931882,-2.43368884769979,137,137,0,"bolton-county-court-and-family-court","County Court | Family Court",false,"702610 Bolton 3","Name: Adoption, External Link: https://www.gov.uk/child-adoption, Description: Information about adopting a child, Display Name: N/A, Display External Link: https://www.gov.uk/child-adoption/applying-for-an-adoption-court-order | Name: Bankruptcy, External Link: https://www.gov.uk/apply-for-bankruptcy, Description: Information about applying for bankruptcy, Display Name: N/A, Display External Link: https://www.gov.uk/bankruptcy | Name: Children, External Link: N/A, Description: N/A, Display Name: Childcare arrangements if you separate from your partner, Display External Link: https://www.gov.uk/looking-after-children-divorce | Name: Divorce, External Link: https://www.gov.uk/divorce, Description: Information about getting a divorce, Display Name: N/A, Display External Link: N/A | Name: Domestic violence, External Link: N/A, Description: N/A, Display Name: Domestic abuse, Display External Link: https://www.gov.uk/injunction-domestic-violence | Name: High Court District Registry, External Link: N/A, Description: N/A, Display Name: High Court cases – serious or high profile criminal or civil law cases, Display External Link: N/A | Name: Housing possession, External Link: https://www.gov.uk/evicting-tenants, Description: Information about evicting tenants, Display Name: Housing, Display External Link: N/A | Name: Money claims, External Link: https://www.gov.uk/make-court-claim-for-money, Description: Information about making a court claim for money, Display Name: N/A, Display External Link: N/A","Town: Bolton, Postcode: BL1 1SU, Address: The Law Courts, Blackhorse Street, Type: Visit us, County: Lancashire, N/A, Description: N/A, EPIM ID: N/A | Town: Bolton, Postcode: BL1 1SU, Address: Bolton County Court and Family Court Hearing Centre, The Law Courts, Blackhorse Street, Type: Write to us, County: Lancashire, N/A, Description: N/A, EPIM ID: N/A"
"Bolton Crown Court",53.5782030931882,-2.43368884769979,470,0,0,bolton-crown-court,"Crown Court",true,null,"Name: Crime, External Link: N/A, Description: N/A, Display Name: N/A, Display External Link: N/A | Name: Domestic Abuse Protection Order (DAPOs), External Link: https://www.gov.uk/guidance/domestic-abuse-protection-notices-dapns-and-domestic-abuse-protection-orders-dapos, Description: N/A, Display Name: N/A, Display External Link: N/A | Name: Single justice procedure, External Link: N/A, Description: N/A, Display Name: N/A, Display External Link: N/A","Town: Bolton, Postcode: BL1 1SU, Address: The Law Courts, Blackhorse Street, Type: Visit or contact us, County: Lancashire, N/A, Description: N/A, EPIM ID: N/A"
"Bolton Magistrates' Court",53.5782030931882,-2.43368884769979,0,0,1720,bolton-magistrates-court,"Magistrates' Court",true,null,"Name: Crime, External Link: N/A, Description: N/A, Display Name: N/A, Display External Link: N/A | Name: Domestic Abuse Protection Order (DAPOs), External Link: https://www.gov.uk/guidance/domestic-abuse-protection-notices-dapns-and-domestic-abuse-protection-orders-dapos, Description: N/A, Display Name: N/A, Display External Link: N/A | Name: Single justice procedure, External Link: N/A, Description: N/A, Display Name: N/A, Display External Link: N/A","Town: Bolton, Postcode: BL1 1SU, Address: The Law Courts, Blackhorse Street, Type: Visit us, County: Lancashire, N/A, Description: N/A, EPIM ID: N/A"
"Bolton Social Security and Child Support Tribunal",53.5829633839685,-2.42752966814805,0,0,0,"bolton-social-security-and-child-support-tribunal",Tribunal,true,null,"Name: Social security, External Link: https://www.gov.uk/tribunal/sscs, Description: Information about the Social Security and Child Support Tribunal, Display Name: Benefits, Display External Link: https://www.gov.uk/appeal-benefit-decision","Town: Bolton, Postcode: BL1 2HB, Address: Ground Floor, Bayley House, St Georges Square, Type: Visit us, County: Lancashire, N/A, Description: N/A, EPIM ID: N/A | Town: Liverpool, Postcode: L2 5UZ, Address: 36 Dale Street, Type: Write to us, County: Lancashire, N/A, Description: N/A, EPIM ID: N/A"
"Boston County Court and Family Court",52.9830404425603,-0.0249384230012411,0,138,0,"boston-county-court-and-family-court","County Court | Family Court",true,"703231 LINCOLN 6","Name: Bankruptcy, External Link: https://www.gov.uk/apply-for-bankruptcy, Description: Information about applying for bankruptcy, Display Name: N/A, Display External Link: https://www.gov.uk/bankruptcy | Name: Employment, External Link: https://www.gov.uk/courts-tribunals/employment-tribunal, Description: Information about the Employment Tribunal, Display Name: Claims against employers, Display External Link: https://www.gov.uk/employment-tribunals | Name: High Court District Registry, External Link: N/A, Description: N/A, Display Name: High Court cases – serious or high profile criminal or civil law cases, Display External Link: N/A | Name: Housing possession, External Link: https://www.gov.uk/evicting-tenants, Description: Information about evicting tenants, Display Name: Housing, Display External Link: N/A | Name: Money claims, External Link: https://www.gov.uk/make-court-claim-for-money, Description: Information about making a court claim for money, Display Name: N/A, Display External Link: N/A","Town: Boston, Postcode: PE21 6PE, Address: 55 Norfolk Street, Type: Visit us, County: Lincolnshire, N/A, Description: N/A, EPIM ID: N/A | Town: Lincoln, Postcode: LN5 7PS, Address: Lincoln County Court, 360 High Street, Type: Write to us, County: Lincolnshire, N/A, Description: N/A, EPIM ID: N/A"
"Boston Magistrates' Court",52.9830404425603,-0.0249384230012411,0,0,2073,boston-magistrates-court,"Magistrates' Court",true,"DX  703232 LINCOLN 6","Name: Crime, External Link: N/A, Description: N/A, Display Name: N/A, Display External Link: N/A | Name: Housing possession, External Link: https://www.gov.uk/evicting-tenants, Description: Information about evicting tenants, Display Name: Housing, Display External Link: N/A | Name: Single justice procedure, External Link: N/A, Description: N/A, Display Name: N/A, Display External Link: N/A","Town: Boston, Postcode: PE21 6PE, Address: Boston Court House, 55 Norfolk Street, Type: Visit us, County: Lincolnshire, N/A, Description: N/A, EPIM ID: N/A | Town: Lincoln, Postcode: LN5 7QA, Address: The Court House, 358 High Street, Type: Write to us, County: Lincolnshire, N/A, Description: N/A, EPIM ID: N/A"
Bournemouth,50.469527131662,-4.70886472983346,0,0,1301,bodmin-magistrates-court,"Magistrates' Court",false,"136846 Bodmin 2","Name: Crime, External Link: N/A, Description: N/A, Display Name: N/A, Display External Link: N/A | Name: Single justice procedure, External Link: N/A, Description: N/A, Display Name: N/A, Display External Link: N/A","Town: Bodmin, Postcode: PL31 2AL, Address: Launceston Road, Type: Visit us, County: Cornwall, N/A, Description: N/A, EPIM ID: N/A"
"Bournemouth Combined Court",50.747942733163114,-1.8162655408854127,406,139,0,"bournemouth-and-poole-county-court-and-family-court","County Court | Crown Court | Family Court",true,"98420 Bournemouth 4","Name: Adoption, External Link: https://www.gov.uk/child-adoption, Description: Information about adopting a child, Display Name: N/A, Display External Link: https://www.gov.uk/child-adoption/applying-for-an-adoption-court-order | Name: Bankruptcy, External Link: https://www.gov.uk/apply-for-bankruptcy, Description: Information about applying for bankruptcy, Display Name: N/A, Display External Link: https://www.gov.uk/bankruptcy | Name: Children, External Link: N/A, Description: N/A, Display Name: Childcare arrangements if you separate from your partner, Display External Link: https://www.gov.uk/looking-after-children-divorce | Name: Crime, External Link: N/A, Description: N/A, Display Name: N/A, Display External Link: N/A | Name: Divorce, External Link: https://www.gov.uk/divorce, Description: Information about getting a divorce, Display Name: N/A, Display External Link: N/A | Name: Domestic violence, External Link: N/A, Description: N/A, Display Name: Domestic abuse, Display External Link: https://www.gov.uk/injunction-domestic-violence | Name: Financial Remedy, External Link: https://www.gov.uk/money-property-when-relationship-ends, Description: N/A, Display Name: If you are making an application to settle your finances following a divorce (Financial Remedy), please refer to the guidance found here, Display External Link: N/A | Name: High Court District Registry, External Link: N/A, Description: N/A, Display Name: High Court cases – serious or high profile criminal or civil law cases, Display External Link: N/A | Name: Housing possession, External Link: https://www.gov.uk/evicting-tenants, Description: Information about evicting tenants, Display Name: Housing, Display External Link: N/A | Name: Money claims, External Link: https://www.gov.uk/make-court-claim-for-money, Description: Information about making a court claim for money, Display Name: N/A, Display External Link: N/A | Name: Single justice procedure, External Link: N/A, Description: N/A, Display Name: N/A, Display External Link: N/A | Name: Social security, External Link: https://www.gov.uk/tribunal/sscs, Description: Information about the Social Security and Child Support Tribunal, Display Name: Benefits, Display External Link: https://www.gov.uk/appeal-benefit-decision","Town: Bournemouth, Postcode: BH7 7DS, Address: Courts of Justice, Deansleigh Road, Type: Visit or contact us, County: Dorset, N/A, Description: N/A, EPIM ID: N/A"
"Bournemouth Crown Court",50.7479427381491,-1.81626558059361,406,0,0,bournemouth-crown-court,"Crown Court",true,"98420 Bournemouth 4","Name: Crime, External Link: N/A, Description: N/A, Display Name: N/A, Display External Link: N/A | Name: Single justice procedure, External Link: N/A, Description: N/A, Display Name: N/A, Display External Link: N/A","Town: Bournemouth, Postcode: BH7 7DS, Address: Courts of Justice, Deansleigh Road, Type: Visit us, County: Dorset, N/A, Description: N/A, EPIM ID: N/A"
"Bournemouth Magistrates' Court",50.72311298638961,-1.868878252133823,1530,0,0,"bournemouth-magistrates-court","Magistrates' Court",false,"157500 Bournemouth 24","Name: Crime, External Link: N/A, Description: N/A, Display Name: N/A, Display External Link: N/A | Name: Single justice procedure, External Link: N/A, Description: N/A, Display Name: N/A, Display External Link: N/A","Town: Bournemouth, Postcode: BH1 1JH, Address: The Law Courts, Stafford Road, Type: Visit us, County: Dorset, N/A, Description: N/A, EPIM ID: N/A"
"Bow County Court and Family Court",0.0,0.0,140,140,0,"bow-county-court-and-family-court",,false,null,"No areas of law available","No address available"
"Bradford and Keighley Magistrates' Court and Family Court",53.7917675158043,-1.75417575656289,0,0,2354,"bradford-and-keighley-magistrates-court-and-family-court","Family Court | Magistrates' Court",true,"743850 Bradford 25","Name: Children, External Link: N/A, Description: N/A, Display Name: Childcare arrangements if you separate from your partner, Display External Link: https://www.gov.uk/looking-after-children-divorce | Name: Crime, External Link: N/A, Description: N/A, Display Name: N/A, Display External Link: N/A | Name: Single justice procedure, External Link: N/A, Description: N/A, Display Name: N/A, Display External Link: N/A","Town: Bradford, Postcode: BD1 1LA, Address: The Tyrls, Type: Visit us, County: West Yorkshire, N/A, Description: N/A, EPIM ID: N/A"
"Bradford Combined Court Centre",53.792574161691,-1.74935909551325,402,141,0,"bradford-combined-court-centre","County Court | Crown Court | Family Court",true,"702083 Bradford 2","Name: Bankruptcy, External Link: https://www.gov.uk/apply-for-bankruptcy, Description: Information about applying for bankruptcy, Display Name: N/A, Display External Link: https://www.gov.uk/bankruptcy | Name: Children, External Link: N/A, Description: N/A, Display Name: Childcare arrangements if you separate from your partner, Display External Link: https://www.gov.uk/looking-after-children-divorce | Name: Crime, External Link: N/A, Description: N/A, Display Name: N/A, Display External Link: N/A | Name: Divorce, External Link: https://www.gov.uk/divorce, Description: Information about getting a divorce, Display Name: N/A, Display External Link: N/A | Name: Domestic violence, External Link: N/A, Description: N/A, Display Name: Domestic abuse, Display External Link: https://www.gov.uk/injunction-domestic-violence | Name: FGM, External Link: https://www.gov.uk/government/collections/female-genital-mutilation, Description: N/A, Display Name: Female Genital Mutilation, Display External Link: N/A | Name: Forced marriage, External Link: https://www.gov.uk/apply-forced-marriage-protection-order, Description: Information about forced marriage protection orders, Display Name: N/A, Display External Link: N/A | Name: High Court, External Link: N/A, Description: N/A, Display Name: N/A, Display External Link: N/A | Name: Housing possession, External Link: https://www.gov.uk/evicting-tenants, Description: Information about evicting tenants, Display Name: Housing, Display External Link: N/A | Name: Money claims, External Link: https://www.gov.uk/make-court-claim-for-money, Description: Information about making a court claim for money, Display Name: N/A, Display External Link: N/A | Name: Single justice procedure, External Link: N/A, Description: N/A, Display Name: N/A, Display External Link: N/A","Town: Bradford, Postcode: BD1 1JA, Address: Exchange Square, Drake Street, Type: Visit us, County: West Yorkshire, N/A, Description: N/A, EPIM ID: N/A"
"Bradford Tribunal Hearing Centre",53.8010182821319,-1.71130594361633,0,0,0,"bradford-tribunal-hearing-centre",Tribunal,true,null,"Name: Immigration, External Link: https://www.gov.uk/tribunal/iac, Description: Information about the Immigration and Asylum Tribunal, Display Name: Immigration and asylum, Display External Link: https://www.gov.uk/immigration-asylum-tribunal | Name: Social security, External Link: https://www.gov.uk/tribunal/sscs, Description: Information about the Social Security and Child Support Tribunal, Display Name: Benefits, Display External Link: https://www.gov.uk/appeal-benefit-decision","Town: Bradford, Postcode: BD3 7BH, Address: Phoenix House, Rushton Avenue, Thornbury, Type: Visit us, County: West Yorkshire, N/A, Description: N/A, EPIM ID: N/A"
"Brecon Law Courts",0.0,0.0,143,143,0,brecon-law-courts,,false,null,"No areas of law available","No address available"
"Brentford County and Family Court",51.4842854771257,-0.304356146396884,0,144,0,"brentford-county-and-family-court","County Court | Family Court",true,"DX 97840 Brentford 2","Name: Children, External Link: N/A, Description: N/A, Display Name: Childcare arrangements if you separate from your partner, Display External Link: https://www.gov.uk/looking-after-children-divorce | Name: Divorce, External Link: https://www.gov.uk/divorce, Description: Information about getting a divorce, Display Name: N/A, Display External Link: N/A | Name: Domestic violence, External Link: N/A, Description: N/A, Display Name: Domestic abuse, Display External Link: https://www.gov.uk/injunction-domestic-violence | Name: Housing possession, External Link: https://www.gov.uk/evicting-tenants, Description: Information about evicting tenants, Display Name: Housing, Display External Link: N/A | Name: Money claims, External Link: https://www.gov.uk/make-court-claim-for-money, Description: Information about making a court claim for money, Display Name: N/A, Display External Link: N/A","Town: Brentford, Postcode: TW8 0JJ, Address: Alexandra Road, High Street, Type: Visit or contact us, County: Greater London, N/A, Description: N/A, EPIM ID: N/A"
"Brentford Magistrates' Court",0.0,0.0,0,0,0,"brentford-magistrates-court",,false,null,"No areas of law available","No address available"
"Bridgend County Court and Family Court",51.5042548656082,-3.58271767667046,146,146,0,bridgend-law-courts,,false,null,"No areas of law available","No address available"
"Bridgend Magistrates' Court",0.0,0.0,3266,0,0,"bridgend-magistrates-court",,false,null,"No areas of law available","No address available"
"Bridgwater Magistrates' Court",0.0,0.0,0,0,0,"bridgwater-magistrates-court",,false,null,"No areas of law available","No address available"
"Bridlington Magistrates' Court and Hearing Centre",54.0851943707037,-0.200187860447572,0,0,1941,"bridlington-magistrates-court-and-hearing-centre","Magistrates' Court",true,"742200 Beverley 5 ","Name: Children, External Link: N/A, Description: N/A, Display Name: Childcare arrangements if you separate from your partner, Display External Link: https://www.gov.uk/looking-after-children-divorce | Name: Crime, External Link: N/A, Description: N/A, Display Name: N/A, Display External Link: N/A | Name: Single justice procedure, External Link: N/A, Description: N/A, Display Name: N/A, Display External Link: N/A","Town: Bridlington, Postcode: YO16 4EJ, Address: The Court House, Quay Road, Type: Visit us, County: West Yorkshire, N/A, Description: N/A, EPIM ID: N/A | Town: Beverley, Postcode: HU7 9EJ, Address: Beverley Magistrates' Court , Champney Road, Beverley, East Yorkshire, Type: Write to us, County: West Yorkshire, N/A, Description: N/A, EPIM ID: N/A"
"Brighton County Court",50.8230157559865,-0.135228265919874,0,150,0,brighton-county-court,"County Court | Family Court",true,"98070 Brighton 3","Name: Adoption, External Link: https://www.gov.uk/child-adoption, Description: Information about adopting a child, Display Name: N/A, Display External Link: https://www.gov.uk/child-adoption/applying-for-an-adoption-court-order | Name: Bankruptcy, External Link: https://www.gov.uk/apply-for-bankruptcy, Description: Information about applying for bankruptcy, Display Name: N/A, Display External Link: https://www.gov.uk/bankruptcy | Name: Children, External Link: N/A, Description: N/A, Display Name: Childcare arrangements if you separate from your partner, Display External Link: https://www.gov.uk/looking-after-children-divorce | Name: Divorce, External Link: https://www.gov.uk/divorce, Description: Information about getting a divorce, Display Name: N/A, Display External Link: N/A | Name: Domestic violence, External Link: N/A, Description: N/A, Display Name: Domestic abuse, Display External Link: https://www.gov.uk/injunction-domestic-violence | Name: High Court District Registry, External Link: N/A, Description: N/A, Display Name: High Court cases – serious or high profile criminal or civil law cases, Display External Link: N/A | Name: Housing possession, External Link: https://www.gov.uk/evicting-tenants, Description: Information about evicting tenants, Display Name: Housing, Display External Link: N/A | Name: Money claims, External Link: https://www.gov.uk/make-court-claim-for-money, Description: Information about making a court claim for money, Display Name: N/A, Display External Link: N/A","Town: Brighton, Postcode: BN2 0RF, Address: William Street, Type: Visit us, County: West Yorkshire, N/A, Description: N/A, EPIM ID: N/A"
"Brighton District Probate Registry",50.8230162468914,-0.135227739093886,0,0,0,"brighton-district-probate-registry",,true,"98073 Brighton 3","Name: Probate, External Link: https://www.gov.uk/wills-probate-inheritance, Description: Information about wills and probate, Display Name: N/A, Display External Link: https://www.gov.uk/applying-for-probate","Town: Brighton, Postcode: BN2 0RF, Address: William Street, Type: Visit us, County: East Sussex, N/A, Description: N/A, EPIM ID: N/A"
"Brighton-Hearing Centre",50.82298320689868,-0.1354425375860128,0,150,0,brighton-hearing-centre,"County Court | Family Court",true,"98070 Brighton 3","Name: Adoption, External Link: https://www.gov.uk/child-adoption, Description: Information about adopting a child, Display Name: N/A, Display External Link: https://www.gov.uk/child-adoption/applying-for-an-adoption-court-order | Name: Bankruptcy, External Link: https://www.gov.uk/apply-for-bankruptcy, Description: Information about applying for bankruptcy, Display Name: N/A, Display External Link: https://www.gov.uk/bankruptcy | Name: Children, External Link: N/A, Description: N/A, Display Name: Childcare arrangements if you separate from your partner, Display External Link: https://www.gov.uk/looking-after-children-divorce | Name: Divorce, External Link: https://www.gov.uk/divorce, Description: Information about getting a divorce, Display Name: N/A, Display External Link: N/A | Name: Domestic violence, External Link: N/A, Description: N/A, Display Name: Domestic abuse, Display External Link: https://www.gov.uk/injunction-domestic-violence | Name: FGM, External Link: https://www.gov.uk/government/collections/female-genital-mutilation, Description: N/A, Display Name: Female Genital Mutilation, Display External Link: N/A | Name: Forced marriage, External Link: https://www.gov.uk/apply-forced-marriage-protection-order, Description: Information about forced marriage protection orders, Display Name: N/A, Display External Link: N/A | Name: Housing possession, External Link: https://www.gov.uk/evicting-tenants, Description: Information about evicting tenants, Display Name: Housing, Display External Link: N/A | Name: Money claims, External Link: https://www.gov.uk/make-court-claim-for-money, Description: Information about making a court claim for money, Display Name: N/A, Display External Link: N/A","Town: Brighton, Postcode: BN2 0JD, Address: 1 Edward Street, Type: Visit us, County: East Sussex, N/A, Description: N/A, EPIM ID: N/A | Town: Brighton, Postcode: BN2 0RF, Address: Brighton County Court, William Street, Type: Write to us, County: East Sussex, N/A, Description: N/A, EPIM ID: N/A"
"Brighton Magistrates' Court",50.8232257034522,-0.134297005465908,0,0,2950,"brighton-magistrates-court","Magistrates' Court",true,"153460 Brighton 17","Name: Crime, External Link: N/A, Description: N/A, Display Name: N/A, Display External Link: N/A | Name: Single justice procedure, External Link: N/A, Description: N/A, Display Name: N/A, Display External Link: N/A","Town: Brighton, Postcode: BN2 0LG, Address: The Law Courts, Edward Street, Type: Visit or contact us, County: East Sussex, N/A, Description: N/A, EPIM ID: N/A"
"Brighton Tribunal Hearing Centre",50.83297169547758,-0.14992750780702238,0,0,0,"brighton-tribunal-hearing-centre",Tribunal,true,null,"Name: Social security, External Link: https://www.gov.uk/tribunal/sscs, Description: Information about the Social Security and Child Support Tribunal, Display Name: Benefits, Display External Link: https://www.gov.uk/appeal-benefit-decision","Town: Brighton, Postcode: BN3 1TL, Address: City Gate House, 185 Dyke Road, Type: Visit us, County: East Sussex, N/A, Description: N/A, EPIM ID: N/A | Town: Harlow, Postcode: CM20 9QF, Address: HMCTS Benefit Appeals, PO Box 12626, Type: Write to us, County: Essex, Areas of Law: Social security, Description: N/A, EPIM ID: N/A"
"Bristol Civil and Family Justice Centre",51.4524231468012,-2.59050981943807,0,151,0,"bristol-civil-and-family-justice-centre","County Court | Family Court",true,"95903 Bristol 3","Name: Adoption, External Link: https://www.gov.uk/child-adoption, Description: Information about adopting a child, Display Name: N/A, Display External Link: https://www.gov.uk/child-adoption/applying-for-an-adoption-court-order | Name: Bankruptcy, External Link: https://www.gov.uk/apply-for-bankruptcy, Description: Information about applying for bankruptcy, Display Name: N/A, Display External Link: https://www.gov.uk/bankruptcy | Name: Children, External Link: N/A, Description: N/A, Display Name: Childcare arrangements if you separate from your partner, Display External Link: https://www.gov.uk/looking-after-children-divorce | Name: Divorce, External Link: https://www.gov.uk/divorce, Description: Information about getting a divorce, Display Name: N/A, Display External Link: N/A | Name: Domestic violence, External Link: N/A, Description: N/A, Display Name: Domestic abuse, Display External Link: https://www.gov.uk/injunction-domestic-violence | Name: Employment, External Link: https://www.gov.uk/courts-tribunals/employment-tribunal, Description: Information about the Employment Tribunal, Display Name: Claims against employers, Display External Link: https://www.gov.uk/employment-tribunals | Name: FGM, External Link: https://www.gov.uk/government/collections/female-genital-mutilation, Description: N/A, Display Name: Female Genital Mutilation, Display External Link: N/A | Name: Financial Remedy, External Link: https://www.gov.uk/money-property-when-relationship-ends, Description: N/A, Display Name: If you are making an application to settle your finances following a divorce (Financial Remedy), please refer to the guidance found here, Display External Link: N/A | Name: Forced marriage, External Link: https://www.gov.uk/apply-forced-marriage-protection-order, Description: Information about forced marriage protection orders, Display Name: N/A, Display External Link: N/A | Name: High Court District Registry, External Link: N/A, Description: N/A, Display Name: High Court cases – serious or high profile criminal or civil law cases, Display External Link: N/A | Name: Housing possession, External Link: https://www.gov.uk/evicting-tenants, Description: Information about evicting tenants, Display Name: Housing, Display External Link: N/A | Name: Money claims, External Link: https://www.gov.uk/make-court-claim-for-money, Description: Information about making a court claim for money, Display Name: N/A, Display External Link: N/A | Name: Social security, External Link: https://www.gov.uk/tribunal/sscs, Description: Information about the Social Security and Child Support Tribunal, Display Name: Benefits, Display External Link: https://www.gov.uk/appeal-benefit-decision","Town: Bristol, Postcode: BS1 6GR, Address: 2 Redcliff Street, Type: Visit us, County: Somerset, N/A, Description: N/A, EPIM ID: N/A"
"Bristol Crown Court",51.4547922040051,-2.59500194780671,408,0,0,bristol-crown-court,"Crown Court",true,"78128 Bristol","Name: Crime, External Link: N/A, Description: N/A, Display Name: N/A, Display External Link: N/A | Name: Single justice procedure, External Link: N/A, Description: N/A, Display Name: N/A, Display External Link: N/A","Town: Bristol, Postcode: BS1 1DA, Address: The Law Courts, Small Street, Type: Visit us, County: Bristol, N/A, Description: N/A, EPIM ID: N/A"
"Bristol District Probate Registry",51.482104588153256,-3.166483121946167,0,0,0,"bristol-district-probate-registry",,false,"743940 Cardiff 38","Name: Probate, External Link: https://www.gov.uk/wills-probate-inheritance, Description: Information about wills and probate, Display Name: N/A, Display External Link: https://www.gov.uk/applying-for-probate","Town: Cardiff, Postcode: CF24 0RZ, Address: The Probate Registry of Wales, 3rd Floor, Cardiff Magistrates' Court, Fitzalan Place, Type: Write to us, County: Cardiff, N/A, Description: N/A, EPIM ID: N/A"
"Bristol Magistrates' Court and Tribunals Hearing Centre",51.45947790131845,-2.593018972442704,0,0,1450,"bristol-magistrates-court-and-tribunals-hearing-centre","Magistrates' Court | Tribunal",true,"78126 Bristol","Name: Crime, External Link: N/A, Description: N/A, Display Name: N/A, Display External Link: N/A | Name: Single justice procedure, External Link: N/A, Description: N/A, Display Name: N/A, Display External Link: N/A | Name: Social security, External Link: https://www.gov.uk/tribunal/sscs, Description: Information about the Social Security and Child Support Tribunal, Display Name: Benefits, Display External Link: https://www.gov.uk/appeal-benefit-decision","Town: Bristol, Postcode: BS1 3NU, Address: Marlborough Street, Type: Visit or contact us, County: Bristol, N/A, Description: N/A, EPIM ID: N/A"
"Bristol Social Security and Child Support Tribunal",51.4555735639679,-2.59162991135963,0,0,0,"bristol-social-security-and-child-support-tribunal",Tribunal,false,null,"Name: Social security, External Link: https://www.gov.uk/tribunal/sscs, Description: Information about the Social Security and Child Support Tribunal, Display Name: Benefits, Display External Link: https://www.gov.uk/appeal-benefit-decision","Town: Bristol, Postcode: BS1 2BD, Address: Vintry House, 3rd Floor, Wine Street, Type: Visit us, County: Bristol, N/A, Description: N/A, EPIM ID: N/A | Town: Cardiff, Postcode: CF24 0AB, Address: Eastgate House, Newport Road, Type: Write to us, County: Bristol, N/A, Description: N/A, EPIM ID: N/A"
"Bromley County Court and Family Court",51.4088011577112,0.0134186853266117,0,152,0,"bromley-county-court-and-family-court","County Court | Family Court",true,"98080 Bromley 2","Name: Adoption, External Link: https://www.gov.uk/child-adoption, Description: Information about adopting a child, Display Name: N/A, Display External Link: https://www.gov.uk/child-adoption/applying-for-an-adoption-court-order | Name: Children, External Link: N/A, Description: N/A, Display Name: Childcare arrangements if you separate from your partner, Display External Link: https://www.gov.uk/looking-after-children-divorce | Name: Divorce, External Link: https://www.gov.uk/divorce, Description: Information about getting a divorce, Display Name: N/A, Display External Link: N/A | Name: Domestic Abuse Protection Order (DAPOs), External Link: https://www.gov.uk/guidance/domestic-abuse-protection-notices-dapns-and-domestic-abuse-protection-orders-dapos, Description: N/A, Display Name: N/A, Display External Link: N/A | Name: Domestic violence, External Link: N/A, Description: N/A, Display Name: Domestic abuse, Display External Link: https://www.gov.uk/injunction-domestic-violence | Name: Housing possession, External Link: https://www.gov.uk/evicting-tenants, Description: Information about evicting tenants, Display Name: Housing, Display External Link: N/A | Name: Money claims, External Link: https://www.gov.uk/make-court-claim-for-money, Description: Information about making a court claim for money, Display Name: N/A, Display External Link: N/A","Town: Bromley, Postcode: BR1 3PX, Address: Court House, College Road, Type: Visit or contact us, County: Kent, N/A, Description: N/A, EPIM ID: N/A"
"Bromley Magistrates' Court",51.4077191048802,0.0109698420433371,0,0,2575,"bromley-magistrates-court","Magistrates' Court",true,"156800 Bromley 10","Name: Crime, External Link: N/A, Description: N/A, Display Name: N/A, Display External Link: N/A | Name: Domestic Abuse Protection Order (DAPOs), External Link: https://www.gov.uk/guidance/domestic-abuse-protection-notices-dapns-and-domestic-abuse-protection-orders-dapos, Description: N/A, Display Name: N/A, Display External Link: N/A | Name: Single justice procedure, External Link: N/A, Description: N/A, Display Name: N/A, Display External Link: N/A","Town: Bromley, Postcode: BR1 1RA, Address: The Court House, 1 London Road, Type: Visit us, County: Kent, N/A, Description: N/A, EPIM ID: N/A"
"Burnley Combined Court Centre",53.7877267937778,-2.24715329347563,409,154,0,"burnley-combined-court-centre","County Court | Crown Court",true,"724940 Burnley 4","Name: Bankruptcy, External Link: https://www.gov.uk/apply-for-bankruptcy, Description: Information about applying for bankruptcy, Display Name: N/A, Display External Link: https://www.gov.uk/bankruptcy | Name: Crime, External Link: N/A, Description: N/A, Display Name: N/A, Display External Link: N/A | Name: High Court District Registry, External Link: N/A, Description: N/A, Display Name: High Court cases – serious or high profile criminal or civil law cases, Display External Link: N/A | Name: Housing possession, External Link: https://www.gov.uk/evicting-tenants, Description: Information about evicting tenants, Display Name: Housing, Display External Link: N/A | Name: Money claims, External Link: https://www.gov.uk/make-court-claim-for-money, Description: Information about making a court claim for money, Display Name: N/A, Display External Link: N/A | Name: Single justice procedure, External Link: N/A, Description: N/A, Display Name: N/A, Display External Link: N/A","Town: Burnley, Postcode: BB11 1XD, Address: The Law Courts, Hammerton Street, Type: Visit or contact us, County: Lancashire, N/A, Description: N/A, EPIM ID: N/A"
"Burnley Magistrates' Court",53.787071949804215,-2.2421255633366846,0,0,1790,"burnley-magistrates-court","Magistrates' Court",true,"742020 Blackburn 10","Name: Crime, External Link: N/A, Description: N/A, Display Name: N/A, Display External Link: N/A | Name: Single justice procedure, External Link: N/A, Description: N/A, Display Name: N/A, Display External Link: N/A","Town: Burnley, Postcode: BB11 2BT, Address: The Courthouse, Parker Lane, Type: Visit us, County: , N/A, Description: N/A, EPIM ID: N/A | Town: Blackburn, Postcode: BB2 1AA, Address: The Courthouse, Northgate, Type: Write to us, County: , N/A, Description: N/A, EPIM ID: N/A"
"Burnley SSCS",53.78888392735812,-2.243896670055106,0,0,0,burnley-sscs,,true,null,"No areas of law available","Town: Burnley, Postcode: BB11 1DR, Address: 1st Floor, St James House, St James Row, Type: Visit us, County: Lancashire, N/A, Description: N/A, EPIM ID: N/A"
"Burton-upon-Trent Magistrates' Court",52.807726,-1.630949,2780,0,0,"burton-upon-trent-magistrates-court","Magistrates' Court",false,null,"Name: Crime, External Link: N/A, Description: N/A, Display Name: N/A, Display External Link: N/A | Name: Single justice procedure, External Link: N/A, Description: N/A, Display Name: N/A, Display External Link: N/A","Town: Stafford, Postcode: ST16 3DW, Address: Southern Courts and Administration Centre, South Walls, Type: Write to us, County: Staffordshire, N/A, Description: N/A, EPIM ID: N/A"
"Bury and Rochdale Magistrates' Court",53.5930347657787,-2.30543531088972,1720,0,0,"bury-and-rochdale-magistrates-court","Magistrates' Court",false,"702615 Bury 2","Name: Crime, External Link: N/A, Description: N/A, Display Name: N/A, Display External Link: N/A | Name: Single justice procedure, External Link: N/A, Description: N/A, Display Name: N/A, Display External Link: N/A","Town: Bury, Postcode: BL9 0HX, Address: The Courthouse, Tenters Street, Type: Visit us, County: Lancashire, N/A, Description: N/A, EPIM ID: N/A"
"Bury County Court",53.5930347657787,-2.30543531088972,156,156,0,bury-county-court,"County Court",false,"702615 Bury 2","Name: Bankruptcy, External Link: https://www.gov.uk/apply-for-bankruptcy, Description: Information about applying for bankruptcy, Display Name: N/A, Display External Link: https://www.gov.uk/bankruptcy | Name: Divorce, External Link: https://www.gov.uk/divorce, Description: Information about getting a divorce, Display Name: N/A, Display External Link: N/A | Name: Domestic violence, External Link: N/A, Description: N/A, Display Name: Domestic abuse, Display External Link: https://www.gov.uk/injunction-domestic-violence | Name: Housing possession, External Link: https://www.gov.uk/evicting-tenants, Description: Information about evicting tenants, Display Name: Housing, Display External Link: N/A | Name: Money claims, External Link: https://www.gov.uk/make-court-claim-for-money, Description: Information about making a court claim for money, Display Name: N/A, Display External Link: N/A | Name: Social security, External Link: https://www.gov.uk/tribunal/sscs, Description: Information about the Social Security and Child Support Tribunal, Display Name: Benefits, Display External Link: https://www.gov.uk/appeal-benefit-decision","Town: Bury, Postcode: BL9 0HX, Address: Tenters Street, Type: Visit us, County: Greater Manchester, N/A, Description: N/A, EPIM ID: N/A | Town: Bury, Postcode: BL9 0HX, Address: Bury County Court, Tenters Street, Type: Write to us, County: Greater Manchester, N/A, Description: N/A, EPIM ID: N/A"
"Bury St Edmunds County Court and Family Court",52.24858056840075,0.7110124999313933,0,157,0,"bury-st-edmunds-county-court-and-family-court","County Court | Family Court",true,"97641 Bury St Edmunds 3","Name: Adoption, External Link: https://www.gov.uk/child-adoption, Description: Information about adopting a child, Display Name: N/A, Display External Link: https://www.gov.uk/child-adoption/applying-for-an-adoption-court-order | Name: Bankruptcy, External Link: https://www.gov.uk/apply-for-bankruptcy, Description: Information about applying for bankruptcy, Display Name: N/A, Display External Link: https://www.gov.uk/bankruptcy | Name: Children, External Link: N/A, Description: N/A, Display Name: Childcare arrangements if you separate from your partner, Display External Link: https://www.gov.uk/looking-after-children-divorce | Name: Divorce, External Link: https://www.gov.uk/divorce, Description: Information about getting a divorce, Display Name: N/A, Display External Link: N/A | Name: Domestic violence, External Link: N/A, Description: N/A, Display Name: Domestic abuse, Display External Link: https://www.gov.uk/injunction-domestic-violence | Name: Employment, External Link: https://www.gov.uk/courts-tribunals/employment-tribunal, Description: Information about the Employment Tribunal, Display Name: Claims against employers, Display External Link: https://www.gov.uk/employment-tribunals | Name: High Court District Registry, External Link: N/A, Description: N/A, Display Name: High Court cases – serious or high profile criminal or civil law cases, Display External Link: N/A | Name: Housing possession, External Link: https://www.gov.uk/evicting-tenants, Description: Information about evicting tenants, Display Name: Housing, Display External Link: N/A | Name: Money claims, External Link: https://www.gov.uk/make-court-claim-for-money, Description: Information about making a court claim for money, Display Name: N/A, Display External Link: N/A","Town: Bury St. Edmunds, Postcode: IP33 1TR, Address: Triton House, St Andrew's Street North, Type: Visit us, County: Suffolk, N/A, Description: N/A, EPIM ID:  | Town: Norwich, Postcode: NR3 1UR, Address: Civil enquiries:, Norwich Combined Court, The Law Courts, Bishop Gate, Type: Write to us, County: Suffolk, N/A, Description: N/A, EPIM ID: N/A | Town: Chelmsford, Postcode: CM2 0PP, Address: Family enquiries:, Chelmsford Justice Centre, Priory Place, New London Road, Type: Write to us, County: Essex, N/A, Description: N/A, EPIM ID: N/A"
"Bury St Edmunds Crown Court",52.24250246577958,0.7195633365828391,754,0,0,"bury-st-edmunds-crown-court","Crown Court",false,null,"Name: Crime, External Link: N/A, Description: N/A, Display Name: N/A, Display External Link: N/A | Name: Single justice procedure, External Link: N/A, Description: N/A, Display Name: N/A, Display External Link: N/A","Town: Bury St Edmunds, Postcode: IP33 1HF, Address: Shire Hall, Type: Visit us, County: Suffolk, N/A, Description: N/A, EPIM ID: N/A"
"Bury St. Edmunds Magistrates' Court",0.0,0.0,0,0,0,"bury-st-edmunds-magistrates-court",,false,null,"No areas of law available","No address available"
"Bury St Edmunds Regional Divorce Centre",52.248580575678,0.7110124566458097,0,0,0,"bury-st-edmunds-regional-divorce-centre","Family Court",true,"97640 Bury St Edmunds 3","Name: Civil partnership, External Link: https://www.gov.uk/end-civil-partnership, Description: Information about ending a civil partnership, Display Name: N/A, Display External Link: N/A | Name: Divorce, External Link: https://www.gov.uk/divorce, Description: Information about getting a divorce, Display Name: N/A, Display External Link: N/A | Name: Financial Remedy, External Link: https://www.gov.uk/money-property-when-relationship-ends, Description: N/A, Display Name: If you are making an application to settle your finances following a divorce (Financial Remedy), please refer to the guidance found here, Display External Link: N/A","Town: Bury St Edmunds, Postcode: IP33 1TR, Address: 2nd Floor, Triton House, St Andrews Str North, Type: Write to us, County: Lancashire, N/A, Description: N/A, EPIM ID: N/A"
"Buxton County Court",53.25679285511808,-1.913081160818163,158,158,0,buxton-county-court,"County Court",false,"724060 Derby 21","Name: Housing possession, External Link: https://www.gov.uk/evicting-tenants, Description: Information about evicting tenants, Display Name: Housing, Display External Link: N/A | Name: Money claims, External Link: https://www.gov.uk/make-court-claim-for-money, Description: Information about making a court claim for money, Display Name: N/A, Display External Link: N/A","Town: Derby, Postcode: DE1 2XE, Address: Morledge, Type: Write to us, County: Derbyshire, N/A, Description: N/A, EPIM ID: N/A"
"Caernarfon Justice Centre",53.1407219436,-4.26406625825,755,159,3240,"caernarfon-justice-centre","County Court | Crown Court | Family Court | Magistrates' Court",true,"744382 Caernarfon 6","Name: Adoption, External Link: https://www.gov.uk/child-adoption, Description: Information about adopting a child, Display Name: N/A, Display External Link: https://www.gov.uk/child-adoption/applying-for-an-adoption-court-order | Name: Bankruptcy, External Link: https://www.gov.uk/apply-for-bankruptcy, Description: Information about applying for bankruptcy, Display Name: N/A, Display External Link: https://www.gov.uk/bankruptcy | Name: Children, External Link: N/A, Description: N/A, Display Name: Childcare arrangements if you separate from your partner, Display External Link: https://www.gov.uk/looking-after-children-divorce | Name: Crime, External Link: N/A, Description: N/A, Display Name: N/A, Display External Link: N/A | Name: Domestic Abuse Protection Order (DAPOs), External Link: https://www.gov.uk/guidance/domestic-abuse-protection-notices-dapns-and-domestic-abuse-protection-orders-dapos, Description: N/A, Display Name: N/A, Display External Link: N/A | Name: Domestic violence, External Link: N/A, Description: N/A, Display Name: Domestic abuse, Display External Link: https://www.gov.uk/injunction-domestic-violence | Name: High Court District Registry, External Link: N/A, Description: N/A, Display Name: High Court cases – serious or high profile criminal or civil law cases, Display External Link: N/A | Name: Housing possession, External Link: https://www.gov.uk/evicting-tenants, Description: Information about evicting tenants, Display Name: Housing, Display External Link: N/A | Name: Money claims, External Link: https://www.gov.uk/make-court-claim-for-money, Description: Information about making a court claim for money, Display Name: N/A, Display External Link: N/A | Name: Single justice procedure, External Link: N/A, Description: N/A, Display Name: N/A, Display External Link: N/A | Name: Social security, External Link: https://www.gov.uk/tribunal/sscs, Description: Information about the Social Security and Child Support Tribunal, Display Name: Benefits, Display External Link: https://www.gov.uk/appeal-benefit-decision","Town: Caernarfon, Postcode: LL55 2DF, Address: Llanberis Road, Type: Visit us, County: Gwynedd, N/A, Description: N/A, EPIM ID: N/A"
"Caernarfon Probate Sub- Registry",53.1404302407884,-4.26433561792515,0,0,0,"caernarfon-probate-sub-registry",,false,"743940 Caerdydd/Cardiff 38","Name: Probate, External Link: https://www.gov.uk/wills-probate-inheritance, Description: Information about wills and probate, Display Name: N/A, Display External Link: https://www.gov.uk/applying-for-probate","Town: Caernarfon, Postcode: LL55 2DF, Address: The Criminal Justice Centre, Llanberis Road, Type: Visit us, County: Gwynedd, N/A, Description: N/A, EPIM ID: N/A | Town: Cardiff, Postcode: CF24 0RZ, Address: Cardiff Probate Registry of Wales, 3rd Floor, Cardiff Magistrates' Court, Fitzalan Place, Type: Write to us, County: Gwynedd, N/A, Description: N/A, EPIM ID: N/A"
"Caerphilly Magistrates' Court ",51.56950068222302,-3.217387592364017,3211,0,0,"caerphilly-magistrates-court",,false,null,"No areas of law available","No address available"
"Calderdale (Halifax) Magistrates' Court and Family Court",53.72017965249475,-1.863336453257495,0,0,0,"calderdale-halifax-magistrates-court-and-family-court",,false,null,"No areas of law available","No address available"
"Camberwell Green Magistrates' Court",51.475665,-0.091317,0,0,2576,"camberwell-green-magistrates-court","Magistrates' Court",false,"156800 Bromley 10","Name: Crime, External Link: N/A, Description: N/A, Display Name: N/A, Display External Link: N/A | Name: Single justice procedure, External Link: N/A, Description: N/A, Display Name: N/A, Display External Link: N/A","Town: London, Postcode: SE5 7UP, Address: 15 D'Eynsford Road, Camberwell Green, Type: Visit us, County: Surrey, N/A, Description: N/A, EPIM ID: N/A | Town: Bromley, Postcode: BR1 1RA, Address: The Court House, 1 London Road, Type: Write to us, County: Surrey, N/A, Description: N/A, EPIM ID: N/A"
"Cambourne Magistrates' Court",0.0,0.0,0,0,0,"cambourne-magistrates-court",,false,null,"No areas of law available","No address available"
"Cambridge County Court and Family Court",52.2037678188838,0.131994857341324,0,162,0,"cambridge-county-court-and-family-court","County Court | Family Court",true,"702302 Peterborough 8","Name: Adoption, External Link: https://www.gov.uk/child-adoption, Description: Information about adopting a child, Display Name: N/A, Display External Link: https://www.gov.uk/child-adoption/applying-for-an-adoption-court-order | Name: Bankruptcy, External Link: https://www.gov.uk/apply-for-bankruptcy, Description: Information about applying for bankruptcy, Display Name: N/A, Display External Link: https://www.gov.uk/bankruptcy | Name: Children, External Link: N/A, Description: N/A, Display Name: Childcare arrangements if you separate from your partner, Display External Link: https://www.gov.uk/looking-after-children-divorce | Name: Divorce, External Link: https://www.gov.uk/divorce, Description: Information about getting a divorce, Display Name: N/A, Display External Link: N/A | Name: Domestic violence, External Link: N/A, Description: N/A, Display Name: Domestic abuse, Display External Link: https://www.gov.uk/injunction-domestic-violence | Name: Employment, External Link: https://www.gov.uk/courts-tribunals/employment-tribunal, Description: Information about the Employment Tribunal, Display Name: Claims against employers, Display External Link: https://www.gov.uk/employment-tribunals | Name: High Court District Registry, External Link: N/A, Description: N/A, Display Name: High Court cases – serious or high profile criminal or civil law cases, Display External Link: N/A | Name: Housing possession, External Link: https://www.gov.uk/evicting-tenants, Description: Information about evicting tenants, Display Name: Housing, Display External Link: N/A | Name: Money claims, External Link: https://www.gov.uk/make-court-claim-for-money, Description: Information about making a court claim for money, Display Name: N/A, Display External Link: N/A | Name: Social security, External Link: https://www.gov.uk/tribunal/sscs, Description: Information about the Social Security and Child Support Tribunal, Display Name: Benefits, Display External Link: https://www.gov.uk/appeal-benefit-decision","Town: Cambridge, Postcode: CB1 1BA, Address: 197 East Road, Type: Visit us, County: Cambridgeshire, N/A, Description: N/A, EPIM ID: N/A | Town: Peterborough, Postcode: PE1 1EJ, Address: Peterborough Combined Court and Family Hearing Centre, Crown Buildings, Rivergate, Type: Write to us, County: Cambridgeshire, N/A, Description: N/A, EPIM ID: N/A"
"Cambridge Crown Court",52.2068099048575,0.136809434329144,410,0,0,cambridge-crown-court,"Crown Court",true,"97365 Cambridge 2","Name: Crime, External Link: N/A, Description: N/A, Display Name: N/A, Display External Link: N/A | Name: Single justice procedure, External Link: N/A, Description: N/A, Display Name: N/A, Display External Link: N/A","Town: Cambridge, Postcode: CB1 1BT, Address: The Court House, 83 East Road, Type: Visit or contact us, County: Cambridgeshire, N/A, Description: N/A, EPIM ID: N/A"
"Cambridge Magistrates' Court",52.20438945656372,0.12245315111468529,0,0,1949,"cambridge-magistrates-court","Magistrates' Court",true,null,"Name: Crime, External Link: N/A, Description: N/A, Display Name: N/A, Display External Link: N/A | Name: Employment, External Link: https://www.gov.uk/courts-tribunals/employment-tribunal, Description: Information about the Employment Tribunal, Display Name: Claims against employers, Display External Link: https://www.gov.uk/employment-tribunals | Name: Single justice procedure, External Link: N/A, Description: N/A, Display Name: N/A, Display External Link: N/A | Name: Social security, External Link: https://www.gov.uk/tribunal/sscs, Description: Information about the Social Security and Child Support Tribunal, Display Name: Benefits, Display External Link: https://www.gov.uk/appeal-benefit-decision","Town: Cambridge, Postcode: CB2 3AX, Address: 12 St Andrews Street, Type: Visit us, County: Cambridgeshire, N/A, Description: N/A, EPIM ID: N/A | Town: Peterborough, Postcode: PE1 1ED, Address: The Court House, Bridge Street, Type: Write to us, County: Cambridgeshire, N/A, Description: N/A, EPIM ID: N/A | Town: Harlow, Postcode: CM20 9QF, Address: HMCTS Benefit Appeals, PO Box 12626, Type: Write to us, County: Essex, Areas of Law: Social security, Description: N/A, EPIM ID: N/A"
"Cannock Magistrates' Court",52.6847804921938,-2.03548972881766,0,0,2805,"cannock-magistrates-court","Magistrates' Court",true,null,"Name: Crime, External Link: N/A, Description: N/A, Display Name: N/A, Display External Link: N/A | Name: Single justice procedure, External Link: N/A, Description: N/A, Display Name: N/A, Display External Link: N/A","Town: Cannock, Postcode: WS11 1AT, Address: The Court House, Wolverhampton Road, Type: Visit us, County: Staffordshire, N/A, Description: N/A, EPIM ID: N/A | Town: Stafford, Postcode: ST16 2QQ, Address: Staffordshire Magistrates Administration Team, Stafford Combined Court Centre, Victoria Square, Type: Write to us, County: Staffordshire, N/A, Description: N/A, EPIM ID: N/A"
"Canterbury Combined Court Centre",51.2818958115375,1.09498007300146,479,163,0,"canterbury-combined-court-centre","County Court | Crown Court | Family Court",true,"99710 Canterbury 3","Name: Adoption, External Link: https://www.gov.uk/child-adoption, Description: Information about adopting a child, Display Name: N/A, Display External Link: https://www.gov.uk/child-adoption/applying-for-an-adoption-court-order | Name: Bankruptcy, External Link: https://www.gov.uk/apply-for-bankruptcy, Description: Information about applying for bankruptcy, Display Name: N/A, Display External Link: https://www.gov.uk/bankruptcy | Name: Children, External Link: N/A, Description: N/A, Display Name: Childcare arrangements if you separate from your partner, Display External Link: https://www.gov.uk/looking-after-children-divorce | Name: Crime, External Link: N/A, Description: N/A, Display Name: N/A, Display External Link: N/A | Name: Divorce, External Link: https://www.gov.uk/divorce, Description: Information about getting a divorce, Display Name: N/A, Display External Link: N/A | Name: Domestic violence, External Link: N/A, Description: N/A, Display Name: Domestic abuse, Display External Link: https://www.gov.uk/injunction-domestic-violence | Name: High Court District Registry, External Link: N/A, Description: N/A, Display Name: High Court cases – serious or high profile criminal or civil law cases, Display External Link: N/A | Name: Housing possession, External Link: https://www.gov.uk/evicting-tenants, Description: Information about evicting tenants, Display Name: Housing, Display External Link: N/A | Name: Money claims, External Link: https://www.gov.uk/make-court-claim-for-money, Description: Information about making a court claim for money, Display Name: N/A, Display External Link: N/A | Name: Single justice procedure, External Link: N/A, Description: N/A, Display Name: N/A, Display External Link: N/A","Town: Canterbury, Postcode: CT1 1ZA, Address: Canterbury Combined Court and Family Court Hearing Centre, The Law Courts, Chaucer Road, Type: Visit or contact us, County: Kent, N/A, Description: N/A, EPIM ID: N/A"
"Canterbury Magistrates' Court",51.2787030618214,1.08577330649781,0,0,1965,"canterbury-magistrates-court","Family Court | Magistrates' Court",true,null,"Name: Children, External Link: N/A, Description: N/A, Display Name: Childcare arrangements if you separate from your partner, Display External Link: https://www.gov.uk/looking-after-children-divorce | Name: Crime, External Link: N/A, Description: N/A, Display Name: N/A, Display External Link: N/A | Name: Domestic violence, External Link: N/A, Description: N/A, Display Name: Domestic abuse, Display External Link: https://www.gov.uk/injunction-domestic-violence | Name: Single justice procedure, External Link: N/A, Description: N/A, Display Name: N/A, Display External Link: N/A","Town: Canterbury, Postcode: CT1 2UE, Address: Broad Street, Type: Visit us, County: Kent, N/A, Description: N/A, EPIM ID: N/A | Town: Folkstone, Postcode: CT20 2DH, Address: Folkestone Magistrates' Court, Castle Hill Avenue, Type: Write to us, County: Kent, N/A, Description: N/A, EPIM ID: N/A"
"Cardiff Civil and Family Justice Centre",51.4781580046283,-3.17987516370411,0,164,0,"cardiff-civil-and-family-justice-centre","County Court | Family Court",true,"99500 Caerdydd/Cardiff 6","Name: Adoption, External Link: https://www.gov.uk/child-adoption, Description: Information about adopting a child, Display Name: N/A, Display External Link: https://www.gov.uk/child-adoption/applying-for-an-adoption-court-order | Name: Bankruptcy, External Link: https://www.gov.uk/apply-for-bankruptcy, Description: Information about applying for bankruptcy, Display Name: N/A, Display External Link: https://www.gov.uk/bankruptcy | Name: Children, External Link: N/A, Description: N/A, Display Name: Childcare arrangements if you separate from your partner, Display External Link: https://www.gov.uk/looking-after-children-divorce | Name: Domestic violence, External Link: N/A, Description: N/A, Display Name: Domestic abuse, Display External Link: https://www.gov.uk/injunction-domestic-violence | Name: FGM, External Link: https://www.gov.uk/government/collections/female-genital-mutilation, Description: N/A, Display Name: Female Genital Mutilation, Display External Link: N/A | Name: Forced marriage, External Link: https://www.gov.uk/apply-forced-marriage-protection-order, Description: Information about forced marriage protection orders, Display Name: N/A, Display External Link: N/A | Name: High Court District Registry, External Link: N/A, Description: N/A, Display Name: High Court cases – serious or high profile criminal or civil law cases, Display External Link: N/A | Name: Housing possession, External Link: https://www.gov.uk/evicting-tenants, Description: Information about evicting tenants, Display Name: Housing, Display External Link: N/A | Name: Money claims, External Link: https://www.gov.uk/make-court-claim-for-money, Description: Information about making a court claim for money, Display Name: N/A, Display External Link: N/A | Name: Social security, External Link: https://www.gov.uk/tribunal/sscs, Description: Information about the Social Security and Child Support Tribunal, Display Name: Benefits, Display External Link: https://www.gov.uk/appeal-benefit-decision","Town: Cardiff, Postcode: CF10 1ET, Address: 2 Park Street, Type: Visit or contact us, County: Cardiff, N/A, Description: N/A, EPIM ID: N/A"
"Cardiff Crown Court",51.4845472793,-3.18027053376,411,0,0,cardiff-crown-court,"Crown Court",true,"99450 Caerdydd/Cardiff 5","Name: Crime, External Link: N/A, Description: N/A, Display Name: N/A, Display External Link: N/A","Town: Cardiff, Postcode: CF10 3PG, Address: The Law Courts, Cathays Park, Type: Visit or contact us, County: Cardiff, N/A, Description: N/A, EPIM ID: N/A"
"Cardiff  Magistrates' Court",51.4821045881533,-3.16648312194617,0,0,3190,"cardiff--magistrates-court","Magistrates' Court",true,"743942 Caerdydd/Cardiff 38","Name: Crime, External Link: N/A, Description: N/A, Display Name: N/A, Display External Link: N/A | Name: Employment, External Link: https://www.gov.uk/courts-tribunals/employment-tribunal, Description: Information about the Employment Tribunal, Display Name: Claims against employers, Display External Link: https://www.gov.uk/employment-tribunals | Name: Immigration, External Link: https://www.gov.uk/tribunal/iac, Description: Information about the Immigration and Asylum Tribunal, Display Name: Immigration and asylum, Display External Link: https://www.gov.uk/immigration-asylum-tribunal | Name: Single justice procedure, External Link: N/A, Description: N/A, Display Name: N/A, Display External Link: N/A","Town: Cardiff, Postcode: CF24 0RZ, Address: Fitzalan Place, Type: Visit or contact us, County: , N/A, Description: N/A, EPIM ID: N/A"
"Cardiff Probate Registry of Wales",51.48210458452913,-3.166483080418988,0,0,0,"cardiff-probate-registry-of-wales",,true,"743940 Caerdydd/Cardiff 38","Name: Probate, External Link: https://www.gov.uk/wills-probate-inheritance, Description: Information about wills and probate, Display Name: N/A, Display External Link: https://www.gov.uk/applying-for-probate","Town: Cardiff, Postcode: CF24 0RZ, Address: 1st Floor, Cardiff Magistrates Court, Fitzalan Place, Type: Visit or contact us, County: Cardiff, N/A, Description: N/A, EPIM ID: N/A"
"Cardiff Social Security and Child Support Tribunal",51.48504222300505,-3.1658523958012883,0,0,0,"cardiff-social-security-and-child-support-tribunal",Tribunal,true,null,"Name: Social security, External Link: https://www.gov.uk/tribunal/sscs, Description: Information about the Social Security and Child Support Tribunal, Display Name: Benefits, Display External Link: https://www.gov.uk/appeal-benefit-decision","Town: Cardiff, Postcode: CF24 0AB, Address: Eastgate House, 35-43 Newport Road, Type: Write to us, County: Cardiff, N/A, Description: N/A, EPIM ID: N/A"
"Cardigan Magistrates' Court",0.0,0.0,0,0,0,"cardigan-magistrates-court",,false,null,"No areas of law available","No address available"
"Care Standards Tribunal",54.52400558506852,-1.5498492081075927,0,0,0,care-standards-tribunal,Tribunal,true,null,"No areas of law available","Town: Darlington, Postcode: DL1 1RU, Address: 1st Floor, Darlington Magistrates' Court, Parkgate, Type: Write to us, County: County Durham, N/A, Description: N/A, EPIM ID: N/A"
"Carlisle Combined Court",54.8934310089434,-2.93152524196963,412,165,0,carlisle-combined-court,"County Court | Crown Court | Family Court",true,"65331 Carlisle 2","Name: Adoption, External Link: https://www.gov.uk/child-adoption, Description: Information about adopting a child, Display Name: N/A, Display External Link: https://www.gov.uk/child-adoption/applying-for-an-adoption-court-order | Name: Bankruptcy, External Link: https://www.gov.uk/apply-for-bankruptcy, Description: Information about applying for bankruptcy, Display Name: N/A, Display External Link: https://www.gov.uk/bankruptcy | Name: Children, External Link: N/A, Description: N/A, Display Name: Childcare arrangements if you separate from your partner, Display External Link: https://www.gov.uk/looking-after-children-divorce | Name: Crime, External Link: N/A, Description: N/A, Display Name: N/A, Display External Link: N/A | Name: Divorce, External Link: https://www.gov.uk/divorce, Description: Information about getting a divorce, Display Name: N/A, Display External Link: N/A | Name: Domestic violence, External Link: N/A, Description: N/A, Display Name: Domestic abuse, Display External Link: https://www.gov.uk/injunction-domestic-violence | Name: High Court District Registry, External Link: N/A, Description: N/A, Display Name: High Court cases – serious or high profile criminal or civil law cases, Display External Link: N/A | Name: Housing possession, External Link: https://www.gov.uk/evicting-tenants, Description: Information about evicting tenants, Display Name: Housing, Display External Link: N/A | Name: Money claims, External Link: https://www.gov.uk/make-court-claim-for-money, Description: Information about making a court claim for money, Display Name: N/A, Display External Link: N/A | Name: Single justice procedure, External Link: N/A, Description: N/A, Display Name: N/A, Display External Link: N/A","Town: Carlisle, Postcode: CA1 1DJ, Address: Courts of Justice, Earl Street, Type: Visit or contact us, County: Cumbria, N/A, Description: N/A, EPIM ID: N/A"
"Carlisle Magistrates' Court",54.89751611925671,-2.9355334507452016,0,0,1752,"carlisle-magistrates-court","Magistrates' Court",true,"DX 318301 Carlisle 13","Name: Children, External Link: N/A, Description: N/A, Display Name: Childcare arrangements if you separate from your partner, Display External Link: https://www.gov.uk/looking-after-children-divorce | Name: Crime, External Link: N/A, Description: N/A, Display Name: N/A, Display External Link: N/A | Name: Employment, External Link: https://www.gov.uk/courts-tribunals/employment-tribunal, Description: Information about the Employment Tribunal, Display Name: Claims against employers, Display External Link: https://www.gov.uk/employment-tribunals | Name: Single justice procedure, External Link: N/A, Description: N/A, Display Name: N/A, Display External Link: N/A | Name: Social security, External Link: https://www.gov.uk/tribunal/sscs, Description: Information about the Social Security and Child Support Tribunal, Display Name: Benefits, Display External Link: https://www.gov.uk/appeal-benefit-decision","Town: Carlisle, Postcode: CA3 8QH, Address: The Courthouse, Rickergate, Type: Visit or contact us, County: , N/A, Description: N/A, EPIM ID: N/A"
"Carlisle Probate Sub-Registry",54.8935605520106,-2.93124783501571,0,0,0,"carlisle-probate-sub-registry",,false,"61081 Newcastle upon Tyne 14","Name: Probate, External Link: https://www.gov.uk/wills-probate-inheritance, Description: Information about wills and probate, Display Name: N/A, Display External Link: https://www.gov.uk/applying-for-probate","Town: Newcastle-upon-Tyne, Postcode: NE1 4DR, Address: Newcastle-Upon-Tyne District Probate Registry, Newcastle DPR, No 1 Waterloo Square, Type: Write to us, County: Cumbria, N/A, Description: N/A, EPIM ID: N/A"
"Carmarthen County Court and Family Court",51.8549774234978,-4.31790850586276,0,166,0,"carmarthen-county-court-and-family-court","County Court",true,"99510 Llanelli 2","Name: Bankruptcy, External Link: https://www.gov.uk/apply-for-bankruptcy, Description: Information about applying for bankruptcy, Display Name: N/A, Display External Link: https://www.gov.uk/bankruptcy | Name: Children, External Link: N/A, Description: N/A, Display Name: Childcare arrangements if you separate from your partner, Display External Link: https://www.gov.uk/looking-after-children-divorce | Name: Domestic violence, External Link: N/A, Description: N/A, Display Name: Domestic abuse, Display External Link: https://www.gov.uk/injunction-domestic-violence | Name: Employment, External Link: https://www.gov.uk/courts-tribunals/employment-tribunal, Description: Information about the Employment Tribunal, Display Name: Claims against employers, Display External Link: https://www.gov.uk/employment-tribunals | Name: High Court District Registry, External Link: N/A, Description: N/A, Display Name: High Court cases – serious or high profile criminal or civil law cases, Display External Link: N/A | Name: Housing possession, External Link: https://www.gov.uk/evicting-tenants, Description: Information about evicting tenants, Display Name: Housing, Display External Link: N/A | Name: Money claims, External Link: https://www.gov.uk/make-court-claim-for-money, Description: Information about making a court claim for money, Display Name: N/A, Display External Link: N/A | Name: Social security, External Link: https://www.gov.uk/tribunal/sscs, Description: Information about the Social Security and Child Support Tribunal, Display Name: Benefits, Display External Link: https://www.gov.uk/appeal-benefit-decision","Town: Carmarthen, Postcode: SA31 3BT, Address: The Hearing Centre, Hill House, Picton Terrace, Type: Visit us, County: Carmarthenshire, N/A, Description: N/A, EPIM ID: N/A | Town: Llanelli, Postcode: SA15 3AL, Address: County Court , 2nd Floor Court Buildings, Town Hall Square, Type: Write to us, County: Carmarthenshire, N/A, Description: N/A, EPIM ID: N/A"
"Carmarthen Crown Court",51.8561695744248,-4.30763047069995,756,0,0,carmarthen-crown-court,,false,null,"No areas of law available","No address available"
"Carmarthen Magistrates' Court",51.85616957442477,-4.307630470699952,3252,0,0,"carmarthen-magistrates-court-and-family-court",,false,null,"No areas of law available","No address available"
"Carmarthen Probate Sub-Registry",51.8549784782771,-4.317894667776,0,0,0,"carmarthen-probate-sub-registry",,false,"743940 Caerdydd/Cardiff 38","Name: Probate, External Link: https://www.gov.uk/wills-probate-inheritance, Description: Information about wills and probate, Display Name: N/A, Display External Link: https://www.gov.uk/applying-for-probate","Town: Carmarthen, Postcode: SA31 3BT, Address: Carmarthen Hearing Centre, Hill House, Picton Terrace, Type: Visit us, County: Carmarthenshire, N/A, Description: N/A, EPIM ID: N/A | Town: Cardiff, Postcode: CF24 0RZ, Address: 3rd Floor, Cardiff Magistrates' Court, Fitzalan Place, Type: Write to us, County: Carmarthenshire, N/A, Description: N/A, EPIM ID: N/A"
"Central Criminal Court",51.5154913731663,-0.101997218982794,413,0,0,central-criminal-court,"Crown Court",true,"46700 Old Bailey","Name: Crime, External Link: N/A, Description: N/A, Display Name: N/A, Display External Link: N/A | Name: Single justice procedure, External Link: N/A, Description: N/A, Display Name: N/A, Display External Link: N/A","Town: London, Postcode: EC4M 7EH, Address: Old Bailey, Type: Visit or contact us, County: Greater London, N/A, Description: N/A, EPIM ID: N/A"
"Central Family Court",51.518436003829,-0.114515647919463,0,0,0,central-family-court,"Family Court",true,"160010 Kingsway 7","Name: Adoption, External Link: https://www.gov.uk/child-adoption, Description: Information about adopting a child, Display Name: N/A, Display External Link: https://www.gov.uk/child-adoption/applying-for-an-adoption-court-order | Name: Children, External Link: N/A, Description: N/A, Display Name: Childcare arrangements if you separate from your partner, Display External Link: https://www.gov.uk/looking-after-children-divorce | Name: Divorce, External Link: https://www.gov.uk/divorce, Description: Information about getting a divorce, Display Name: N/A, Display External Link: N/A | Name: Domestic violence, External Link: N/A, Description: N/A, Display Name: Domestic abuse, Display External Link: https://www.gov.uk/injunction-domestic-violence | Name: FGM, External Link: https://www.gov.uk/government/collections/female-genital-mutilation, Description: N/A, Display Name: Female Genital Mutilation, Display External Link: N/A | Name: Financial Remedy, External Link: https://www.gov.uk/money-property-when-relationship-ends, Description: N/A, Display Name: If you are making an application to settle your finances following a divorce (Financial Remedy), please refer to the guidance found here, Display External Link: N/A | Name: Forced marriage, External Link: https://www.gov.uk/apply-forced-marriage-protection-order, Description: Information about forced marriage protection orders, Display Name: N/A, Display External Link: N/A","Town: London, Postcode: WC1V 6NP, Address: First Avenue House, 42-49 High Holborn, Type: Visit or contact us, County: Greater London, N/A, Description: N/A, EPIM ID: N/A"
"Centralised Attachment of Earnings Payments (CAPS)",52.2373017985822,-0.899965457604417,0,0,0,"centralised-attachment-of-earnings-payments-caps",,true,"702885 Northampton 7","No areas of law available","Town: Northampton, Postcode: NN1 2LH, Address: 5th Floor, St Katharine's House, 21-27 St Katharine's Street, Type: Visit or contact us, County: Northamptonshire, N/A, Description: N/A, EPIM ID: N/A"
"Central London County Court",51.51364537843727,-0.11354608101087316,0,372,0,"central-london-county-court","County Court",true,"44453 Strand","Name: Housing possession, External Link: https://www.gov.uk/evicting-tenants, Description: Information about evicting tenants, Display Name: Housing, Display External Link: N/A | Name: Money claims, External Link: https://www.gov.uk/make-court-claim-for-money, Description: Information about making a court claim for money, Display Name: N/A, Display External Link: N/A","Town: London, Postcode: WC2A 2LL, Address: County Court at Central London, , Thomas More Building, Royal Courts of Justice, Strand, Type: Visit or contact us, County: Greater London, N/A, Description: N/A, EPIM ID: N/A"
"Central London County Court (Bankruptcy)",51.51364537843727,-0.11354608101087316,0,0,0,"central-london-county-court-bankruptcy","County Court",true,"44450 Strand","Name: Bankruptcy, External Link: https://www.gov.uk/apply-for-bankruptcy, Description: Information about applying for bankruptcy, Display Name: N/A, Display External Link: https://www.gov.uk/bankruptcy","Town: London, Postcode: WC2A 2LL, Address: Room 1.05, 1st Floor, Thomas More Building, Royal Courts of Justice, Strand, Type: Write to us, County: Greater London, N/A, Description: N/A, EPIM ID: N/A"
"Central London Employment Tribunal",51.5158158439741,-0.118745425821452,0,0,0,"central-london-employment-tribunal",Tribunal,true,"141420 Bloomsbury 7","Name: Employment, External Link: https://www.gov.uk/courts-tribunals/employment-tribunal, Description: Information about the Employment Tribunal, Display Name: Claims against employers, Display External Link: https://www.gov.uk/employment-tribunals","Town: London, Postcode: WC2B 6EX, Address: Victory House, 30-34 Kingsway, Type: Visit us, County: Greater London, N/A, Description: N/A, EPIM ID: N/A"
"Chancery Division",51.51576958071265,-0.11031630830157654,0,0,0,chancery-division,,true,"160040 Strand 4","Name: Business and Property, External Link: https://www.judiciary.uk/you-and-the-judiciary/going-to-court/high-court/courts-of-the-chancery-division/the-business-and-property-courts-in-birmingham, Description: N/A, Display Name: N/A, Display External Link: N/A","Town: London, Postcode: EC4A 1NL, Address: The Rolls Building, 7 Rolls Buildings, Fetter Lane, Type: Visit or contact us, County: Greater London, N/A, Description: N/A, EPIM ID: N/A"
"Chelmsford Crown Court",51.7424922743727,0.50060189507065,414,0,0,chelmsford-crown-court,"Crown Court",true,"97375 Chelmsford 3","Name: Crime, External Link: N/A, Description: N/A, Display Name: N/A, Display External Link: N/A","Town: Chelmsford, Postcode: CM1 1EL, Address: New Street, Type: Visit us, County: Essex, N/A, Description: N/A, EPIM ID: N/A | Town: Chelmsford, Postcode: CM1 1EL, Address: P.O. Box 9, New Street, Type: Write to us, County: Essex, N/A, Description: N/A, EPIM ID: N/A"
"Chelmsford Justice Centre",51.73051640422952,0.471569522056415,0,167,0,"chelmsford-county-and-family-court","County Court | Family Court",true,"97660 Chelmsford 4","Name: Adoption, External Link: https://www.gov.uk/child-adoption, Description: Information about adopting a child, Display Name: N/A, Display External Link: https://www.gov.uk/child-adoption/applying-for-an-adoption-court-order | Name: Bankruptcy, External Link: https://www.gov.uk/apply-for-bankruptcy, Description: Information about applying for bankruptcy, Display Name: N/A, Display External Link: https://www.gov.uk/bankruptcy | Name: Children, External Link: N/A, Description: N/A, Display Name: Childcare arrangements if you separate from your partner, Display External Link: https://www.gov.uk/looking-after-children-divorce | Name: Divorce, External Link: https://www.gov.uk/divorce, Description: Information about getting a divorce, Display Name: N/A, Display External Link: N/A | Name: Domestic violence, External Link: N/A, Description: N/A, Display Name: Domestic abuse, Display External Link: https://www.gov.uk/injunction-domestic-violence | Name: High Court District Registry, External Link: N/A, Description: N/A, Display Name: High Court cases – serious or high profile criminal or civil law cases, Display External Link: N/A | Name: Housing possession, External Link: https://www.gov.uk/evicting-tenants, Description: Information about evicting tenants, Display Name: Housing, Display External Link: N/A | Name: Money claims, External Link: https://www.gov.uk/make-court-claim-for-money, Description: Information about making a court claim for money, Display Name: N/A, Display External Link: N/A | Name: Social security, External Link: https://www.gov.uk/tribunal/sscs, Description: Information about the Social Security and Child Support Tribunal, Display Name: Benefits, Display External Link: https://www.gov.uk/appeal-benefit-decision","Town: Chelmsford, Postcode: CM2 0PP, Address: Chelmsford Justice Centre, Priory Place, New London Road, Type: Visit or contact us, County: Essex, N/A, Description: N/A, EPIM ID: N/A | Town: Harlow, Postcode: CM20 9QF, Address: HMCTS Benefit Appeals, PO Box 12626, Type: Write to us, County: Essex, Areas of Law: Social security, Description: N/A, EPIM ID: N/A"
"Chelmsford Magistrates' Court and Family Court",51.735905592611,0.473167175793572,0,0,1970,"chelmsford-magistrates-court-and-family-court","Magistrates' Court",true,"151020 Chelmsford 17","Name: Adoption, External Link: https://www.gov.uk/child-adoption, Description: Information about adopting a child, Display Name: N/A, Display External Link: https://www.gov.uk/child-adoption/applying-for-an-adoption-court-order | Name: Children, External Link: N/A, Description: N/A, Display Name: Childcare arrangements if you separate from your partner, Display External Link: https://www.gov.uk/looking-after-children-divorce | Name: Crime, External Link: N/A, Description: N/A, Display Name: N/A, Display External Link: N/A | Name: Divorce, External Link: https://www.gov.uk/divorce, Description: Information about getting a divorce, Display Name: N/A, Display External Link: N/A | Name: Domestic violence, External Link: N/A, Description: N/A, Display Name: Domestic abuse, Display External Link: https://www.gov.uk/injunction-domestic-violence | Name: Single justice procedure, External Link: N/A, Description: N/A, Display Name: N/A, Display External Link: N/A","Town: Chelmsford, Postcode: CM1 1NT, Address: 10 New Street, Type: Visit us, County: Essex, N/A, Description: N/A, EPIM ID: N/A | Town: Chelmsford, Postcode: CM1 9PZ, Address: Court Administration Centre, P.O. Box 10754, Type: Write to us, County: Essex, N/A, Description: N/A, EPIM ID: N/A"
"Cheltenham Magistrates' Court",51.8989818210185,-2.08317165601112,0,0,1672,"cheltenham-magistrates-court","Magistrates' Court",true,"7598 Gloucester 3","Name: Crime, External Link: N/A, Description: N/A, Display Name: N/A, Display External Link: N/A | Name: Single justice procedure, External Link: N/A, Description: N/A, Display Name: N/A, Display External Link: N/A","Town: Cheltenham, Postcode: GL50 3PF, Address: Cheltenham Courthouse, St Georges Road, Type: Visit us, County: Gloucestershire, N/A, Description: N/A, EPIM ID: N/A | Town: Gloucester, Postcode: GL1 2XG, Address: HMCTS Gloucestershire, PO Box 9051, Type: Write to us, County: Gloucestershire, N/A, Description: N/A, EPIM ID: N/A"
"Chepstow County Court",0.0,0.0,0,0,0,chepstow-county-court,,false,null,"No areas of law available","No address available"
"Chepstow Magistrates' Court",0.0,0.0,0,0,0,"chepstow-magistrates-court",,false,null,"No areas of law available","No address available"
"Cheshire and Merseyside Central Payment and Enforcement Centre",53.32577561171765,-2.69446626503196,0,0,0,"cheshire-and-merseyside-central-payment-and-enforcement-centre",,true,null,"No areas of law available","Town: Runcorn, Postcode: WA7 9DU, Address: Cheshire & Merseyside Collections , PO Box 326, Type: Write to us, County: , N/A, Description: N/A, EPIM ID: N/A"
"Chester Civil and Family Justice Centre",53.18860205167348,-2.889440198076256,0,170,0,"chester-civil-and-family-justice-centre","County Court | Family Court",true,"702460 Chester 4","Name: Adoption, External Link: https://www.gov.uk/child-adoption, Description: Information about adopting a child, Display Name: N/A, Display External Link: https://www.gov.uk/child-adoption/applying-for-an-adoption-court-order | Name: Bankruptcy, External Link: https://www.gov.uk/apply-for-bankruptcy, Description: Information about applying for bankruptcy, Display Name: N/A, Display External Link: https://www.gov.uk/bankruptcy | Name: Children, External Link: N/A, Description: N/A, Display Name: Childcare arrangements if you separate from your partner, Display External Link: https://www.gov.uk/looking-after-children-divorce | Name: Domestic violence, External Link: N/A, Description: N/A, Display Name: Domestic abuse, Display External Link: https://www.gov.uk/injunction-domestic-violence | Name: High Court District Registry, External Link: N/A, Description: N/A, Display Name: High Court cases – serious or high profile criminal or civil law cases, Display External Link: N/A | Name: Housing possession, External Link: https://www.gov.uk/evicting-tenants, Description: Information about evicting tenants, Display Name: Housing, Display External Link: N/A | Name: Money claims, External Link: https://www.gov.uk/make-court-claim-for-money, Description: Information about making a court claim for money, Display Name: N/A, Display External Link: N/A | Name: Social security, External Link: https://www.gov.uk/tribunal/sscs, Description: Information about the Social Security and Child Support Tribunal, Display Name: Benefits, Display External Link: https://www.gov.uk/appeal-benefit-decision","Town: Chester, Postcode: CH1 1DF, Address: Off site parking is available within 100m of the venue on Pepper Street, Type: Visit us, County: Cheshire, N/A, Description: N/A, EPIM ID: N/A | Town: Chester, Postcode: CH1 1SN, Address: Trident House, Little St John Street, Type: Write to us, County: Cheshire, N/A, Description: N/A, EPIM ID: "
"Chester Crown Court",53.1858877032428,-2.89179346623943,415,0,0,chester-crown-court,"Crown Court",true,"702527 Chester 5","Name: Crime, External Link: N/A, Description: N/A, Display Name: N/A, Display External Link: N/A","Town: Chester, Postcode: CH1 2AN, Address: The Castle, Type: Visit or contact us, County: Cheshire, N/A, Description: N/A, EPIM ID: N/A"
"Chesterfield Justice Centre",53.2369596853713,-1.42374370374472,0,171,0,"chesterfield-justice-centre","County Court | Family Court",true,"DX703160 Chesterfield 3","Name: Children, External Link: N/A, Description: N/A, Display Name: Childcare arrangements if you separate from your partner, Display External Link: https://www.gov.uk/looking-after-children-divorce | Name: Crime, External Link: N/A, Description: N/A, Display Name: N/A, Display External Link: N/A | Name: Divorce, External Link: https://www.gov.uk/divorce, Description: Information about getting a divorce, Display Name: N/A, Display External Link: N/A | Name: Domestic violence, External Link: N/A, Description: N/A, Display Name: Domestic abuse, Display External Link: https://www.gov.uk/injunction-domestic-violence | Name: High Court District Registry, External Link: N/A, Description: N/A, Display Name: High Court cases – serious or high profile criminal or civil law cases, Display External Link: N/A | Name: Housing possession, External Link: https://www.gov.uk/evicting-tenants, Description: Information about evicting tenants, Display Name: Housing, Display External Link: N/A | Name: Money claims, External Link: https://www.gov.uk/make-court-claim-for-money, Description: Information about making a court claim for money, Display Name: N/A, Display External Link: N/A | Name: Single justice procedure, External Link: N/A, Description: N/A, Display Name: N/A, Display External Link: N/A | Name: Social security, External Link: https://www.gov.uk/tribunal/sscs, Description: Information about the Social Security and Child Support Tribunal, Display Name: Benefits, Display External Link: https://www.gov.uk/appeal-benefit-decision","Town: Chesterfield, Postcode: S41 7TW, Address: Chesterfield Justice Centre, Tapton Lane, Type: Visit or contact us, County: Derbyshire, N/A, Description: N/A, EPIM ID: N/A"
"Chester-le-Street Magistrates' Court",54.86138716492447,-1.57302151124027,1585,0,0,"chester-le-street-magistrates-court","Magistrates' Court",false,"721663 Chester-le-Street 2","Name: Crime, External Link: N/A, Description: N/A, Display Name: N/A, Display External Link: N/A | Name: Single justice procedure, External Link: N/A, Description: N/A, Display Name: N/A, Display External Link: N/A","Town: Chester-le-Street, Postcode: DH3 3UA, Address: Newcastle Road, Type: Visit us, County: Cheshire, N/A, Description: N/A, EPIM ID: N/A"
"Chester Magistrates' Court",53.1876367493104,-2.89350594146957,0,0,1729,"chester-magistrates-court","Magistrates' Court",true,null,"Name: Crime, External Link: N/A, Description: N/A, Display Name: N/A, Display External Link: N/A | Name: Single justice procedure, External Link: N/A, Description: N/A, Display Name: N/A, Display External Link: N/A | Name: Social security, External Link: https://www.gov.uk/tribunal/sscs, Description: Information about the Social Security and Child Support Tribunal, Display Name: Benefits, Display External Link: https://www.gov.uk/appeal-benefit-decision","Town: Chester, Postcode: CH1 2XA, Address: Grosvenor Street, Type: Visit or contact us, County: Cheshire, N/A, Description: N/A, EPIM ID: N/A"
"Chester Probate Sub-Registry",53.188584405267,-2.88698542476419,0,0,0,"chester-probate-sub-registry",,false,null,"Name: Probate, External Link: https://www.gov.uk/wills-probate-inheritance, Description: Information about wills and probate, Display Name: N/A, Display External Link: https://www.gov.uk/applying-for-probate","Town: Liverpool, Postcode: L2 1XA, Address: 2nd Floor East Wing, QE11 Law Courts, Derby Square, Type: Write to us, County: Merseyside, N/A, Description: N/A, EPIM ID: N/A"
"Chichester Combined Court Centre",50.8326082674528,-0.779930981902784,172,172,0,"chichester-combined-court-centre","County Court | Crown Court | Family Court",false,"97460 Chichester 2","Name: Adoption, External Link: https://www.gov.uk/child-adoption, Description: Information about adopting a child, Display Name: N/A, Display External Link: https://www.gov.uk/child-adoption/applying-for-an-adoption-court-order | Name: Children, External Link: N/A, Description: N/A, Display Name: Childcare arrangements if you separate from your partner, Display External Link: https://www.gov.uk/looking-after-children-divorce | Name: Crime, External Link: N/A, Description: N/A, Display Name: N/A, Display External Link: N/A | Name: Divorce, External Link: https://www.gov.uk/divorce, Description: Information about getting a divorce, Display Name: N/A, Display External Link: N/A | Name: Domestic violence, External Link: N/A, Description: N/A, Display Name: Domestic abuse, Display External Link: https://www.gov.uk/injunction-domestic-violence | Name: High Court District Registry, External Link: N/A, Description: N/A, Display Name: High Court cases – serious or high profile criminal or civil law cases, Display External Link: N/A | Name: Housing possession, External Link: https://www.gov.uk/evicting-tenants, Description: Information about evicting tenants, Display Name: Housing, Display External Link: N/A | Name: Money claims, External Link: https://www.gov.uk/make-court-claim-for-money, Description: Information about making a court claim for money, Display Name: N/A, Display External Link: N/A | Name: Single justice procedure, External Link: N/A, Description: N/A, Display Name: N/A, Display External Link: N/A","Town: Chichester, Postcode: PO19 1SX, Address: Southgate, Type: Visit or contact us, County: East Sussex, N/A, Description: N/A, EPIM ID: N/A"
"Chichester Magistrates' Court",50.83325142382718,-0.779516599809011,2949,0,0,"chichester-magistrates-court","Magistrates' Court",false,null,"Name: Crime, External Link: N/A, Description: N/A, Display Name: N/A, Display External Link: N/A | Name: Single justice procedure, External Link: N/A, Description: N/A, Display Name: N/A, Display External Link: N/A","No address available"
"Chichester Nightingale Crown Court",50.83260826147071,-0.7799309420361454,0,0,0,"chichester-nightingale-crown-court",,true,null,"No areas of law available","Town: Chichester, Postcode: PO19 1SX, Address: Southgate, Type: Visit us, County: West Sussex, N/A, Description: N/A, EPIM ID: N/A | Town: Guildford, Postcode: GU1 4ST, Address: c/o The Crown Court at Guildford, Bedford Road, Type: Write to us, County: Surrey, N/A, Description: N/A, EPIM ID: N/A"
"Chippenham and Trowbridge Law Courts",51.4527255431083,-2.11118136580463,353,353,0,"chippenham-and-trowbridge-law-courts","County Court | Family Court | Magistrates' Court",false,"744850 Chippenham 5","Name: Crime, External Link: N/A, Description: N/A, Display Name: N/A, Display External Link: N/A | Name: Divorce, External Link: https://www.gov.uk/divorce, Description: Information about getting a divorce, Display Name: N/A, Display External Link: N/A | Name: Domestic violence, External Link: N/A, Description: N/A, Display Name: Domestic abuse, Display External Link: https://www.gov.uk/injunction-domestic-violence | Name: Housing possession, External Link: https://www.gov.uk/evicting-tenants, Description: Information about evicting tenants, Display Name: Housing, Display External Link: N/A | Name: Money claims, External Link: https://www.gov.uk/make-court-claim-for-money, Description: Information about making a court claim for money, Display Name: N/A, Display External Link: N/A | Name: Single justice procedure, External Link: N/A, Description: N/A, Display Name: N/A, Display External Link: N/A","Town: Chippenham, Postcode: SN15 3BF, Address: Chippenham Law Courts, Pewsham Way, Type: Visit us, County: Wiltshire, N/A, Description: N/A, EPIM ID: N/A"
"Chippenham Magistrates' Court",0.0,0.0,3026,0,0,"chippenham-magistrates-court",,false,null,"Name: Crime, External Link: N/A, Description: N/A, Display Name: N/A, Display External Link: N/A | Name: Single justice procedure, External Link: N/A, Description: N/A, Display Name: N/A, Display External Link: N/A | Name: Social security, External Link: https://www.gov.uk/tribunal/sscs, Description: Information about the Social Security and Child Support Tribunal, Display Name: Benefits, Display External Link: https://www.gov.uk/appeal-benefit-decision","No address available"
"Chorley County Court",0.0,0.0,0,0,0,chorley-county-court,,false,null,"No areas of law available","No address available"
"Chorley Magistrates' Court",53.6539501330362,-2.63451754976868,1998,0,0,"chorley-magistrates-court","Magistrates' Court",false,"318201 Preston 33","Name: Crime, External Link: N/A, Description: N/A, Display Name: N/A, Display External Link: N/A | Name: Single justice procedure, External Link: N/A, Description: N/A, Display Name: N/A, Display External Link: N/A","Town: Chorley, Postcode: PR7 1RZ, Address: The Court House, St Thomas's Square, Type: Visit us, County: Lancashire, N/A, Description: N/A, EPIM ID: N/A | Town: Preston, Postcode: PR1 2QT, Address: Preston Magistrates' Court, Lawson Street, Type: Write to us, County: Lancashire, N/A, Description: N/A, EPIM ID: N/A"
"Cirencester Magistrates' Court",0.0,0.0,0,0,0,"cirencester-magistrates-court",,false,null,"No areas of law available","No address available"
"City of London Magistrates' Court",51.5131124328016,-0.0900620194254129,0,0,2570,"city-of-london-magistrates-court","Magistrates' Court",true,"120551 Marylebone 9","Name: Crime, External Link: N/A, Description: N/A, Display Name: N/A, Display External Link: N/A | Name: Single justice procedure, External Link: N/A, Description: N/A, Display Name: N/A, Display External Link: N/A","Town: London, Postcode: EC4N 4XY, Address: 1 Queen Victoria Street, Type: Visit us, County: Greater London, N/A, Description: N/A, EPIM ID: N/A | Town: London, Postcode: NW1 5BR, Address: 181 Marylebone Road, Type: Write to us, County: Greater London, N/A, Description: N/A, EPIM ID: N/A"
"Civil National Business Centre (CNBC)",52.23730179858217,-0.8999654576044167,0,0,0,"civil-national-business-centre-cnbc","County Court",true,"702885 Northampton 7","Name: Money claims, External Link: https://www.gov.uk/make-court-claim-for-money, Description: Information about making a court claim for money, Display Name: N/A, Display External Link: N/A","Town: Northampton, Postcode: NN1 2LH, Address: St. Katharine's House, 21-27 St. Katharine's Street, Type: Write to us, County: Northamptonshire, N/A, Description: N/A, EPIM ID: N/A"
"Claim Production Centre (CPC)",52.23730267649494,-0.8999651365094131,0,0,0,"claim-production-centre-cpc",,false,"702885 Northampton 7","No areas of law available","Town: Northampton, Postcode: NN1 2LH, Address: 2nd Floor, St Katharine's House, 21-27 St Katharine's Street, Type: Visit us, County: Northamptonshire, N/A, Description: N/A, EPIM ID: N/A"
"Clerkenwell and Shoreditch County Court and Family Court",51.5246551512,-0.0975797849144,0,321,0,"clerkenwell-and-shoreditch-county-court-and-family-court","County Court | Family Court",true,"121000 Shoreditch 2","Name: Domestic violence, External Link: N/A, Description: N/A, Display Name: Domestic abuse, Display External Link: https://www.gov.uk/injunction-domestic-violence | Name: Housing possession, External Link: https://www.gov.uk/evicting-tenants, Description: Information about evicting tenants, Display Name: Housing, Display External Link: N/A | Name: Money claims, External Link: https://www.gov.uk/make-court-claim-for-money, Description: Information about making a court claim for money, Display Name: N/A, Display External Link: N/A","Town: London, Postcode: EC1V 3RE, Address: The Gee Street Courthouse, 29-41 Gee Street, Type: Visit or contact us, County: Greater London, N/A, Description: N/A, EPIM ID: N/A"
"Cleveland, Durham and Northumbria Regional Divorce Centre",0.0,0.0,0,0,0,"durham-regional-divorce-centre","Family Court",false,null,"Name: Civil partnership, External Link: https://www.gov.uk/end-civil-partnership, Description: Information about ending a civil partnership, Display Name: N/A, Display External Link: N/A | Name: Divorce, External Link: https://www.gov.uk/divorce, Description: Information about getting a divorce, Display Name: N/A, Display External Link: N/A","Town: Durham, Postcode: DH1 3RG, Address: Durham Civil and Family Justice Centre, Green Lane, Old Elvet, Co. Durham, Type: Write to us, County: , N/A, Description: N/A, EPIM ID: N/A"
"Cleveland, Durham, Northumbria and North Yorkshire Central Enforcement Unit",55.018204067305724,-1.4903295506342475,0,0,0,"cleveland-durham-northumbria-and-north-yorkshire-central-enforcement-unit",,true,"65137 North Shields 2","No areas of law available","Town: North Shields, Postcode: NE29 1DZ, Address: PO Box 826, Type: Write to us, County: , N/A, Description: N/A, EPIM ID: N/A"
"Coalville Magistrates' Court",0.0,0.0,0,0,0,"coalville-magistrates-court",,false,null,"No areas of law available","No address available"
"Colchester County Court and Family Court",51.887268480292,0.893987176521834,176,176,0,"colchester-county-court-and-family-court","County Court | Family Court",false,"97670 Colchester 3","Name: Bankruptcy, External Link: https://www.gov.uk/apply-for-bankruptcy, Description: Information about applying for bankruptcy, Display Name: N/A, Display External Link: https://www.gov.uk/bankruptcy | Name: Children, External Link: N/A, Description: N/A, Display Name: Childcare arrangements if you separate from your partner, Display External Link: https://www.gov.uk/looking-after-children-divorce | Name: Divorce, External Link: https://www.gov.uk/divorce, Description: Information about getting a divorce, Display Name: N/A, Display External Link: N/A | Name: Domestic violence, External Link: N/A, Description: N/A, Display Name: Domestic abuse, Display External Link: https://www.gov.uk/injunction-domestic-violence | Name: Housing possession, External Link: https://www.gov.uk/evicting-tenants, Description: Information about evicting tenants, Display Name: Housing, Display External Link: N/A | Name: Money claims, External Link: https://www.gov.uk/make-court-claim-for-money, Description: Information about making a court claim for money, Display Name: N/A, Display External Link: N/A | Name: Social security, External Link: https://www.gov.uk/tribunal/sscs, Description: Information about the Social Security and Child Support Tribunal, Display Name: Benefits, Display External Link: https://www.gov.uk/appeal-benefit-decision","Town: Colchester, Postcode: CO3 3EG, Address: Falkland House, 25 Southway, Type: Visit us, County: Essex, N/A, Description: N/A, EPIM ID: N/A | Town: Colchester, Postcode: CO3 3EG, Address: Colchester County Court and Family Court Hearing Centre, Falkland House, 25 Southway, Type: Write to us, County: Essex, N/A, Description: N/A, EPIM ID: N/A"
"Colchester Magistrates' Court and Family Court",51.88650876741684,0.904373622703943,0,0,1970,"colchester-magistrates-court-and-family-court","Magistrates' Court",true,"151020 Chelmsford 17","Name: Children, External Link: N/A, Description: N/A, Display Name: Childcare arrangements if you separate from your partner, Display External Link: https://www.gov.uk/looking-after-children-divorce | Name: Crime, External Link: N/A, Description: N/A, Display Name: N/A, Display External Link: N/A | Name: Domestic violence, External Link: N/A, Description: N/A, Display Name: Domestic abuse, Display External Link: https://www.gov.uk/injunction-domestic-violence | Name: Single justice procedure, External Link: N/A, Description: N/A, Display Name: N/A, Display External Link: N/A | Name: Social security, External Link: https://www.gov.uk/tribunal/sscs, Description: Information about the Social Security and Child Support Tribunal, Display Name: Benefits, Display External Link: https://www.gov.uk/appeal-benefit-decision","Town: Colchester, Postcode: CO2 7EF, Address: St Botolphs Circus, Magdelen Street, Type: Visit us, County: Essex, N/A, Description: N/A, EPIM ID: N/A | Town: Chelmsford, Postcode: CM2 0PP, Address: For Family Proceedings paperwork:, Chelmsford Justice Centre, Priory Place, New London Road, Type: Write to us, County: Essex, N/A, Description: N/A, EPIM ID: N/A | Town: Chelmsford, Postcode: CM1 9PZ, Address: For criminal paperwork:, Court Administration Centre, P.O. Box 10754, Type: Write to us, County: Essex, N/A, Description: N/A, EPIM ID: N/A"
"Coleford Magistrates' Court",0.0,0.0,0,0,0,"coleford-magistrates-court",,false,null,"No areas of law available","No address available"
"Consett County Court",0.0,0.0,0,0,0,consett-county-court,,false,null,"No areas of law available","No address available"
"Consett Magistrates' Court",54.8575612922284,-1.830287599677857,0,0,0,"consett-magistrates-court",,false,null,"No areas of law available","No address available"
"Conwy and Colwyn County Court and Family Court",0.0,0.0,178,178,0,"conwy-and-colwyn-county-court-and-family-court",,false,null,"No areas of law available","No address available"
"Corby Magistrates' Court",52.48782709919727,-0.6990430222402915,2321,0,0,corby-magistrates-court,"Magistrates' Court",false,"151720 Northampton 27","Name: Crime, External Link: N/A, Description: N/A, Display Name: N/A, Display External Link: N/A | Name: Single justice procedure, External Link: N/A, Description: N/A, Display Name: N/A, Display External Link: N/A","Town: Northampton, Postcode: NN3 6AS, Address: Regent's Pavillion, Summerhouse Road, Moulton Park, Type: Write to us, County: Northamptonshire, N/A, Description: N/A, EPIM ID: N/A"
"County Court Money Claims Centre (CCMCC)",53.481199679370064,-2.2804307841310867,0,7,0,"county-court-money-claims-centre-ccmcc","County Court",false,"DX 702885 Northampton 7","Name: Money claims, External Link: https://www.gov.uk/make-court-claim-for-money, Description: Information about making a court claim for money, Display Name: N/A, Display External Link: N/A","Town: Northampton, Postcode: NN1 2LH, Address: CCMCC Northampton, St Katharine’s House, 21-27 St. Katherine’s Street, Type: Write to us, County: Northamptonshire, N/A, Description: N/A, EPIM ID: N/A"
"Court of Appeal Civil Division",51.5136453718662,-0.11354603951829052,0,0,0,"court-of-appeal-civil-division",,true,"44456 Strand","No areas of law available","Town: London, Postcode: WC2A 2LL, Address: Royal Courts of Justice, Strand, Type: Visit or contact us, County: Greater London, N/A, Description: N/A, EPIM ID: N/A"
"Court of Appeal Criminal Division",51.5141437926848,-0.113741161911646,0,0,0,"court-of-appeal-criminal-division",,true,"44451 Strand","No areas of law available","Town: London, Postcode: WC2A 2LL, Address: Criminal Appeal Office, The Royal Courts of Justice, Strand, Type: Visit or contact us, County: Greater London, N/A, Description: N/A, EPIM ID: N/A"
"Court of Protection",51.518436,-0.114516,5,5,0,court-of-protection,,true,"160013 Kingsway 7","No areas of law available","Town: London, Postcode: WC1A 9JA, Address: PO Box 70185, First Avenue House, 42-49 High Holborn, Type: Write to us, County: Greater London, N/A, Description: N/A, EPIM ID: N/A"
"Coventry Combined Court Centre",52.4055836530515,-1.50643963844351,417,180,0,"coventry-combined-court-centre","County Court | Crown Court | Family Court",true,"701580 Coventry 5","Name: Adoption, External Link: https://www.gov.uk/child-adoption, Description: Information about adopting a child, Display Name: N/A, Display External Link: https://www.gov.uk/child-adoption/applying-for-an-adoption-court-order | Name: Bankruptcy, External Link: https://www.gov.uk/apply-for-bankruptcy, Description: Information about applying for bankruptcy, Display Name: N/A, Display External Link: https://www.gov.uk/bankruptcy | Name: Children, External Link: N/A, Description: N/A, Display Name: Childcare arrangements if you separate from your partner, Display External Link: https://www.gov.uk/looking-after-children-divorce | Name: Crime, External Link: N/A, Description: N/A, Display Name: N/A, Display External Link: N/A | Name: Divorce, External Link: https://www.gov.uk/divorce, Description: Information about getting a divorce, Display Name: N/A, Display External Link: N/A | Name: Domestic violence, External Link: N/A, Description: N/A, Display Name: Domestic abuse, Display External Link: https://www.gov.uk/injunction-domestic-violence | Name: High Court District Registry, External Link: N/A, Description: N/A, Display Name: High Court cases – serious or high profile criminal or civil law cases, Display External Link: N/A | Name: Housing possession, External Link: https://www.gov.uk/evicting-tenants, Description: Information about evicting tenants, Display Name: Housing, Display External Link: N/A | Name: Money claims, External Link: https://www.gov.uk/make-court-claim-for-money, Description: Information about making a court claim for money, Display Name: N/A, Display External Link: N/A | Name: Single justice procedure, External Link: N/A, Description: N/A, Display Name: N/A, Display External Link: N/A","Town: Coventry, Postcode: CV1 2SN, Address: 140 Much Park Street, Type: Visit or contact us, County: Warwickshire, N/A, Description: N/A, EPIM ID: N/A"
"Coventry Magistrates' Court",52.405831337571,-1.50762753769906,0,0,2924,"coventry-magistrates-court","Magistrates' Court",true,"701583 Coventry 5","Name: Children, External Link: N/A, Description: N/A, Display Name: Childcare arrangements if you separate from your partner, Display External Link: https://www.gov.uk/looking-after-children-divorce | Name: Crime, External Link: N/A, Description: N/A, Display Name: N/A, Display External Link: N/A | Name: Immigration, External Link: https://www.gov.uk/tribunal/iac, Description: Information about the Immigration and Asylum Tribunal, Display Name: Immigration and asylum, Display External Link: https://www.gov.uk/immigration-asylum-tribunal | Name: Single justice procedure, External Link: N/A, Description: N/A, Display Name: N/A, Display External Link: N/A | Name: Social security, External Link: https://www.gov.uk/tribunal/sscs, Description: Information about the Social Security and Child Support Tribunal, Display Name: Benefits, Display External Link: https://www.gov.uk/appeal-benefit-decision","Town: Coventry, Postcode: CV1 2SQ, Address: Little Park Street, Type: Visit or contact us, County: Warwickshire, N/A, Description: N/A, EPIM ID: N/A"
"Crawley Magistrates' Court",51.1173679914092,-0.181070088512759,0,0,2951,"crawley-magistrates-court","Magistrates' Court",true,null,"Name: Crime, External Link: N/A, Description: N/A, Display Name: N/A, Display External Link: N/A | Name: Single justice procedure, External Link: N/A, Description: N/A, Display Name: N/A, Display External Link: N/A","Town: Crawley, Postcode: RH10 8BF, Address: The Law Courts, Woodfield Road, Type: Visit us, County: East Sussex, N/A, Description: N/A, EPIM ID: N/A | Town: Brighton, Postcode: BN2 0LG, Address: Sussex Magistrates’ Administration Centre, Edward Street, Type: Write to us, County: East Sussex, N/A, Description: N/A, EPIM ID: N/A"
"Crewe County Court and Family Court",53.0976832412637,-2.43875466771465,0,181,0,"crewe-county-court-and-family-court","County Court | Family Court",true,"702504 Crewe 2","Name: Bankruptcy, External Link: https://www.gov.uk/apply-for-bankruptcy, Description: Information about applying for bankruptcy, Display Name: N/A, Display External Link: https://www.gov.uk/bankruptcy | Name: Children, External Link: N/A, Description: N/A, Display Name: Childcare arrangements if you separate from your partner, Display External Link: https://www.gov.uk/looking-after-children-divorce | Name: Divorce, External Link: https://www.gov.uk/divorce, Description: Information about getting a divorce, Display Name: N/A, Display External Link: N/A | Name: Domestic violence, External Link: N/A, Description: N/A, Display Name: Domestic abuse, Display External Link: https://www.gov.uk/injunction-domestic-violence | Name: High Court District Registry, External Link: N/A, Description: N/A, Display Name: High Court cases – serious or high profile criminal or civil law cases, Display External Link: N/A | Name: Housing possession, External Link: https://www.gov.uk/evicting-tenants, Description: Information about evicting tenants, Display Name: Housing, Display External Link: N/A | Name: Money claims, External Link: https://www.gov.uk/make-court-claim-for-money, Description: Information about making a court claim for money, Display Name: N/A, Display External Link: N/A","Town: Crewe, Postcode: CW1 2DP, Address: The Law Courts, Civic Centre, Type: Visit or contact us, County: Cheshire, N/A, Description: N/A, EPIM ID: N/A"
"Crewe (South Cheshire) Magistrates' Court",53.0976832412637,-2.43875466771465,0,0,1187,"crewe-south-cheshire-magistrates-court","Magistrates' Court",true,"702504 Crewe 2","Name: Crime, External Link: N/A, Description: N/A, Display Name: N/A, Display External Link: N/A | Name: Single justice procedure, External Link: N/A, Description: N/A, Display Name: N/A, Display External Link: N/A","Town: Crewe, Postcode: CW1 2DT, Address: The Law Courts, Civic Centre, Type: Visit or contact us, County: Cheshire, N/A, Description: N/A, EPIM ID: N/A"
"Crime Service Centre",51.7717425,0.0836588,0,0,0,crime-service-centre,,true,null,"No areas of law available","Town: Harlow, Postcode: CM20 9RW, Address: HMCTS Crime, PO Box 12888, Harlow, Type: Write to us, County: Essex, N/A, Description: N/A, EPIM ID: "
"Criminal Fines Collection and Enforcement Contact Centre - Wales, South West, South East, London, East Midlands",0.0,0.0,0,0,0,"criminal-fines-collection-and-enforcement-contact-centre---wales-south-west-south-east-london-east-midlands",,true,null,"No areas of law available","Town: Port Talbot, Postcode: SA13 1SB, Address: Port Talbot Justice Centre, Harbourside Road, Type: Write to us, County: East Sussex, N/A, Description: N/A, EPIM ID: N/A"
"Criminal Offences Service Centre",0.0,0.0,0,0,0,"criminal-offences-service-centre",,false,null,"Name: Crime, External Link: N/A, Description: N/A, Display Name: N/A, Display External Link: N/A | Name: Single justice procedure, External Link: N/A, Description: N/A, Display Name: N/A, Display External Link: N/A","No address available"
"Cromer Magistrates' Court",0.0,0.0,0,0,0,cromer-magistrates-court,,false,null,"No areas of law available","No address available"
"Croydon County Court and Family Court",51.373337535123,-0.0921491741239356,0,182,0,"croydon-county-court-and-family-court","County Court | Family Court",true,"97470 Croydon 6","Name: Adoption, External Link: https://www.gov.uk/child-adoption, Description: Information about adopting a child, Display Name: N/A, Display External Link: https://www.gov.uk/child-adoption/applying-for-an-adoption-court-order | Name: Bankruptcy, External Link: https://www.gov.uk/apply-for-bankruptcy, Description: Information about applying for bankruptcy, Display Name: N/A, Display External Link: https://www.gov.uk/bankruptcy | Name: Children, External Link: N/A, Description: N/A, Display Name: Childcare arrangements if you separate from your partner, Display External Link: https://www.gov.uk/looking-after-children-divorce | Name: Divorce, External Link: https://www.gov.uk/divorce, Description: Information about getting a divorce, Display Name: N/A, Display External Link: N/A | Name: Domestic Abuse Protection Order (DAPOs), External Link: https://www.gov.uk/guidance/domestic-abuse-protection-notices-dapns-and-domestic-abuse-protection-orders-dapos, Description: N/A, Display Name: N/A, Display External Link: N/A | Name: Domestic violence, External Link: N/A, Description: N/A, Display Name: Domestic abuse, Display External Link: https://www.gov.uk/injunction-domestic-violence | Name: High Court District Registry, External Link: N/A, Description: N/A, Display Name: High Court cases – serious or high profile criminal or civil law cases, Display External Link: N/A | Name: Housing possession, External Link: https://www.gov.uk/evicting-tenants, Description: Information about evicting tenants, Display Name: Housing, Display External Link: N/A | Name: Money claims, External Link: https://www.gov.uk/make-court-claim-for-money, Description: Information about making a court claim for money, Display Name: N/A, Display External Link: N/A","Town: Croydon, Postcode: CR9 5AB, Address: The Law Courts, Altyre Road, Type: Visit or contact us, County: Surrey, N/A, Description: N/A, EPIM ID: N/A"
"Croydon Crown Court",51.3733381752893,-0.0921486285213919,418,0,0,croydon-crown-court,"Crown Court",true,"97473 Croydon 6","Name: Crime, External Link: N/A, Description: N/A, Display Name: N/A, Display External Link: N/A | Name: Domestic Abuse Protection Order (DAPOs), External Link: https://www.gov.uk/guidance/domestic-abuse-protection-notices-dapns-and-domestic-abuse-protection-orders-dapos, Description: N/A, Display Name: N/A, Display External Link: N/A | Name: Single justice procedure, External Link: N/A, Description: N/A, Display Name: N/A, Display External Link: N/A","Town: Croydon, Postcode: CR9 5AB, Address: The Law Courts, Altyre Road, Type: Visit or contact us, County: Surrey, N/A, Description: N/A, EPIM ID: N/A"
"Croydon Employment Tribunal",51.3796812571901,-0.104574195257092,0,0,0,"croydon-employment-tribunal",Tribunal,true,"155061 Croydon 39","Name: Employment, External Link: https://www.gov.uk/courts-tribunals/employment-tribunal, Description: Information about the Employment Tribunal, Display Name: Claims against employers, Display External Link: https://www.gov.uk/employment-tribunals","Town: Croydon, Postcode: CR0 2RF, Address: Montague Court, 101 London Road, Type: Visit us, County: Surrey, N/A, Description: N/A, EPIM ID: N/A"
"Croydon Magistrates' Court",51.3723961883451,-0.0939842847159888,0,0,2576,"croydon-magistrates-court","Family Court | Magistrates' Court",true,"DX:  156800 Bromley 10","Name: Crime, External Link: N/A, Description: N/A, Display Name: N/A, Display External Link: N/A | Name: Domestic Abuse Protection Order (DAPOs), External Link: https://www.gov.uk/guidance/domestic-abuse-protection-notices-dapns-and-domestic-abuse-protection-orders-dapos, Description: N/A, Display Name: N/A, Display External Link: N/A | Name: Single justice procedure, External Link: N/A, Description: N/A, Display Name: N/A, Display External Link: N/A","Town: Croydon, Postcode: CR9 3NG, Address: Barclay Road, Type: Visit us, County: Surrey, N/A, Description: N/A, EPIM ID: N/A | Town: Bromley, Postcode: BR1 1RA, Address: The Court House, 1 London Road, Type: Write to us, County: Surrey, N/A, Description: N/A, EPIM ID: N/A"
"Cwmbran Magistrates' Court",51.6512981710556,-3.02127425874007,0,0,3211,"cwmbran-magistrates-court","Magistrates' Court",true,"311301 Casnewydd/Newport (Gwent) 19","Name: Crime, External Link: N/A, Description: N/A, Display Name: N/A, Display External Link: N/A | Name: Single justice procedure, External Link: N/A, Description: N/A, Display Name: N/A, Display External Link: N/A","Town: Cwmbran, Postcode: NP44 3YA, Address: Tudor Road, Type: Visit us, County: Monmouthshire, N/A, Description: N/A, EPIM ID: N/A | Town: Newport, Postcode: NP20 4PR, Address: Gwent Magistrates' Court , The Law Courts , Faulkner Road, Type: Write to us, County: Monmouthshire, N/A, Description: N/A, EPIM ID: N/A"
"Darlington County Court and Family Court",54.52364181519176,-1.55844328937875,0,183,0,"darlington-county-court-and-family-court","County Court | Family Court",true,"65109 Darlington 2","Name: Bankruptcy, External Link: https://www.gov.uk/apply-for-bankruptcy, Description: Information about applying for bankruptcy, Display Name: N/A, Display External Link: https://www.gov.uk/bankruptcy | Name: Children, External Link: N/A, Description: N/A, Display Name: Childcare arrangements if you separate from your partner, Display External Link: https://www.gov.uk/looking-after-children-divorce | Name: Divorce, External Link: https://www.gov.uk/divorce, Description: Information about getting a divorce, Display Name: N/A, Display External Link: N/A | Name: Domestic violence, External Link: N/A, Description: N/A, Display Name: Domestic abuse, Display External Link: https://www.gov.uk/injunction-domestic-violence | Name: High Court District Registry, External Link: N/A, Description: N/A, Display Name: High Court cases – serious or high profile criminal or civil law cases, Display External Link: N/A | Name: Housing possession, External Link: https://www.gov.uk/evicting-tenants, Description: Information about evicting tenants, Display Name: Housing, Display External Link: N/A | Name: Money claims, External Link: https://www.gov.uk/make-court-claim-for-money, Description: Information about making a court claim for money, Display Name: N/A, Display External Link: N/A | Name: Social security, External Link: https://www.gov.uk/tribunal/sscs, Description: Information about the Social Security and Child Support Tribunal, Display Name: Benefits, Display External Link: https://www.gov.uk/appeal-benefit-decision","Town: Darlington, Postcode: DL3 7RL, Address: 4 Coniscliffe Road, Type: Visit us, County: County Durham, N/A, Description: N/A, EPIM ID: N/A"
"Darlington Magistrates' Court and Family Court",54.5240055850685,-1.54984920810759,0,0,1585,"darlington-magistrates-court-and-family-court","Family Court",true,"63808 Newton Aycliffe","Name: Adoption, External Link: https://www.gov.uk/child-adoption, Description: Information about adopting a child, Display Name: N/A, Display External Link: https://www.gov.uk/child-adoption/applying-for-an-adoption-court-order | Name: Children, External Link: N/A, Description: N/A, Display Name: Childcare arrangements if you separate from your partner, Display External Link: https://www.gov.uk/looking-after-children-divorce | Name: Crime, External Link: N/A, Description: N/A, Display Name: N/A, Display External Link: N/A | Name: Single justice procedure, External Link: N/A, Description: N/A, Display Name: N/A, Display External Link: N/A | Name: Social security, External Link: https://www.gov.uk/tribunal/sscs, Description: Information about the Social Security and Child Support Tribunal, Display Name: Benefits, Display External Link: https://www.gov.uk/appeal-benefit-decision","Town: Darlington, Postcode: DL1 1RU, Address: Parkgate, Type: Visit us, County: County Durham, N/A, Description: N/A, EPIM ID: N/A | Town: Newton Aycliffe, Postcode: DL5 5RT, Address: Newton Aycliffe Magistrates' Court and Family Hearing Centre, Central Avenue, Type: Write to us, County: County Durham, N/A, Description: N/A, EPIM ID: N/A"
"Dartford County Court and Family Court",51.4453441297196,0.220272136894956,0,184,0,"dartford-county-court-and-family-court","County Court | Family Court",true,"98090 Dartford 2","Name: Children, External Link: N/A, Description: N/A, Display Name: Childcare arrangements if you separate from your partner, Display External Link: https://www.gov.uk/looking-after-children-divorce | Name: Divorce, External Link: https://www.gov.uk/divorce, Description: Information about getting a divorce, Display Name: N/A, Display External Link: N/A | Name: Domestic violence, External Link: N/A, Description: N/A, Display Name: Domestic abuse, Display External Link: https://www.gov.uk/injunction-domestic-violence | Name: Financial Remedy, External Link: https://www.gov.uk/money-property-when-relationship-ends, Description: N/A, Display Name: If you are making an application to settle your finances following a divorce (Financial Remedy), please refer to the guidance found here, Display External Link: N/A | Name: Housing possession, External Link: https://www.gov.uk/evicting-tenants, Description: Information about evicting tenants, Display Name: Housing, Display External Link: N/A | Name: Money claims, External Link: https://www.gov.uk/make-court-claim-for-money, Description: Information about making a court claim for money, Display Name: N/A, Display External Link: N/A","Town: Dartford, Postcode: DA1 1DX, Address: Home Gardens, Type: Visit or contact us, County: Kent, N/A, Description: N/A, EPIM ID: N/A"
"Dartford Magistrates' Court",0.0,0.0,0,0,0,"dartford-magistrates-court",,false,null,"No areas of law available","No address available"
"Daventry Magistrates' Court",0.0,0.0,0,0,0,"daventry-magistrates-court",,false,null,"No areas of law available","No address available"
"Denbigh Magistrates' Court and Family Court",53.18708370330262,-3.414581787248978,3061,0,0,"denbigh-magistrates-court-and-family-court",,false,null,"No areas of law available","No address available"
"Derby Combined Court Centre",52.9224327870517,-1.47306894703453,419,185,0,"derby-combined-court-centre","County Court | Crown Court | Family Court",true,"724060 Derby 21","Name: Adoption, External Link: https://www.gov.uk/child-adoption, Description: Information about adopting a child, Display Name: N/A, Display External Link: https://www.gov.uk/child-adoption/applying-for-an-adoption-court-order | Name: Bankruptcy, External Link: https://www.gov.uk/apply-for-bankruptcy, Description: Information about applying for bankruptcy, Display Name: N/A, Display External Link: https://www.gov.uk/bankruptcy | Name: Children, External Link: N/A, Description: N/A, Display Name: Childcare arrangements if you separate from your partner, Display External Link: https://www.gov.uk/looking-after-children-divorce | Name: Crime, External Link: N/A, Description: N/A, Display Name: N/A, Display External Link: N/A | Name: Divorce, External Link: https://www.gov.uk/divorce, Description: Information about getting a divorce, Display Name: N/A, Display External Link: N/A | Name: Domestic violence, External Link: N/A, Description: N/A, Display Name: Domestic abuse, Display External Link: https://www.gov.uk/injunction-domestic-violence | Name: FGM, External Link: https://www.gov.uk/government/collections/female-genital-mutilation, Description: N/A, Display Name: Female Genital Mutilation, Display External Link: N/A | Name: Forced marriage, External Link: https://www.gov.uk/apply-forced-marriage-protection-order, Description: Information about forced marriage protection orders, Display Name: N/A, Display External Link: N/A | Name: High Court District Registry, External Link: N/A, Description: N/A, Display Name: High Court cases – serious or high profile criminal or civil law cases, Display External Link: N/A | Name: Housing possession, External Link: https://www.gov.uk/evicting-tenants, Description: Information about evicting tenants, Display Name: Housing, Display External Link: N/A | Name: Money claims, External Link: https://www.gov.uk/make-court-claim-for-money, Description: Information about making a court claim for money, Display Name: N/A, Display External Link: N/A | Name: Single justice procedure, External Link: N/A, Description: N/A, Display Name: N/A, Display External Link: N/A","Town: Derby, Postcode: DE1 2XE, Address: Morledge, Type: Visit or contact us, County: Derbyshire, N/A, Description: N/A, EPIM ID: N/A"
"Derby Magistrates' Court",52.924235416044866,-1.480276047994357,0,0,1419,derby-magistrates-court,"Magistrates' Court | Tribunal",true,"707570 Derby 8","Name: Crime, External Link: N/A, Description: N/A, Display Name: N/A, Display External Link: N/A | Name: Single justice procedure, External Link: N/A, Description: N/A, Display Name: N/A, Display External Link: N/A | Name: Social security, External Link: https://www.gov.uk/tribunal/sscs, Description: Information about the Social Security and Child Support Tribunal, Display Name: Benefits, Display External Link: https://www.gov.uk/appeal-benefit-decision","Town: Derby, Postcode: DE1 3JR, Address: The Court House, 18 St Mary's Gate, Type: Visit or contact us, County: Derbyshire, N/A, Description: N/A, EPIM ID: "
"Derby Social Security and Child Support Tribunal",52.9245740067258,-1.47958780689999,0,0,0,"derby-social-security-and-child-support-tribunal",Tribunal,true,null,"Name: Social security, External Link: https://www.gov.uk/tribunal/sscs, Description: Information about the Social Security and Child Support Tribunal, Display Name: Benefits, Display External Link: https://www.gov.uk/appeal-benefit-decision","Town: Derby, Postcode: DE1 3JR, Address: Derby Justice Centre, St Marys Gate, Derbyshire, Type: Visit us, County: Derbyshire, N/A, Description: N/A, EPIM ID: N/A | Town: Birmingham, Postcode: B16 6FR, Address: PO Box 14620, Type: Write to us, County: Derbyshire, N/A, Description: N/A, EPIM ID: N/A"
"Devon and Cornwall Central Finance Unit",50.369287345007,-4.13957510061158,0,0,0,"devon-and-cornwall-central-finance-unit",,true,"98470 Plymouth 7","No areas of law available","Town: Plymouth, Postcode: PL1 2DP, Address: The Magistrates' Court, St Andrew Street, Type: Visit or contact us, County: Devon, N/A, Description: N/A, EPIM ID: N/A"
"Devon & Cornwall Fixed Penalty Office",50.36558388790405,-4.105463543393149,0,0,0,"devon-cornwall-fixed-penalty-office",,false,null,"No areas of law available","Town: Plymouth, Postcode: PL1 2YN, Address: Fixed Penalty Office, P.O. Box 76, Type: Visit us, County: Devon, N/A, Description: N/A, EPIM ID: N/A"
"Dewsbury County Court",0.0,0.0,0,0,0,dewsbury-county-court,,false,null,"No areas of law available","No address available"
"Didcot Magistrates' Court",0.0,0.0,0,0,0,didcot-magistrates-court,,false,null,"No areas of law available","No address available"
"Divorce Service Centre",0.0,0.0,0,0,0,divorce-service-centre,,true,null,"Name: Civil partnership, External Link: https://www.gov.uk/end-civil-partnership, Description: Information about ending a civil partnership, Display Name: N/A, Display External Link: N/A | Name: Divorce, External Link: https://www.gov.uk/divorce, Description: Information about getting a divorce, Display Name: N/A, Display External Link: N/A | Name: Financial Remedy, External Link: https://www.gov.uk/money-property-when-relationship-ends, Description: N/A, Display Name: If you are making an application to settle your finances following a divorce (Financial Remedy), please refer to the guidance found here, Display External Link: N/A","Town: PO Box 13226, Harlow, Postcode: CM20 9UG, Address: HMCTS Divorce and Dissolution Service, Type: Write to us, County: Essex, N/A, Description: N/A, EPIM ID: N/A"
"Dolgellau Crown Court",52.7438,-3.8835,758,0,0,dolgellau-crown-court,,false,null,"No areas of law available","No address available"
"Dolgellau Magistrates' Court and Family Court",52.74366620970314,-3.885289396445526,3244,0,0,"dolgellau-magistrates-court-and-family-court",,false,null,"No areas of law available","No address available"
"Doncaster County Court and Family Court",0.0,0.0,0,0,0,"doncaster-county-court-and-family-court",,false,null,"No areas of law available","No address available"
"Doncaster Justice Centre North",53.518990372668,-1.1295626895527,0,187,2771,"doncaster-justice-centre-north","County Court | Family Court | Magistrates' Court",true,"742840 Doncaster 20","Name: Bankruptcy, External Link: https://www.gov.uk/apply-for-bankruptcy, Description: Information about applying for bankruptcy, Display Name: N/A, Display External Link: https://www.gov.uk/bankruptcy | Name: Children, External Link: N/A, Description: N/A, Display Name: Childcare arrangements if you separate from your partner, Display External Link: https://www.gov.uk/looking-after-children-divorce | Name: Crime, External Link: N/A, Description: N/A, Display Name: N/A, Display External Link: N/A | Name: Domestic violence, External Link: N/A, Description: N/A, Display Name: Domestic abuse, Display External Link: https://www.gov.uk/injunction-domestic-violence | Name: High Court District Registry, External Link: N/A, Description: N/A, Display Name: High Court cases – serious or high profile criminal or civil law cases, Display External Link: N/A | Name: Housing possession, External Link: https://www.gov.uk/evicting-tenants, Description: Information about evicting tenants, Display Name: Housing, Display External Link: N/A | Name: Money claims, External Link: https://www.gov.uk/make-court-claim-for-money, Description: Information about making a court claim for money, Display Name: N/A, Display External Link: N/A | Name: Single justice procedure, External Link: N/A, Description: N/A, Display Name: N/A, Display External Link: N/A | Name: Social security, External Link: https://www.gov.uk/tribunal/sscs, Description: Information about the Social Security and Child Support Tribunal, Display Name: Benefits, Display External Link: https://www.gov.uk/appeal-benefit-decision","Town: Doncaster, Postcode: DN1 3HS, Address: College Road, Type: Visit us, County: South Yorkshire, N/A, Description: N/A, EPIM ID: N/A | Town: Doncaster, Postcode: DN1 3HT, Address: P.O. Box 49, College Road, Type: Write to us, County: South Yorkshire, N/A, Description: N/A, EPIM ID: N/A"
"Doncaster Justice Centre South",53.51899036723261,-1.1295626427858618,420,0,0,"doncaster-justice-centre-south","Crown Court",true,"703001 Doncaster 5","Name: Children, External Link: N/A, Description: N/A, Display Name: Childcare arrangements if you separate from your partner, Display External Link: https://www.gov.uk/looking-after-children-divorce | Name: Civil, External Link: N/A, Description: N/A, Display Name: Making an application to settle finances following a divorce or ending a civil partnership, Display External Link: N/A | Name: Crime, External Link: N/A, Description: N/A, Display Name: N/A, Display External Link: N/A | Name: Domestic violence, External Link: N/A, Description: N/A, Display Name: Domestic abuse, Display External Link: https://www.gov.uk/injunction-domestic-violence | Name: High Court, External Link: N/A, Description: N/A, Display Name: N/A, Display External Link: N/A | Name: Housing possession, External Link: https://www.gov.uk/evicting-tenants, Description: Information about evicting tenants, Display Name: Housing, Display External Link: N/A | Name: Money claims, External Link: https://www.gov.uk/make-court-claim-for-money, Description: Information about making a court claim for money, Display Name: N/A, Display External Link: N/A | Name: Single justice procedure, External Link: N/A, Description: N/A, Display Name: N/A, Display External Link: N/A | Name: Social security, External Link: https://www.gov.uk/tribunal/sscs, Description: Information about the Social Security and Child Support Tribunal, Display Name: Benefits, Display External Link: https://www.gov.uk/appeal-benefit-decision","Town: Doncaster, Postcode: DN1 3HS, Address: College Road, Type: Visit or contact us, County: South Yorkshire, N/A, Description: N/A, EPIM ID: N/A"
"Doncaster Social Security and Child Support Tribunal",53.52082236276874,-1.136598845029155,0,0,0,"doncaster-social-security-and-child-support-tribunal",Tribunal,false,null,"Name: Social security, External Link: https://www.gov.uk/tribunal/sscs, Description: Information about the Social Security and Child Support Tribunal, Display Name: Benefits, Display External Link: https://www.gov.uk/appeal-benefit-decision","Town: Doncaster, Postcode: DN1 3DF, Address: 3 Portland Place, Type: Visit us, County: South Yorkshire, N/A, Description: N/A, EPIM ID: N/A | Town: Leeds, Postcode: LS1 2ED, Address: York House, 31 York Place, Type: Write to us, County: South Yorkshire, N/A, Description: N/A, EPIM ID: N/A"
"Dorchester Crown Court",50.71634793051921,-2.440042156349823,407,0,0,dorchester-crown-court,"Crown Court",false,DX8720,"Name: Crime, External Link: N/A, Description: N/A, Display Name: N/A, Display External Link: N/A | Name: Single justice procedure, External Link: N/A, Description: N/A, Display Name: N/A, Display External Link: N/A","Town: Dorchester, Postcode: DT1 1XJ, Address: County Hall, Colliston Park, Type: Visit us, County: Kent, N/A, Description: N/A, EPIM ID: N/A"
"Dover Magistrates' Court",51.127907738396,1.31368540652809,1965,0,0,dover-magistrates-court,"Family Court | Magistrates' Court",false,null,"Name: Crime, External Link: N/A, Description: N/A, Display Name: N/A, Display External Link: N/A | Name: Single justice procedure, External Link: N/A, Description: N/A, Display Name: N/A, Display External Link: N/A","Town: Dover, Postcode: CT16 1BS, Address: Pencester Road, Type: Visit us, County: Kent, N/A, Description: N/A, EPIM ID: N/A"
"Dudley County Court and Family Court",52.5099197549453,-2.08800732727642,0,189,0,"dudley-county-court-and-family-court","County Court | Family Court",true,"745750 Dudley 11","Name: Bankruptcy, External Link: https://www.gov.uk/apply-for-bankruptcy, Description: Information about applying for bankruptcy, Display Name: N/A, Display External Link: https://www.gov.uk/bankruptcy | Name: Children, External Link: N/A, Description: N/A, Display Name: Childcare arrangements if you separate from your partner, Display External Link: https://www.gov.uk/looking-after-children-divorce | Name: Divorce, External Link: https://www.gov.uk/divorce, Description: Information about getting a divorce, Display Name: N/A, Display External Link: N/A | Name: Domestic violence, External Link: N/A, Description: N/A, Display Name: Domestic abuse, Display External Link: https://www.gov.uk/injunction-domestic-violence | Name: High Court District Registry, External Link: N/A, Description: N/A, Display Name: High Court cases – serious or high profile criminal or civil law cases, Display External Link: N/A | Name: Housing possession, External Link: https://www.gov.uk/evicting-tenants, Description: Information about evicting tenants, Display Name: Housing, Display External Link: N/A | Name: Money claims, External Link: https://www.gov.uk/make-court-claim-for-money, Description: Information about making a court claim for money, Display Name: N/A, Display External Link: N/A","Town: Dudley, Postcode: DY1 1RY, Address: The Inhedge, Type: Visit or contact us, County: West Midlands, N/A, Description: N/A, EPIM ID: N/A"
"Dudley Magistrates' Court",52.5097320193109,-2.08787436831275,0,0,2923,dudley-magistrates-court,"Magistrates' Court",true,"745750 Dudley 11","Name: Crime, External Link: N/A, Description: N/A, Display Name: N/A, Display External Link: N/A | Name: Single justice procedure, External Link: N/A, Description: N/A, Display Name: N/A, Display External Link: N/A","Town: Dudley, Postcode: DY1 1RY, Address: Dudley Court House, The Inhedge, Type: Visit or contact us, County: West Midlands, N/A, Description: N/A, EPIM ID: N/A"
"Dundee Tribunal Hearing Centre",56.45768760869469,-2.97030760165751,0,0,0,"dundee-tribunal-hearing-centre",Tribunal,true,null,"Name: Employment, External Link: https://www.gov.uk/courts-tribunals/employment-tribunal, Description: Information about the Employment Tribunal, Display Name: Claims against employers, Display External Link: https://www.gov.uk/employment-tribunals | Name: Social security, External Link: https://www.gov.uk/tribunal/sscs, Description: Information about the Social Security and Child Support Tribunal, Display Name: Benefits, Display External Link: https://www.gov.uk/appeal-benefit-decision","Town: Dundee, Postcode: DD1 4QB, Address: Ground Floor, Endeavour House, 1 Greenmarket, Type: Visit us, County: Dundee City, N/A, Description: N/A, EPIM ID: N/A"
"Durham County Court and Family Court",54.77273154460937,-1.5694314649758234,0,190,0,"durham-county-court-and-family-court","County Court | Family Court",true,"65115 Durham 5","Name: Adoption, External Link: https://www.gov.uk/child-adoption, Description: Information about adopting a child, Display Name: N/A, Display External Link: https://www.gov.uk/child-adoption/applying-for-an-adoption-court-order | Name: Bankruptcy, External Link: https://www.gov.uk/apply-for-bankruptcy, Description: Information about applying for bankruptcy, Display Name: N/A, Display External Link: https://www.gov.uk/bankruptcy | Name: Children, External Link: N/A, Description: N/A, Display Name: Childcare arrangements if you separate from your partner, Display External Link: https://www.gov.uk/looking-after-children-divorce | Name: Divorce, External Link: https://www.gov.uk/divorce, Description: Information about getting a divorce, Display Name: N/A, Display External Link: N/A | Name: Domestic violence, External Link: N/A, Description: N/A, Display Name: Domestic abuse, Display External Link: https://www.gov.uk/injunction-domestic-violence | Name: High Court District Registry, External Link: N/A, Description: N/A, Display Name: High Court cases – serious or high profile criminal or civil law cases, Display External Link: N/A | Name: Housing possession, External Link: https://www.gov.uk/evicting-tenants, Description: Information about evicting tenants, Display Name: Housing, Display External Link: N/A | Name: Money claims, External Link: https://www.gov.uk/make-court-claim-for-money, Description: Information about making a court claim for money, Display Name: N/A, Display External Link: N/A | Name: Social security, External Link: https://www.gov.uk/tribunal/sscs, Description: Information about the Social Security and Child Support Tribunal, Display Name: Benefits, Display External Link: https://www.gov.uk/appeal-benefit-decision","Town: Durham, Postcode: DH1 3RG, Address: (Postcode is for deliveries only - do not use for directions - please use google maps or sat nav), Durham Justice Centre, Green Lane, Old Elvet, Type: Visit or contact us, County: County Durham, N/A, Description: N/A, EPIM ID: "
"Durham Crown Court",54.7740831141334,-1.56790929232945,422,0,0,durham-crown-court,"Crown Court",true,"65112 Durham 4","Name: Crime, External Link: N/A, Description: N/A, Display Name: N/A, Display External Link: N/A | Name: Single justice procedure, External Link: N/A, Description: N/A, Display Name: N/A, Display External Link: N/A","Town: Durham, Postcode: DH1 3HW, Address: The Law Courts, Old Elvet, Type: Visit or contact us, County: , N/A, Description: N/A, EPIM ID: N/A"
"Durham Magistrates' Court",54.7740831141334,-1.56790929232945,1579,0,0,durham-magistrates-court,"Magistrates' Court",false,"721663 Chester-le-Street 2","Name: Crime, External Link: N/A, Description: N/A, Display Name: N/A, Display External Link: N/A | Name: Single justice procedure, External Link: N/A, Description: N/A, Display Name: N/A, Display External Link: N/A","Town: Durham, Postcode: DH1 3HW, Address: Old Elvet, Type: Visit us, County: , N/A, Description: N/A, EPIM ID: N/A | Town: Chester-le-Street, Postcode: DH3 3UA, Address: Newcastle Road, Type: Write to us, County: , N/A, Description: N/A, EPIM ID: N/A"
"Ealing Magistrates' Court",51.5112538218953,-0.323141492630067,0,0,2578,ealing-magistrates-court,"Magistrates' Court",true,"110850 Willesden 2","Name: Crime, External Link: N/A, Description: N/A, Display Name: N/A, Display External Link: N/A | Name: Single justice procedure, External Link: N/A, Description: N/A, Display Name: N/A, Display External Link: N/A","Town: Ealing, Postcode: W13 0SD, Address: The Court House, Green Man Lane, Type: Visit us, County: Greater London, N/A, Description: N/A, EPIM ID: N/A | Town: London, Postcode: NW10 2DZ, Address: 448 High Road, Type: Write to us, County: Greater London, N/A, Description: N/A, EPIM ID: N/A"
"East Berkshire Magistrates' Court, Bracknell",51.41700910694852,-0.7481163899381694,1072,0,0,"east-berkshire-magistrates-court-bracknell","Magistrates' Court",false,"98033 Slough 3","Name: Crime, External Link: N/A, Description: N/A, Display Name: N/A, Display External Link: N/A | Name: Single justice procedure, External Link: N/A, Description: N/A, Display Name: N/A, Display External Link: N/A","Town: Bracknell, Postcode: RG12 1AE, Address: Court House, Town Square, Type: Visit us, County: Berkshire, N/A, Description: N/A, EPIM ID: N/A | Town: Slough, Postcode: SL1 2HJ, Address: Law Courts, Chalvey Park, Off Windsor Road, Type: Write to us, County: Berkshire, N/A, Description: N/A, EPIM ID: N/A"
"East Berkshire Magistrates' Court, Maidenhead",51.5249422197194,-0.714297324890247,1072,0,0,"east-berkshire-magistrates-court-maidenhead","Magistrates' Court",false,"151160 Reading 25","Name: Crime, External Link: N/A, Description: N/A, Display Name: N/A, Display External Link: N/A | Name: Single justice procedure, External Link: N/A, Description: N/A, Display Name: N/A, Display External Link: N/A | Name: Social security, External Link: https://www.gov.uk/tribunal/sscs, Description: Information about the Social Security and Child Support Tribunal, Display Name: Benefits, Display External Link: https://www.gov.uk/appeal-benefit-decision","Town: Maidenhead, Postcode: SL6 8PB, Address: Bridge Road, Type: Visit us, County: Berkshire, N/A, Description: N/A, EPIM ID: N/A | Town: Reading, Postcode: RG1 7TQ, Address: Admin Centre, Reading Magistrates' Court, Castle Street, Type: Write to us, County: Berkshire, N/A, Description: N/A, EPIM ID: N/A"
"East Berkshire Magistrates' Court, Slough",51.507407717797,-0.598103715646149,0,0,1920,"east-berkshire-magistrates-court-slough","Magistrates' Court",true,"151160 Reading 25","Name: Crime, External Link: N/A, Description: N/A, Display Name: N/A, Display External Link: N/A | Name: Single justice procedure, External Link: N/A, Description: N/A, Display Name: N/A, Display External Link: N/A","Town: Slough, Postcode: SL1 2HJ, Address: Law Courts, Chalvey Park, Off Windsor Road, Type: Visit us, County: Berkshire, N/A, Description: N/A, EPIM ID: N/A | Town: Reading, Postcode: RG1 7TQ, Address: Admin Centre, Reading Magistrates' Court, Castle Street, Type: Write to us, County: Berkshire, N/A, Description: N/A, EPIM ID: N/A"
"Eastbourne County Court and Family Court",50.7675470970425,0.27774001276515,191,191,0,"eastbourne-county-court-and-family-court","County Court | Family Court",false,"98110 Eastbourne 2","Name: Bankruptcy, External Link: https://www.gov.uk/apply-for-bankruptcy, Description: Information about applying for bankruptcy, Display Name: N/A, Display External Link: https://www.gov.uk/bankruptcy | Name: Children, External Link: N/A, Description: N/A, Display Name: Childcare arrangements if you separate from your partner, Display External Link: https://www.gov.uk/looking-after-children-divorce | Name: Divorce, External Link: https://www.gov.uk/divorce, Description: Information about getting a divorce, Display Name: N/A, Display External Link: N/A | Name: Domestic violence, External Link: N/A, Description: N/A, Display Name: Domestic abuse, Display External Link: https://www.gov.uk/injunction-domestic-violence | Name: High Court District Registry, External Link: N/A, Description: N/A, Display Name: High Court cases – serious or high profile criminal or civil law cases, Display External Link: N/A | Name: Housing possession, External Link: https://www.gov.uk/evicting-tenants, Description: Information about evicting tenants, Display Name: Housing, Display External Link: N/A | Name: Money claims, External Link: https://www.gov.uk/make-court-claim-for-money, Description: Information about making a court claim for money, Display Name: N/A, Display External Link: N/A | Name: Social security, External Link: https://www.gov.uk/tribunal/sscs, Description: Information about the Social Security and Child Support Tribunal, Display Name: Benefits, Display External Link: https://www.gov.uk/appeal-benefit-decision","Town: Eastbourne, Postcode: BN21 4UN, Address: The Law Courts, Old Orchard Road, Type: Visit or contact us, County: East Sussex, N/A, Description: N/A, EPIM ID: N/A"
"Eastbourne Magistrates' Court",50.7675470970425,0.27774001276515,2948,0,0,"eastbourne-magistrates-court","Family Court | Magistrates' Court",false,"153460 Brighton 17","Name: Crime, External Link: N/A, Description: N/A, Display Name: N/A, Display External Link: N/A | Name: Single justice procedure, External Link: N/A, Description: N/A, Display Name: N/A, Display External Link: N/A","Town: Eastbourne, Postcode: BN21 4UN, Address: The Law Courts, Old Orchard Road, Type: Visit us, County: East Sussex, N/A, Description: N/A, EPIM ID: N/A | Town: Brighton, Postcode: BN2 OLG, Address: Brighton Magistrates' Court, Administration Centre, The Law Courts, Edward Street , Type: Write to us, County: East Sussex, N/A, Description: N/A, EPIM ID: N/A"
"East London Family Court",51.5063346382936,-0.0261344650867725,0,0,0,east-london-family-court,"Family Court",true,"316201 Docklands 3","Name: Adoption, External Link: https://www.gov.uk/child-adoption, Description: Information about adopting a child, Display Name: N/A, Display External Link: https://www.gov.uk/child-adoption/applying-for-an-adoption-court-order | Name: Children, External Link: N/A, Description: N/A, Display Name: Childcare arrangements if you separate from your partner, Display External Link: https://www.gov.uk/looking-after-children-divorce | Name: Divorce, External Link: https://www.gov.uk/divorce, Description: Information about getting a divorce, Display Name: N/A, Display External Link: N/A | Name: Domestic violence, External Link: N/A, Description: N/A, Display Name: Domestic abuse, Display External Link: https://www.gov.uk/injunction-domestic-violence | Name: FGM, External Link: https://www.gov.uk/government/collections/female-genital-mutilation, Description: N/A, Display Name: Female Genital Mutilation, Display External Link: N/A | Name: Forced marriage, External Link: https://www.gov.uk/apply-forced-marriage-protection-order, Description: Information about forced marriage protection orders, Display Name: N/A, Display External Link: N/A","Town: London, Postcode: E14 4HD, Address: East London Family Court, 6th and 7th Floor, 11 Westferry Circus, (Entrance in Columbus Courtyard), Type: Visit or contact us, County: Greater London, N/A, Description: N/A, EPIM ID: N/A"
"East London Family Proceedings Court",51.53916042899769,2.911951288142E-4,0,0,0,"east-london-family-proceedings-court",,false,"157553 Stratford (London) 5","No areas of law available","Town: London, Postcode: E15 4SB, Address: The Court House, 389-397 High Street, Type: Visit us, County: Greater London, N/A, Description: N/A, EPIM ID: N/A"
"East London Tribunal Hearing Centre",51.51018435027144,-0.004927519795984117,0,0,0,"east-london-tribunal-hearing-centre",Tribunal,true,null,"Name: Employment, External Link: https://www.gov.uk/courts-tribunals/employment-tribunal, Description: Information about the Employment Tribunal, Display Name: Claims against employers, Display External Link: https://www.gov.uk/employment-tribunals | Name: Social security, External Link: https://www.gov.uk/tribunal/sscs, Description: Information about the Social Security and Child Support Tribunal, Display Name: Benefits, Display External Link: https://www.gov.uk/appeal-benefit-decision","Town: London, Postcode: E14 2BE, Address: 2nd Floor, Import Building, 2 Clove Crescent, Type: Visit us, County: East Sussex, N/A, Description: N/A, EPIM ID: N/A"
"East Midlands Regional Divorce Centre",0.0,0.0,0,0,0,"east-midlands-regional-divorce-centre","Family Court",false,null,"Name: Civil partnership, External Link: https://www.gov.uk/end-civil-partnership, Description: Information about ending a civil partnership, Display Name: N/A, Display External Link: N/A | Name: Divorce, External Link: https://www.gov.uk/divorce, Description: Information about getting a divorce, Display Name: N/A, Display External Link: N/A","Town: Nottingham, Postcode: NG2 9QN, Address: PO Box 10447, Type: Write to us, County: East Sussex, N/A, Description: N/A, EPIM ID: N/A"
"Edinburgh Employment Appeal Tribunal",55.9490794632879,-3.21456480864742,0,0,0,"edinburgh-employment-appeal-tribunal",Tribunal,true,null,"Name: Employment, External Link: https://www.gov.uk/courts-tribunals/employment-tribunal, Description: Information about the Employment Tribunal, Display Name: Claims against employers, Display External Link: https://www.gov.uk/employment-tribunals","Town: Edinburgh, Postcode: EH3 7HF, Address: 52 Melville Street, Type: Visit us, County: City of Edinburgh, N/A, Description: N/A, EPIM ID: N/A | Town: Edinburgh, Postcode: EH2 4HH, Address: EAT Administration Office,, George House, 126 George Street, Type: Write to us, County: City of Edinburgh, N/A, Description: N/A, EPIM ID: N/A"
"Edinburgh Employment Tribunal",55.9490794632879,-3.21456480864742,0,0,0,"edinburgh-employment-tribunal",Tribunal,true,ED147,"Name: Employment, External Link: https://www.gov.uk/courts-tribunals/employment-tribunal, Description: Information about the Employment Tribunal, Display Name: Claims against employers, Display External Link: https://www.gov.uk/employment-tribunals","Town: Edinburgh, Postcode: EH3 7HF, Address: 54-56 Melville Street, Type: Visit us, County: City of Edinburgh, N/A, Description: N/A, EPIM ID: N/A | Town: Glasgow, Postcode: G2 8GT, Address: The Glasgow Tribunals Centre, 20 York Street, Type: Write to us, County: City of Edinburgh, N/A, Description: N/A, EPIM ID: N/A"
"Edinburgh Social Security and Child Support Tribunal",55.952014793762594,-3.2052462569620377,0,0,0,"edinburgh-social-security-and-child-support-tribunal",Tribunal,true,551940,"Name: Social security, External Link: https://www.gov.uk/tribunal/sscs, Description: Information about the Social Security and Child Support Tribunal, Display Name: Benefits, Display External Link: https://www.gov.uk/appeal-benefit-decision","Town: Edinburgh, Postcode: EH2 4HH, Address: George House, 126 George Street, Type: Visit us, County: City of Edinburgh, N/A, Description: N/A, EPIM ID: N/A | Town: Glasgow, Postcode: G2 8GT, Address: The Glasgow Tribunals Centre, 20 York Street, Type: Write to us, County: City of Edinburgh, N/A, Description: N/A, EPIM ID: N/A"
"Edinburgh Upper Tribunal (Administrative Appeals Chamber)",55.9517066099307,-3.20507022684499,0,0,0,"edinburgh-upper-tribunal-administrative-appeals-chamber",Tribunal,true,null,"Name: Social security, External Link: https://www.gov.uk/tribunal/sscs, Description: Information about the Social Security and Child Support Tribunal, Display Name: Benefits, Display External Link: https://www.gov.uk/appeal-benefit-decision | Name: Tax, External Link: https://www.gov.uk/tax-tribunal, Description: Information about tax tribunals, Display Name: N/A, Display External Link: N/A","Town: Edinburgh, Postcode: EH3 7HF, Address: 52 Melville Street, Type: Visit us, County: City of Edinburgh, N/A, Description: N/A, EPIM ID: N/A | Town: Edinburgh, Postcode: EH2 4HH, Address: George House, 126 George Street, Type: Write to us, County: City of Edinburgh, N/A, Description: N/A, EPIM ID: N/A"
"Edmonton County Court and Family Court",51.6106998875953,-0.0659506054672744,0,194,0,"edmonton-county-court-and-family-court","County Court | Family Court",true,"136686 Edmonton 3","Name: Children, External Link: N/A, Description: N/A, Display Name: Childcare arrangements if you separate from your partner, Display External Link: https://www.gov.uk/looking-after-children-divorce | Name: Divorce, External Link: https://www.gov.uk/divorce, Description: Information about getting a divorce, Display Name: N/A, Display External Link: N/A | Name: Domestic violence, External Link: N/A, Description: N/A, Display Name: Domestic abuse, Display External Link: https://www.gov.uk/injunction-domestic-violence | Name: Housing possession, External Link: https://www.gov.uk/evicting-tenants, Description: Information about evicting tenants, Display Name: Housing, Display External Link: N/A | Name: Money claims, External Link: https://www.gov.uk/make-court-claim-for-money, Description: Information about making a court claim for money, Display Name: N/A, Display External Link: N/A","Town: Edmonton, Postcode: N18 2TN, Address: Court House, 59 Fore Street, Type: Visit or contact us, County: Greater London, N/A, Description: N/A, EPIM ID: N/A"
"Ely Magistrates' Court",0.0,0.0,0,0,0,ely-magistrates-court,,false,null,"No areas of law available","No address available"
"Employment Appeal Tribunal (England and Wales)",51.51576958071265,-0.11031630830157654,0,0,0,"employment-appeal-tribunal-england-and-wales",Tribunal,true,null,"No areas of law available","Town: London, Postcode: EC4A 1NL, Address: Rolls Building , 7 Rolls Buildings , Fetter Lane, Type: Write to us, County: Greater London, N/A, Description: N/A, EPIM ID: N/A"
"Enfield Social Security and Child Support Tribunal",51.6494938950717,-0.0572744986290065,0,0,0,"enfield-social-security-and-child-support-tribunal",,true,null,"Name: Children, External Link: N/A, Description: N/A, Display Name: Childcare arrangements if you separate from your partner, Display External Link: https://www.gov.uk/looking-after-children-divorce | Name: Social security, External Link: https://www.gov.uk/tribunal/sscs, Description: Information about the Social Security and Child Support Tribunal, Display Name: Benefits, Display External Link: https://www.gov.uk/appeal-benefit-decision","Town: Enfield, Postcode: EN1 1TR, Address: 288 Southbury Road, Type: Visit us, County: Greater London, N/A, Description: N/A, EPIM ID: N/A | Town: Sutton, Postcode: SM1 1DA, Address: HMCTS Sutton, Copthall House, 9 The Pavement, Grove Road, Type: Write to us, County: Greater London, N/A, Description: N/A, EPIM ID: N/A"
"Epping Magistrates' Court",0.0,0.0,0,0,0,epping-magistrates-court,,false,null,"No areas of law available","No address available"
"Epsom County Court",0.0,0.0,0,0,0,epsom-county-court,,false,null,"No areas of law available","No address available"
"Epsom Magistrates' Court",0.0,0.0,0,0,0,epsom-magistrates-court,,false,null,"No areas of law available","No address available"
"Epsom Social Security and Child Support Tribunal",0.0,0.0,0,0,0,"epsom-social-security-and-child-support-tribunal",Tribunal,false,null,"Name: Social security, External Link: https://www.gov.uk/tribunal/sscs, Description: Information about the Social Security and Child Support Tribunal, Display Name: Benefits, Display External Link: https://www.gov.uk/appeal-benefit-decision","Town: Epsom, Postcode: KT17 1HF, Address: 84-90 East Street , Type: Write to us, County: Devon, N/A, Description: N/A, EPIM ID: N/A"
"Evesham County Court",0.0,0.0,0,0,0,evesham-county-court,,false,null,"No areas of law available","No address available"
"Exeter Law Courts",50.7212729831512,-3.52522940596798,423,198,1300,exeter-law-courts,"County Court | Crown Court | Family Court | Magistrates' Court",true,"98440 Exeter 2","Name: Adoption, External Link: https://www.gov.uk/child-adoption, Description: Information about adopting a child, Display Name: N/A, Display External Link: https://www.gov.uk/child-adoption/applying-for-an-adoption-court-order | Name: Bankruptcy, External Link: https://www.gov.uk/apply-for-bankruptcy, Description: Information about applying for bankruptcy, Display Name: N/A, Display External Link: https://www.gov.uk/bankruptcy | Name: Children, External Link: N/A, Description: N/A, Display Name: Childcare arrangements if you separate from your partner, Display External Link: https://www.gov.uk/looking-after-children-divorce | Name: Crime, External Link: N/A, Description: N/A, Display Name: N/A, Display External Link: N/A | Name: Divorce, External Link: https://www.gov.uk/divorce, Description: Information about getting a divorce, Display Name: N/A, Display External Link: N/A | Name: Domestic violence, External Link: N/A, Description: N/A, Display Name: Domestic abuse, Display External Link: https://www.gov.uk/injunction-domestic-violence | Name: High Court District Registry, External Link: N/A, Description: N/A, Display Name: High Court cases – serious or high profile criminal or civil law cases, Display External Link: N/A | Name: Housing possession, External Link: https://www.gov.uk/evicting-tenants, Description: Information about evicting tenants, Display Name: Housing, Display External Link: N/A | Name: Money claims, External Link: https://www.gov.uk/make-court-claim-for-money, Description: Information about making a court claim for money, Display Name: N/A, Display External Link: N/A | Name: Single justice procedure, External Link: N/A, Description: N/A, Display Name: N/A, Display External Link: N/A | Name: Social security, External Link: https://www.gov.uk/tribunal/sscs, Description: Information about the Social Security and Child Support Tribunal, Display Name: Benefits, Display External Link: https://www.gov.uk/appeal-benefit-decision","Town: Exeter, Postcode: EX1 1UH, Address: Southernhay Gardens, Type: Visit or contact us, County: , N/A, Description: N/A, EPIM ID: N/A"
"Exeter Magistrates' Court - North and East Devon",50.7241302281201,-3.51716148084708,0,0,1300,"exeter-magistrates-court-north-and-east-devon","Magistrates' Court",false,"98440 Exeter 2","Name: Crime, External Link: N/A, Description: N/A, Display Name: N/A, Display External Link: N/A | Name: Single justice procedure, External Link: N/A, Description: N/A, Display Name: N/A, Display External Link: N/A","Town: Exeter, Postcode: EX1 2LS, Address: The Court House, Heavitree Road, Type: Visit us, County: Devon, N/A, Description: N/A, EPIM ID: N/A | Town: Exeter, Postcode: EX1 1UH, Address: Southernhay Gardens, Type: Write to us, County: Devon, N/A, Description: N/A, EPIM ID: N/A"
"Exeter Probate Sub-Registry",0.0,0.0,0,0,0,"exeter-probate-sub-registry",,false,"743940 Cardiff 38","Name: Probate, External Link: https://www.gov.uk/wills-probate-inheritance, Description: Information about wills and probate, Display Name: N/A, Display External Link: https://www.gov.uk/applying-for-probate","Town: Cardiff, Postcode: CF24 0RZ , Address: The Probate Registry of Wales, 3rd-Floor , Cardiff Magistrates Court, Fitzalan Place, Type: Write to us, County: Cardiff, N/A, Description: N/A, EPIM ID: N/A"
"Exeter Social Security and Child Support Tribunal",50.72183690768533,-3.525431853328277,0,0,0,"exeter-social-security-and-child-support-tribunal",,true,null,"Name: Social security, External Link: https://www.gov.uk/tribunal/sscs, Description: Information about the Social Security and Child Support Tribunal, Display Name: Benefits, Display External Link: https://www.gov.uk/appeal-benefit-decision","Town: Exeter, Postcode: EX1 1NT, Address: 2nd Floor, Keble House, Southernhay Gardens, Type: Visit us, County: Devon, N/A, Description: N/A, EPIM ID:  | Town: Cardiff, Postcode: CF24 0AB, Address: Eastgate House, 35-43 Newport Road, Type: Write to us, County: Cardiff, N/A, Description: N/A, EPIM ID: N/A"
"Family Division",51.5136453718662,-0.11354603951829052,0,0,0,family-division,,true,"44450 Strand","No areas of law available","Town: London, Postcode: WC2A 2LL, Address: 1st Mezzanine, Queen’s Building,  The Royal Courts of Justice, Strand, Type: Visit us, County: Greater London, N/A, Description: N/A, EPIM ID: "
"Fareham Magistrates' Court",50.85333865404638,-1.183138704616111,0,0,0,"fareham-magistrates-court","Magistrates' Court",false,"98494 Portsmouth 5","Name: Crime, External Link: N/A, Description: N/A, Display Name: N/A, Display External Link: N/A | Name: Single justice procedure, External Link: N/A, Description: N/A, Display Name: N/A, Display External Link: N/A","Town: Fareham, Postcode: PO16 7SB, Address: The Court House, Trinity Street, Type: Visit us, County: Greater London, N/A, Description: N/A, EPIM ID: N/A | Town: Portsmouth, Postcode: PO1 2DQ, Address: Portsmouth Magistrates' Court, The Law Courts, Winston Churchill Avenue, Type: Write to us, County: Greater London, N/A, Description: N/A, EPIM ID: N/A"
"Feltham Magistrates' Court",0.0,0.0,2578,0,0,"feltham-magistrates-court","Magistrates' Court",false,null,"Name: Crime, External Link: N/A, Description: N/A, Display Name: N/A, Display External Link: N/A | Name: Single justice procedure, External Link: N/A, Description: N/A, Display Name: N/A, Display External Link: N/A","No address available"
"Field House Tribunal Hearing Centre",51.5162866229682,-0.110035473990151,0,0,0,"field-house-tribunal-hearing-centre",Tribunal,true,null,"Name: Immigration, External Link: https://www.gov.uk/tribunal/iac, Description: Information about the Immigration and Asylum Tribunal, Display Name: Immigration and asylum, Display External Link: https://www.gov.uk/immigration-asylum-tribunal","Town: London, Postcode: EC4A 1DZ, Address: Field House, 15-25 Breams Buildings, Type: Visit us, County: Lancashire, N/A, Description: N/A, EPIM ID: N/A"
"Fleetwood Family Court",53.9279885385264,-3.0089104237743,1992,0,0,fleetwood-family-court,"Family Court",false,"724900 Blackpool 10","Name: Children, External Link: N/A, Description: N/A, Display Name: Childcare arrangements if you separate from your partner, Display External Link: https://www.gov.uk/looking-after-children-divorce","Town: Fleetwood, Postcode: FY7 6BN, Address: The Esplanade, Type: Visit us, County: Kent, N/A, Description: N/A, EPIM ID: N/A | Town: Blackpool, Postcode: FY1 5RJ, Address: Blackpool County Court and Family Court, Chapel Street, Type: Write to us, County: Kent, N/A, Description: N/A, EPIM ID: N/A"
"Flint Magistrates' Court",0.0,0.0,0,0,0,flint-magistrates-court,,false,null,"No areas of law available","No address available"
"Folkestone Magistrates' Court",51.0788451823984,1.16922029383355,0,0,1965,"folkestone-magistrates-court","Magistrates' Court",true,null,"Name: Crime, External Link: N/A, Description: N/A, Display Name: N/A, Display External Link: N/A | Name: Single justice procedure, External Link: N/A, Description: N/A, Display Name: N/A, Display External Link: N/A","Town: Folkestone, Postcode: CT20 2DH, Address: The Law Courts, Castle Hill Avenue, Type: Visit or contact us, County: Lancashire, N/A, Description: N/A, EPIM ID: N/A"
"Frome Magistrates' Court",0.0,0.0,0,0,0,frome-magistrates-court,,false,null,"No areas of law available","No address available"
"Gangmaster Licensing Appeals (England, Wales and Scotland)",53.4833750544226,-2.24785031244591,0,0,0,"gangmaster-licensing-appeals-england-wales-and-scotland",Tribunal,true,null,"No areas of law available","Town: Manchester, Postcode: M3 2JA, Address: Alexandra House, 14-22 The Parsonage, Type: Visit or contact us, County: Greater Manchester, N/A, Description: N/A, EPIM ID: N/A"
"Gateshead County Court and Family Court",54.9589819632503,-1.6003005444938,0,202,0,"gateshead-county-court-and-family-court","County Court | Family Court",true,"742120 Gateshead 6","Name: Children, External Link: N/A, Description: N/A, Display Name: Childcare arrangements if you separate from your partner, Display External Link: https://www.gov.uk/looking-after-children-divorce | Name: Divorce, External Link: https://www.gov.uk/divorce, Description: Information about getting a divorce, Display Name: N/A, Display External Link: N/A | Name: Domestic violence, External Link: N/A, Description: N/A, Display Name: Domestic abuse, Display External Link: https://www.gov.uk/injunction-domestic-violence | Name: Housing possession, External Link: https://www.gov.uk/evicting-tenants, Description: Information about evicting tenants, Display Name: Housing, Display External Link: N/A | Name: Money claims, External Link: https://www.gov.uk/make-court-claim-for-money, Description: Information about making a court claim for money, Display Name: N/A, Display External Link: N/A","Town: Gateshead, Postcode: NE8 1DT, Address: Gateshead Law Courts, Warwick Street, Type: Visit or contact us, County: Tyne & Wear, N/A, Description: N/A, EPIM ID: N/A"
"Gateshead Magistrates' Court and Family Court",54.9589819632503,-1.6003005444938,0,0,2365,"gateshead-magistrates-court-and-family-court","Family Court | Magistrates' Court",true,"742120 Gateshead 6","Name: Children, External Link: N/A, Description: N/A, Display Name: Childcare arrangements if you separate from your partner, Display External Link: https://www.gov.uk/looking-after-children-divorce | Name: Crime, External Link: N/A, Description: N/A, Display Name: N/A, Display External Link: N/A | Name: Domestic violence, External Link: N/A, Description: N/A, Display Name: Domestic abuse, Display External Link: https://www.gov.uk/injunction-domestic-violence | Name: Single justice procedure, External Link: N/A, Description: N/A, Display Name: N/A, Display External Link: N/A | Name: Social security, External Link: https://www.gov.uk/tribunal/sscs, Description: Information about the Social Security and Child Support Tribunal, Display Name: Benefits, Display External Link: https://www.gov.uk/appeal-benefit-decision","Town: Gateshead, Postcode: NE8 1DT, Address: Warwick Street, Type: Visit or contact us, County: County Durham, N/A, Description: N/A, EPIM ID: N/A"
"General Regulatory Chamber",52.6129122008096,-1.1949112282338836,0,0,0,"general-regulatory-chamber",Tribunal,true,null,"No areas of law available","Town: Leicester, Postcode: LE1 8DJ, Address: PO Box 9300, Type: Write to us, County: Leicestershire, N/A, Description: N/A, EPIM ID: N/A"
"Glasgow Employment and Immigration Tribunals (Eagle Building)",55.857311,-4.262729,0,0,0,"glasgow-employment-and-immigration-tribunals-eagle-building",Tribunal,false,null,"Name: Employment, External Link: https://www.gov.uk/courts-tribunals/employment-tribunal, Description: Information about the Employment Tribunal, Display Name: Claims against employers, Display External Link: https://www.gov.uk/employment-tribunals","Town: Glasgow, Postcode: G2 8GT, Address: Glasgow Tribunals Centre, 20 York Street, Type: Visit us, County: Glasgow City, N/A, Description: N/A, EPIM ID: N/A"
"Glasgow Tribunal Hearing Centre (Wellington House)",55.8639298958514,-4.25882845268842,0,0,0,"glasgow-tribunal-hearing-centre-wellington-house",Tribunal,false,551940,"Name: Social security, External Link: https://www.gov.uk/tribunal/sscs, Description: Information about the Social Security and Child Support Tribunal, Display Name: Benefits, Display External Link: https://www.gov.uk/appeal-benefit-decision","Town: Glasgow, Postcode: G2 2XL, Address: Wellington House, 134-136 Wellington Street, Type: Visit us, County: Glasgow City, N/A, Description: N/A, EPIM ID: N/A"
"Glasgow Tribunals Centre",55.857311,-4.262729,0,0,0,glasgow-tribunals-centre,Tribunal,true,"551 940","Name: Employment, External Link: https://www.gov.uk/courts-tribunals/employment-tribunal, Description: Information about the Employment Tribunal, Display Name: Claims against employers, Display External Link: https://www.gov.uk/employment-tribunals | Name: Immigration, External Link: https://www.gov.uk/tribunal/iac, Description: Information about the Immigration and Asylum Tribunal, Display Name: Immigration and asylum, Display External Link: https://www.gov.uk/immigration-asylum-tribunal | Name: Social security, External Link: https://www.gov.uk/tribunal/sscs, Description: Information about the Social Security and Child Support Tribunal, Display Name: Benefits, Display External Link: https://www.gov.uk/appeal-benefit-decision","Town: Glasgow, Postcode: G2 8GT, Address: 20 York Street, Type: Visit or contact us, County: Glasgow City, N/A, Description: N/A, EPIM ID: N/A"
"Gloucester and Cheltenham County  and Family Court",51.8634033819096,-2.24939673386749,0,203,0,"gloucester-and-cheltenham-county-and-family-court","County Court | Family Court",true,"98660 Gloucester 5","Name: Adoption, External Link: https://www.gov.uk/child-adoption, Description: Information about adopting a child, Display Name: N/A, Display External Link: https://www.gov.uk/child-adoption/applying-for-an-adoption-court-order | Name: Bankruptcy, External Link: https://www.gov.uk/apply-for-bankruptcy, Description: Information about applying for bankruptcy, Display Name: N/A, Display External Link: https://www.gov.uk/bankruptcy | Name: Children, External Link: N/A, Description: N/A, Display Name: Childcare arrangements if you separate from your partner, Display External Link: https://www.gov.uk/looking-after-children-divorce | Name: Divorce, External Link: https://www.gov.uk/divorce, Description: Information about getting a divorce, Display Name: N/A, Display External Link: N/A | Name: Domestic violence, External Link: N/A, Description: N/A, Display Name: Domestic abuse, Display External Link: https://www.gov.uk/injunction-domestic-violence | Name: High Court District Registry, External Link: N/A, Description: N/A, Display Name: High Court cases – serious or high profile criminal or civil law cases, Display External Link: N/A | Name: Housing possession, External Link: https://www.gov.uk/evicting-tenants, Description: Information about evicting tenants, Display Name: Housing, Display External Link: N/A | Name: Money claims, External Link: https://www.gov.uk/make-court-claim-for-money, Description: Information about making a court claim for money, Display Name: N/A, Display External Link: N/A | Name: Social security, External Link: https://www.gov.uk/tribunal/sscs, Description: Information about the Social Security and Child Support Tribunal, Display Name: Benefits, Display External Link: https://www.gov.uk/appeal-benefit-decision","Town: Gloucester, Postcode: GL1 2DE, Address: Kimbrose Way, Type: Visit or contact us, County: Gloucestershire, N/A, Description: N/A, EPIM ID: N/A"
"Gloucester Crown Court",51.8659930451082,-2.24926584243713,424,0,0,gloucester-crown-court,"Crown Court",true,"98660 Gloucester 5","Name: Crime, External Link: N/A, Description: N/A, Display Name: N/A, Display External Link: N/A | Name: Single justice procedure, External Link: N/A, Description: N/A, Display Name: N/A, Display External Link: N/A","Town: Gloucester, Postcode: GL1 2TS, Address: Longsmith Street, Type: Visit or contact us, County: Gloucestershire, N/A, Description: N/A, EPIM ID: N/A"
"Gloucester Magistrates' Court",51.8654428469783,-2.25009058795034,1692,0,0,"gloucester-magistrates-court","Magistrates' Court",false,"7598 Gloucester 3","Name: Crime, External Link: N/A, Description: N/A, Display Name: N/A, Display External Link: N/A | Name: Single justice procedure, External Link: N/A, Description: N/A, Display Name: N/A, Display External Link: N/A","Town: Gloucester, Postcode: GL1 2JH, Address: Gloucester Courthouse, Barbican Way, Type: Visit us, County: Gloucestershire, N/A, Description: N/A, EPIM ID: N/A | Town: Gloucester, Postcode: GL1 2XG, Address: HMCTS Gloucestershire, PO Box 9051, Type: Write to us, County: Gloucestershire, N/A, Description: N/A, EPIM ID: N/A"
"Gloucester Probate Sub-Registry",51.863404159727,-2.24939680557949,0,0,0,"gloucester-probate-sub-registry",,false,"96454 Oxford 4","Name: Probate, External Link: https://www.gov.uk/wills-probate-inheritance, Description: Information about wills and probate, Display Name: N/A, Display External Link: https://www.gov.uk/applying-for-probate","Town: Gloucester, Postcode: GL1 2DG, Address: Ground Floor, Combined Court Building, Kimbrose Way, Type: Visit us, County: Gloucestershire, N/A, Description: N/A, EPIM ID: N/A | Town: Oxford, Postcode: OX1 1LY, Address: Oxford District Probate Registry, Combined Court Building, St Aldates, Type: Write to us, County: Gloucestershire, N/A, Description: N/A, EPIM ID: N/A"
"Goole County Court",0.0,0.0,0,0,0,goole-county-court,,false,null,"No areas of law available","No address available"
"Goole Magistrates' Court",0.0,0.0,0,0,0,goole-magistrates-court,,false,null,"No areas of law available","No address available"
"Gosforth Magistrates' Court",0.0,0.0,0,0,0,"gosforth-magistrates-court",,false,null,"No areas of law available","No address available"
"Grantham County Court",0.0,0.0,0,0,0,grantham-county-court,,false,null,"No areas of law available","No address available"
"Grantham Magistrates' Court",52.90406052318392,-0.6501677083476987,2105,0,0,"grantham-magistrates-court","Magistrates' Court",false,"703232 Lincoln 6","Name: Crime, External Link: N/A, Description: N/A, Display Name: N/A, Display External Link: N/A | Name: Immigration, External Link: https://www.gov.uk/tribunal/iac, Description: Information about the Immigration and Asylum Tribunal, Display Name: Immigration and asylum, Display External Link: https://www.gov.uk/immigration-asylum-tribunal | Name: Single justice procedure, External Link: N/A, Description: N/A, Display Name: N/A, Display External Link: N/A","Town: Grantham, Postcode: NG31 7SB, Address: Harlaxton Road, Type: Visit us, County: Lincolnshire, N/A, Description: N/A, EPIM ID: N/A | Town: Lincoln, Postcode: LN5 7QA, Address: The Court House, 358 High Street, Type: Write to us, County: Lincolnshire, N/A, Description: N/A, EPIM ID: N/A"
"Gravesend County Court",0.0,0.0,0,0,0,gravesend-county-court,,false,null,"No areas of law available","No address available"
"Grays Magistrates' Court",0.0,0.0,0,0,0,grays-magistrates-court,,false,null,"No areas of law available","No address available"
"Greater Manchester Central Accounts and Enforcement Unit",53.487362044977864,-2.227211684089496,0,0,0,"greater-manchester-central-accounts-and-enforcement-unit",,true,null,"No areas of law available","Town: Manchester, Postcode: M61 0PQ, Address: PO Box 4372, Type: Write to us, County: Greater Manchester, N/A, Description: N/A, EPIM ID: N/A"
"Great Grimsby Combined Court Centre",53.5648518414331,-0.0822233354363682,425,208,0,"great-grimsby-combined-court-centre","Crown Court",true,"702007 Grimsby 3","Name: Adoption, External Link: https://www.gov.uk/child-adoption, Description: Information about adopting a child, Display Name: N/A, Display External Link: https://www.gov.uk/child-adoption/applying-for-an-adoption-court-order | Name: Bankruptcy, External Link: https://www.gov.uk/apply-for-bankruptcy, Description: Information about applying for bankruptcy, Display Name: N/A, Display External Link: https://www.gov.uk/bankruptcy | Name: Children, External Link: N/A, Description: N/A, Display Name: Childcare arrangements if you separate from your partner, Display External Link: https://www.gov.uk/looking-after-children-divorce | Name: Crime, External Link: N/A, Description: N/A, Display Name: N/A, Display External Link: N/A | Name: Divorce, External Link: https://www.gov.uk/divorce, Description: Information about getting a divorce, Display Name: N/A, Display External Link: N/A | Name: Domestic violence, External Link: N/A, Description: N/A, Display Name: Domestic abuse, Display External Link: https://www.gov.uk/injunction-domestic-violence | Name: High Court District Registry, External Link: N/A, Description: N/A, Display Name: High Court cases – serious or high profile criminal or civil law cases, Display External Link: N/A | Name: Housing possession, External Link: https://www.gov.uk/evicting-tenants, Description: Information about evicting tenants, Display Name: Housing, Display External Link: N/A | Name: Money claims, External Link: https://www.gov.uk/make-court-claim-for-money, Description: Information about making a court claim for money, Display Name: N/A, Display External Link: N/A | Name: Single justice procedure, External Link: N/A, Description: N/A, Display Name: N/A, Display External Link: N/A","Town: Grimsby, Postcode: DN31 1HX, Address: Great Grimsby Combined Court, Town Hall Square, Type: Visit or contact us, County: Lincolnshire, N/A, Description: N/A, EPIM ID: N/A"
"Great Yarmouth Magistrates' Court and Family Court",52.61317312078588,1.724932543311677,0,0,1972,"great-yarmouth-magistrates-court-and-family-court","Magistrates' Court",true,"97389 Norwich 5","Name: Adoption, External Link: https://www.gov.uk/child-adoption, Description: Information about adopting a child, Display Name: N/A, Display External Link: https://www.gov.uk/child-adoption/applying-for-an-adoption-court-order | Name: Children, External Link: N/A, Description: N/A, Display Name: Childcare arrangements if you separate from your partner, Display External Link: https://www.gov.uk/looking-after-children-divorce | Name: Crime, External Link: N/A, Description: N/A, Display Name: N/A, Display External Link: N/A | Name: Divorce, External Link: https://www.gov.uk/divorce, Description: Information about getting a divorce, Display Name: N/A, Display External Link: N/A | Name: Domestic violence, External Link: N/A, Description: N/A, Display Name: Domestic abuse, Display External Link: https://www.gov.uk/injunction-domestic-violence | Name: Single justice procedure, External Link: N/A, Description: N/A, Display Name: N/A, Display External Link: N/A","Town: Great Yarmouth, Postcode: NR30 1PW, Address: The Courthouse, North Quay, Type: Visit us, County: Norfolk, N/A, Description: N/A, EPIM ID: N/A | Town: Norwich, Postcode: NR3 1UR, Address: Norwich Combined Court, Bishopgate, Type: Write to us, County: Norfolk, Courts: Family Court, Description: N/A, EPIM ID: N/A | Town: Norwich, Postcode: NR3 1UP, Address: Norwich Magistrates' Court, Bishopgate, Type: Write to us, County: Norfolk, Areas of Law: Crime, Description: N/A, EPIM ID: N/A"
"Greenwich Magistrates' Court",0.0,0.0,2575,0,0,"greenwich-magistrates-court",,false,null,"Name: Crime, External Link: N/A, Description: N/A, Display Name: N/A, Display External Link: N/A | Name: Single justice procedure, External Link: N/A, Description: N/A, Display Name: N/A, Display External Link: N/A","Town: Bromley, Postcode: BR1 1RA, Address: Please write to the Admin Centre for Greenwich MC at: , Bromley Magistrates' Court, The Court House ,  1 London Road, Type: Write to us, County: Lincolnshire, N/A, Description: N/A, EPIM ID: N/A"
"Grimsby Magistrates' Court and Family Court",53.5674548387289,-0.081410882328022,0,0,1980,"grimsby-magistrates-court-and-family-court","Family Court | Magistrates' Court | Tribunal",true,"707680 Grimsby 5","Name: Adoption, External Link: https://www.gov.uk/child-adoption, Description: Information about adopting a child, Display Name: N/A, Display External Link: https://www.gov.uk/child-adoption/applying-for-an-adoption-court-order | Name: Children, External Link: N/A, Description: N/A, Display Name: Childcare arrangements if you separate from your partner, Display External Link: https://www.gov.uk/looking-after-children-divorce | Name: Crime, External Link: N/A, Description: N/A, Display Name: N/A, Display External Link: N/A | Name: Domestic violence, External Link: N/A, Description: N/A, Display Name: Domestic abuse, Display External Link: https://www.gov.uk/injunction-domestic-violence | Name: Single justice procedure, External Link: N/A, Description: N/A, Display Name: N/A, Display External Link: N/A | Name: Social security, External Link: https://www.gov.uk/tribunal/sscs, Description: Information about the Social Security and Child Support Tribunal, Display Name: Benefits, Display External Link: https://www.gov.uk/appeal-benefit-decision","Town: Grimsby, Postcode: DN31 1NH, Address: Victoria Street, Type: Visit or contact us, County: Surrey, N/A, Description: N/A, EPIM ID: N/A"
"Guildford County Court and Family Court",51.2389313251967,-0.576926512483474,0,211,0,"guildford-county-court-and-family-court","County Court | Family Court",true,"97860 Guildford 5","Name: Adoption, External Link: https://www.gov.uk/child-adoption, Description: Information about adopting a child, Display Name: N/A, Display External Link: https://www.gov.uk/child-adoption/applying-for-an-adoption-court-order | Name: Bankruptcy, External Link: https://www.gov.uk/apply-for-bankruptcy, Description: Information about applying for bankruptcy, Display Name: N/A, Display External Link: https://www.gov.uk/bankruptcy | Name: Children, External Link: N/A, Description: N/A, Display Name: Childcare arrangements if you separate from your partner, Display External Link: https://www.gov.uk/looking-after-children-divorce | Name: Divorce, External Link: https://www.gov.uk/divorce, Description: Information about getting a divorce, Display Name: N/A, Display External Link: N/A | Name: Domestic violence, External Link: N/A, Description: N/A, Display Name: Domestic abuse, Display External Link: https://www.gov.uk/injunction-domestic-violence | Name: High Court District Registry, External Link: N/A, Description: N/A, Display Name: High Court cases – serious or high profile criminal or civil law cases, Display External Link: N/A | Name: Housing possession, External Link: https://www.gov.uk/evicting-tenants, Description: Information about evicting tenants, Display Name: Housing, Display External Link: N/A | Name: Money claims, External Link: https://www.gov.uk/make-court-claim-for-money, Description: Information about making a court claim for money, Display Name: N/A, Display External Link: N/A","Town: Guildford, Postcode: GU1 4PS, Address: The Law Courts, Mary Road, Type: Visit or contact us, County: Surrey, N/A, Description: N/A, EPIM ID: N/A"
"Guildford Crown Court",51.2387580951092,-0.578951732780621,474,0,0,guildford-crown-court,"Crown Court",true,"97862 Guildford 5","Name: Crime, External Link: N/A, Description: N/A, Display Name: N/A, Display External Link: N/A","Town: Guildford, Postcode: GU1 4ST, Address: Bedford Road, Type: Visit or contact us, County: Surrey, N/A, Description: N/A, EPIM ID: N/A"
"Guildford Magistrates' Court and Family Court",51.2389313251967,-0.576926512483474,0,0,2841,"guildford-magistrates-court-and-family-court","Family Court | Magistrates' Court",true,"97865 Guildford 5","Name: Children, External Link: N/A, Description: N/A, Display Name: Childcare arrangements if you separate from your partner, Display External Link: https://www.gov.uk/looking-after-children-divorce | Name: Crime, External Link: N/A, Description: N/A, Display Name: N/A, Display External Link: N/A | Name: Divorce, External Link: https://www.gov.uk/divorce, Description: Information about getting a divorce, Display Name: N/A, Display External Link: N/A | Name: Domestic violence, External Link: N/A, Description: N/A, Display Name: Domestic abuse, Display External Link: https://www.gov.uk/injunction-domestic-violence | Name: Single justice procedure, External Link: N/A, Description: N/A, Display Name: N/A, Display External Link: N/A","Town: Guildford, Postcode: GU1 4PS, Address: Mary Road, Type: Visit or contact us, County: Surrey, N/A, Description: N/A, EPIM ID: N/A"
"Guisborough Magistrates' Court",0.0,0.0,0,0,0,"guisborough-magistrates-court",,false,null,"No areas of law available","No address available"
"Halesowen Magistrates' Court",0.0,0.0,0,0,0,"halesowen-magistrates-court",,false,null,"No areas of law available","No address available"
"Halifax County Court and Family Court",53.7192771832753,-1.86015715291838,212,212,0,"halifax-county-court-and-family-court",,false,null,"No areas of law available","No address available"
"Hamilton Social Security and Child Support Tribunal",55.7746348035809,-4.03859339275304,0,0,0,"hamilton-social-security-and-child-support-tribunal",Tribunal,true,551940,"Name: Social security, External Link: https://www.gov.uk/tribunal/sscs, Description: Information about the Social Security and Child Support Tribunal, Display Name: Benefits, Display External Link: https://www.gov.uk/appeal-benefit-decision","Town: Hamilton, Postcode: ML3 6AU, Address: Ground Floor, Block C, Brandon Gate, Leechlea Road, Type: Visit us, County: Glasgow City, N/A, Description: N/A, EPIM ID: N/A | Town: Glasgow, Postcode: G2 8GT, Address: The Glasgow Tribunals Centre , 20 York Street, Glasgow , Type: Write to us, County: Glasgow City, N/A, Description: N/A, EPIM ID: N/A"
"Hammersmith County Court",51.4591490093168,-0.209217124212627,368,368,0,hammersmith-county-court,"County Court",false,null,"No areas of law available","Town: London, Postcode: SW15 2SU, Address: Please write to the Admin Centre for Hammersmith County Courtwich MC at: , Wandsworth County Court, 76-79 Upper Richmond Road, Putney, Type: Visit or contact us, County: Greater London, N/A, Description: N/A, EPIM ID: N/A"
"Hammersmith Magistrates' Court",51.4907519022878,-0.219474096372622,2570,0,0,"hammersmith-magistrates-court","Magistrates' Court",false,"120551 Marylebone 9","Name: Crime, External Link: N/A, Description: N/A, Display Name: N/A, Display External Link: N/A | Name: Single justice procedure, External Link: N/A, Description: N/A, Display Name: N/A, Display External Link: N/A","Town: London, Postcode: W6 8DN, Address: 181 Talgarth Road, Type: Visit us, County: Greater London, N/A, Description: N/A, EPIM ID: N/A | Town: London, Postcode: NW1 5BR, Address: Westminster Magistrates' Court, 181 Marylebone Road, Type: Write to us, County: Greater London, N/A, Description: N/A, EPIM ID: N/A"
"Hampshire & the Isle of Wight Fixed Penalty Office",51.06755363020878,-1.297302390194685,0,0,0,"hampshire-the-isle-of-wight-fixed-penalty-office",,false,null,"No areas of law available","Town: Winchester, Postcode: SO23 7XF, Address: Fixed Penalty Office, P O Box 431, Type: Visit us, County: Essex, N/A, Description: N/A, EPIM ID: N/A"
"Haringey Magistrates' Court",0.0,0.0,0,0,0,"haringey-magistrates-court",,false,null,"No areas of law available","No address available"
"Harlow County Court",0.0,0.0,0,0,0,harlow-county-court,,false,null,"No areas of law available","No address available"
"Harlow Social Security and Child Support Tribunal",51.7683073546096,0.0967443677063871,0,0,0,"harlow-social-security-and-child-support-tribunal",Tribunal,false,null,"Name: Social security, External Link: https://www.gov.uk/tribunal/sscs, Description: Information about the Social Security and Child Support Tribunal, Display Name: Benefits, Display External Link: https://www.gov.uk/appeal-benefit-decision","Town: Harlow, Postcode: CM20 1HH, Address: The Court House, Type: Visit us, County: Essex, N/A, Description: N/A, EPIM ID: N/A | Town: Birmingham, Postcode: B16 6FR, Address: Tribunals Service Administrative Support Centre, P O Box 14620, Type: Write to us, County: Essex, N/A, Description: N/A, EPIM ID: N/A"
"Harmondsworth Tribunal Hearing Centre",51.4846050015393,-0.483987527616932,0,0,0,"harmondsworth-tribunal-hearing-centre",Tribunal,true,null,"Name: Immigration, External Link: https://www.gov.uk/tribunal/iac, Description: Information about the Immigration and Asylum Tribunal, Display Name: Immigration and asylum, Display External Link: https://www.gov.uk/immigration-asylum-tribunal","Town: Harmondsworth, Postcode: UB7 0HD, Address: Colnbrook Bypass, Type: Visit or contact us, County: West Yorkshire, N/A, Description: N/A, EPIM ID: N/A"
"Harrogate Justice Centre",53.990253150887,-1.53966862191665,0,214,2370,harrogate-justice-centre,"County Court | Family Court | Magistrates' Court",true,"742910 Harrogate 3","Name: Bankruptcy, External Link: https://www.gov.uk/apply-for-bankruptcy, Description: Information about applying for bankruptcy, Display Name: N/A, Display External Link: https://www.gov.uk/bankruptcy | Name: Children, External Link: N/A, Description: N/A, Display Name: Childcare arrangements if you separate from your partner, Display External Link: https://www.gov.uk/looking-after-children-divorce | Name: Crime, External Link: N/A, Description: N/A, Display Name: N/A, Display External Link: N/A | Name: Divorce, External Link: https://www.gov.uk/divorce, Description: Information about getting a divorce, Display Name: N/A, Display External Link: N/A | Name: Domestic violence, External Link: N/A, Description: N/A, Display Name: Domestic abuse, Display External Link: https://www.gov.uk/injunction-domestic-violence | Name: High Court District Registry, External Link: N/A, Description: N/A, Display Name: High Court cases – serious or high profile criminal or civil law cases, Display External Link: N/A | Name: Housing possession, External Link: https://www.gov.uk/evicting-tenants, Description: Information about evicting tenants, Display Name: Housing, Display External Link: N/A | Name: Money claims, External Link: https://www.gov.uk/make-court-claim-for-money, Description: Information about making a court claim for money, Display Name: N/A, Display External Link: N/A | Name: Single justice procedure, External Link: N/A, Description: N/A, Display Name: N/A, Display External Link: N/A","Town: Harrogate, Postcode: HG1 1EL, Address: Harrogate Justice Centre, The Court House, Victoria Avenue, Type: Visit or contact us, County: Greater London, N/A, Description: N/A, EPIM ID: N/A"
"Harrow Crown Court",51.5938238213214,-0.339809325465158,468,0,0,harrow-crown-court,"Crown Court",true,"97335 Harrow 5","Name: Crime, External Link: N/A, Description: N/A, Display Name: N/A, Display External Link: N/A | Name: Single justice procedure, External Link: N/A, Description: N/A, Display Name: N/A, Display External Link: N/A","Town: Harrow, Postcode: HA1 4TU, Address: Hailsham Drive, off Headstone Drive, Type: Visit or contact us, County: West Sussex, N/A, Description: N/A, EPIM ID: N/A"
"Harrow Magistrates' Court",0.0,0.0,0,0,2370,harrow-magistrates-court,"Magistrates' Court",false,null,"No areas of law available","No address available"
"Hartlepool County Court and Family Court",0.0,0.0,215,215,0,"hartlepool-county-court-and-family-court",,false,null,"No areas of law available","No address available"
"Hartlepool Magistrates' Court and Family Hearing Court",54.68578198437893,-1.214005206139601,0,0,0,"hartlepool-magistrates-court-and-family-hearing-court",,false,null,"No areas of law available","No address available"
"Hastings County Court and Family Court",50.85936692390171,0.5666481413420018,0,216,0,"hastings-county-court-and-family-court","County Court | Family Court",true,"98150 Hastings 2","Name: Adoption, External Link: https://www.gov.uk/child-adoption, Description: Information about adopting a child, Display Name: N/A, Display External Link: https://www.gov.uk/child-adoption/applying-for-an-adoption-court-order | Name: Bankruptcy, External Link: https://www.gov.uk/apply-for-bankruptcy, Description: Information about applying for bankruptcy, Display Name: N/A, Display External Link: https://www.gov.uk/bankruptcy | Name: Children, External Link: N/A, Description: N/A, Display Name: Childcare arrangements if you separate from your partner, Display External Link: https://www.gov.uk/looking-after-children-divorce | Name: Divorce, External Link: https://www.gov.uk/divorce, Description: Information about getting a divorce, Display Name: N/A, Display External Link: N/A | Name: Domestic violence, External Link: N/A, Description: N/A, Display Name: Domestic abuse, Display External Link: https://www.gov.uk/injunction-domestic-violence | Name: High Court District Registry, External Link: N/A, Description: N/A, Display Name: High Court cases – serious or high profile criminal or civil law cases, Display External Link: N/A | Name: Housing possession, External Link: https://www.gov.uk/evicting-tenants, Description: Information about evicting tenants, Display Name: Housing, Display External Link: N/A | Name: Money claims, External Link: https://www.gov.uk/make-court-claim-for-money, Description: Information about making a court claim for money, Display Name: N/A, Display External Link: N/A | Name: Social security, External Link: https://www.gov.uk/tribunal/sscs, Description: Information about the Social Security and Child Support Tribunal, Display Name: Benefits, Display External Link: https://www.gov.uk/appeal-benefit-decision","Town: Hastings, Postcode: TN34 1QX, Address: Hastings County Court and Family Court Hearing Centre, The Law Courts, Bohemia Road, Type: Visit or contact us, County: East Sussex, N/A, Description: N/A, EPIM ID: N/A | Town: Harlow, Postcode: CM20 9QF, Address: HMCTS Benefit Appeals, PO Box 12626, Type: Write to us, County: Essex, Areas of Law: Social security, Description: N/A, EPIM ID: N/A"
"Hastings Magistrates' Court",50.8593669311569,0.566648101501462,0,0,2948,"hastings-magistrates-court","Family Court | Magistrates' Court",true,"153460 Brighton 17","Name: Crime, External Link: N/A, Description: N/A, Display Name: N/A, Display External Link: N/A | Name: Single justice procedure, External Link: N/A, Description: N/A, Display Name: N/A, Display External Link: N/A","Town: Hastings, Postcode: TN34 1ND, Address: The Law Courts, Horntye Park, Bohemia Road, Type: Visit us, County: East Sussex, N/A, Description: N/A, EPIM ID: N/A | Town: Brighton, Postcode: BN2 OLG, Address: Brighton Magistrates' Court, Administration Centre, The Law Courts, Edward Street , Type: Write to us, County: East Sussex, N/A, Description: N/A, EPIM ID: N/A"
"Hatfield Magistrates' Court",51.7659079408832,-0.238101978741996,0,0,1910,"hatfield-magistrates-court","Magistrates' Court",true,null,"Name: Crime, External Link: N/A, Description: N/A, Display Name: N/A, Display External Link: N/A | Name: Single justice procedure, External Link: N/A, Description: N/A, Display Name: N/A, Display External Link: N/A","Town: Hatfield, Postcode: AL10 9SJ, Address: Comet Way, Type: Visit us, County: Greater London, N/A, Description: N/A, EPIM ID: N/A | Town: Luton, Postcode: LU1 5BL, Address: Luton Magistrates' Court, Stuart Street, Type: Write to us, County: Greater London, N/A, Description: N/A, EPIM ID: N/A"
"Hatton Cross Tribunal Hearing Centre",51.4581603119843,-0.414073340978643,0,0,0,"hatton-cross-tribunal-hearing-centre",Tribunal,true,null,"Name: Immigration, External Link: https://www.gov.uk/tribunal/iac, Description: Information about the Immigration and Asylum Tribunal, Display Name: Immigration and asylum, Display External Link: https://www.gov.uk/immigration-asylum-tribunal | Name: Social security, External Link: https://www.gov.uk/tribunal/sscs, Description: Information about the Social Security and Child Support Tribunal, Display Name: Benefits, Display External Link: https://www.gov.uk/appeal-benefit-decision","Town: Feltham, Postcode: TW14 0LS, Address: York House, , 2-3 Dukes Green Avenue, Type: Visit us, County: Hampshire, N/A, Description: N/A, EPIM ID: N/A"
"Havant Justice Centre",50.85609960524373,-0.9828252598408124,0,0,0,havant-justice-centre,Tribunal,true,null,"Name: Employment, External Link: https://www.gov.uk/courts-tribunals/employment-tribunal, Description: Information about the Employment Tribunal, Display Name: Claims against employers, Display External Link: https://www.gov.uk/employment-tribunals | Name: Social security, External Link: https://www.gov.uk/tribunal/sscs, Description: Information about the Social Security and Child Support Tribunal, Display Name: Benefits, Display External Link: https://www.gov.uk/appeal-benefit-decision","Town: Portsmouth, Postcode: PO9 2AL, Address: The Court House, Elmleigh Road, Havant, Type: Visit or contact us, County: Hampshire, N/A, Description: N/A, EPIM ID: N/A"
"Haverfordwest County Court and Family Court",51.800999559796,-4.98059383129688,0,217,0,"haverfordwest-county-court-and-family-court","County Court",true,"99610 Haverfordwest","Name: Adoption, External Link: https://www.gov.uk/child-adoption, Description: Information about adopting a child, Display Name: N/A, Display External Link: https://www.gov.uk/child-adoption/applying-for-an-adoption-court-order | Name: Bankruptcy, External Link: https://www.gov.uk/apply-for-bankruptcy, Description: Information about applying for bankruptcy, Display Name: N/A, Display External Link: https://www.gov.uk/bankruptcy | Name: Children, External Link: N/A, Description: N/A, Display Name: Childcare arrangements if you separate from your partner, Display External Link: https://www.gov.uk/looking-after-children-divorce | Name: Domestic violence, External Link: N/A, Description: N/A, Display Name: Domestic abuse, Display External Link: https://www.gov.uk/injunction-domestic-violence | Name: Employment, External Link: https://www.gov.uk/courts-tribunals/employment-tribunal, Description: Information about the Employment Tribunal, Display Name: Claims against employers, Display External Link: https://www.gov.uk/employment-tribunals | Name: High Court District Registry, External Link: N/A, Description: N/A, Display Name: High Court cases – serious or high profile criminal or civil law cases, Display External Link: N/A | Name: Housing possession, External Link: https://www.gov.uk/evicting-tenants, Description: Information about evicting tenants, Display Name: Housing, Display External Link: N/A | Name: Money claims, External Link: https://www.gov.uk/make-court-claim-for-money, Description: Information about making a court claim for money, Display Name: N/A, Display External Link: N/A | Name: Social security, External Link: https://www.gov.uk/tribunal/sscs, Description: Information about the Social Security and Child Support Tribunal, Display Name: Benefits, Display External Link: https://www.gov.uk/appeal-benefit-decision","Town: Haverfordwest, Postcode: SA61 2AX, Address: Penffynnon, Hawthorn Rise, Type: Visit or contact us, County: Pembrokeshire, N/A, Description: N/A, EPIM ID: N/A"
"Haverfordwest Magistrates' Court",51.800999559796,-4.98059383129688,0,0,3253,"haverfordwest-magistrates-court","Magistrates' Court",true,"99610 Hwlffordd/Haverfordwest 2","Name: Crime, External Link: N/A, Description: N/A, Display Name: N/A, Display External Link: N/A | Name: Single justice procedure, External Link: N/A, Description: N/A, Display Name: N/A, Display External Link: N/A","Town: Haverfordwest, Postcode: SA61 2AX, Address: Penffynnon, Hawthorn Rise, Type: Visit or contact us, County: Pembrokeshire, N/A, Description: N/A, EPIM ID: N/A"
"Haywards Heath County Court",0.0,0.0,0,0,0,"haywards-heath-county-court",,false,null,"No areas of law available","No address available"
"Hemel Hempstead Magistrates' Court",0.0,0.0,0,0,0,"hemel-hempstead-magistrates-court",,false,null,"No areas of law available","No address available"
"Hendon Magistrates' Court",51.5816695304718,-0.245453629177148,0,0,2570,hendon-magistrates-court,"Magistrates' Court",true,"120551 Marylebone 9","Name: Crime, External Link: N/A, Description: N/A, Display Name: N/A, Display External Link: N/A | Name: Single justice procedure, External Link: N/A, Description: N/A, Display Name: N/A, Display External Link: N/A","Town: Hendon, Postcode: NW9 7BY, Address: The Court House, The Hyde, Type: Visit us, County: Greater London, N/A, Description: N/A, EPIM ID: N/A | Town: London, Postcode: NW1 5BR, Address: Westminster Magistrates' Court, 181 Marylebone Road, Type: Write to us, County: Greater London, N/A, Description: N/A, EPIM ID: N/A"
"Hereford County Court and Family Court",52.0570799621288,-2.71098966968095,0,220,0,"hereford-county-court-and-family-court","County Court | Family Court",true,"DX 721120 Worcester 11","Name: Bankruptcy, External Link: https://www.gov.uk/apply-for-bankruptcy, Description: Information about applying for bankruptcy, Display Name: N/A, Display External Link: https://www.gov.uk/bankruptcy | Name: Children, External Link: N/A, Description: N/A, Display Name: Childcare arrangements if you separate from your partner, Display External Link: https://www.gov.uk/looking-after-children-divorce | Name: Divorce, External Link: https://www.gov.uk/divorce, Description: Information about getting a divorce, Display Name: N/A, Display External Link: N/A | Name: Domestic violence, External Link: N/A, Description: N/A, Display Name: Domestic abuse, Display External Link: https://www.gov.uk/injunction-domestic-violence | Name: High Court District Registry, External Link: N/A, Description: N/A, Display Name: High Court cases – serious or high profile criminal or civil law cases, Display External Link: N/A | Name: Housing possession, External Link: https://www.gov.uk/evicting-tenants, Description: Information about evicting tenants, Display Name: Housing, Display External Link: N/A | Name: Money claims, External Link: https://www.gov.uk/make-court-claim-for-money, Description: Information about making a court claim for money, Display Name: N/A, Display External Link: N/A","Town: Hereford, Postcode: HR1 2HE, Address: Hereford Justice Centre, Bath Street, Type: Visit us, County: Herefordshire, N/A, Description: N/A, EPIM ID: N/A | Town: Worcester, Postcode: WR1 1EQ, Address: Worcester Combined Court Centre, The Shirehall, Foregate Street, Type: Write to us, County: Herefordshire, N/A, Description: N/A, EPIM ID: N/A"
"Hereford Crown Court",52.05707995810775,-2.7109896267130034,762,0,0,hereford-crown-court,"Crown Court",true,"721120 Worcester 11","Name: Crime, External Link: N/A, Description: N/A, Display Name: N/A, Display External Link: N/A | Name: Single justice procedure, External Link: N/A, Description: N/A, Display Name: N/A, Display External Link: N/A","Town: Hereford, Postcode: HR1 2HE, Address: Hereford Justice Centre, The Court House, Bath Street, Type: Visit or contact us, County: Herefordshire, N/A, Description: N/A, EPIM ID: "
"Hereford Justice Centre",52.0570799621288,-2.71098966968095,0,0,1841,hereford-justice-centre,"Magistrates' Court",true,null,"Name: Crime, External Link: N/A, Description: N/A, Display Name: N/A, Display External Link: N/A | Name: Single justice procedure, External Link: N/A, Description: N/A, Display Name: N/A, Display External Link: N/A | Name: Social security, External Link: https://www.gov.uk/tribunal/sscs, Description: Information about the Social Security and Child Support Tribunal, Display Name: Benefits, Display External Link: https://www.gov.uk/appeal-benefit-decision","Town: Hereford, Postcode: HR1 2HE, Address: The Court House, Bath Street, Type: Visit us, County: Hertfordshire, N/A, Description: N/A, EPIM ID: N/A | Town: Worcester, Postcode: WR1 3QZ, Address: Castle Street, Worcester, Type: Write to us, County: Hertfordshire, N/A, Description: N/A, EPIM ID: N/A"
"Hertford County Court and Family Court",51.7963000535769,-0.0773375592454041,0,221,0,"hertford-county-court-and-family-court","County Court | Family Court",true,"97710 Hertford 2","Name: Adoption, External Link: https://www.gov.uk/child-adoption, Description: Information about adopting a child, Display Name: N/A, Display External Link: https://www.gov.uk/child-adoption/applying-for-an-adoption-court-order | Name: Bankruptcy, External Link: https://www.gov.uk/apply-for-bankruptcy, Description: Information about applying for bankruptcy, Display Name: N/A, Display External Link: https://www.gov.uk/bankruptcy | Name: Divorce, External Link: https://www.gov.uk/divorce, Description: Information about getting a divorce, Display Name: N/A, Display External Link: N/A | Name: Domestic violence, External Link: N/A, Description: N/A, Display Name: Domestic abuse, Display External Link: https://www.gov.uk/injunction-domestic-violence | Name: Housing possession, External Link: https://www.gov.uk/evicting-tenants, Description: Information about evicting tenants, Display Name: Housing, Display External Link: N/A | Name: Money claims, External Link: https://www.gov.uk/make-court-claim-for-money, Description: Information about making a court claim for money, Display Name: N/A, Display External Link: N/A","Town: Hertford, Postcode: SG14 1DF, Address: Shire Hall, Fore Street, Type: Visit us, County: Hertfordshire, N/A, Description: N/A, EPIM ID: N/A | Town: Hertford, Postcode: SG13 9HT, Address: PO Box 373, Type: Write to us, County: Hertfordshire, N/A, Description: N/A, EPIM ID: N/A"
"Hertford Magistrates' Court",51.7963414184006,-0.0771458439484395,1911,0,0,"hertford-magistrates-court-and-family-court","Magistrates' Court",false,"151660 Luton 16","Name: Crime, External Link: N/A, Description: N/A, Display Name: N/A, Display External Link: N/A | Name: Single justice procedure, External Link: N/A, Description: N/A, Display Name: N/A, Display External Link: N/A","Town: Hertford, Postcode: SG14 1DH, Address: Shire Hall, Fore Street, Type: Visit us, County: Bedfordshire, N/A, Description: N/A, EPIM ID: N/A | Town: Luton, Postcode: LU1 6BL, Address: Hertford Magistrates' Court, c/o Luton Magistrates' Court, Stuart Street, Type: Write to us, County: Bedfordshire, N/A, Description: N/A, EPIM ID: N/A"
"Highbury Corner Magistrates' Court",51.5470573530533,-0.105472209494101,0,0,2572,"highbury-corner-magistrates-court","Magistrates' Court",true,"153700 Highbury 4","Name: Crime, External Link: N/A, Description: N/A, Display Name: N/A, Display External Link: N/A | Name: Single justice procedure, External Link: N/A, Description: N/A, Display Name: N/A, Display External Link: N/A","Town: London, Postcode: N7 8JA, Address: 51 Holloway Road, Type: Visit us, County: Greater London, N/A, Description: N/A, EPIM ID: N/A | Town: London, Postcode: N7 1AF, Address: North London Admin Centre, P.O. Box 52693, Type: Write to us, County: Greater London, N/A, Description: N/A, EPIM ID: N/A"
"High Peak Magistrates' Court",0.0,0.0,1430,0,0,"high-peak-magistrates-court","Magistrates' Court",false,null,"No areas of law available","No address available"
"High Wycombe County Court and Family Court",51.62764089236034,-0.7461424523448583,0,223,0,"high-wycombe-county-court-and-family-court","County Court | Family Court",true,"98010 Reading 6","Name: Housing possession, External Link: https://www.gov.uk/evicting-tenants, Description: Information about evicting tenants, Display Name: Housing, Display External Link: N/A | Name: Money claims, External Link: https://www.gov.uk/make-court-claim-for-money, Description: Information about making a court claim for money, Display Name: N/A, Display External Link: N/A | Name: Social security, External Link: https://www.gov.uk/tribunal/sscs, Description: Information about the Social Security and Child Support Tribunal, Display Name: Benefits, Display External Link: https://www.gov.uk/appeal-benefit-decision","Town: High Wycombe, Postcode: HP11 1LR, Address: The Law Courts, Ground Floor, Easton Street, Type: Visit us, County: Buckinghamshire, N/A, Description: N/A, EPIM ID: N/A | Town: Reading, Postcode: RG1 1HE, Address: Administration Centre, Reading County Court, 160-163 Friar Street, Type: Write to us, County: Buckinghamshire, N/A, Description: N/A, EPIM ID: N/A | Town: Harlow, Postcode: CM20 9QF, Address: HMCTS Benefit Appeals, PO Box 12626, Type: Write to us, County: Essex, Areas of Law: Social security, Description: N/A, EPIM ID: N/A"
"High Wycombe Magistrates' Court and Family Court",51.6276408983149,-0.746142494160891,0,0,1117,"high-wycombe-magistrates-court-and-family-court","Magistrates' Court",true,null,"Name: Adoption, External Link: https://www.gov.uk/child-adoption, Description: Information about adopting a child, Display Name: N/A, Display External Link: https://www.gov.uk/child-adoption/applying-for-an-adoption-court-order | Name: Children, External Link: N/A, Description: N/A, Display Name: Childcare arrangements if you separate from your partner, Display External Link: https://www.gov.uk/looking-after-children-divorce | Name: Crime, External Link: N/A, Description: N/A, Display Name: N/A, Display External Link: N/A | Name: Divorce, External Link: https://www.gov.uk/divorce, Description: Information about getting a divorce, Display Name: N/A, Display External Link: N/A | Name: Domestic violence, External Link: N/A, Description: N/A, Display Name: Domestic abuse, Display External Link: https://www.gov.uk/injunction-domestic-violence | Name: Single justice procedure, External Link: N/A, Description: N/A, Display Name: N/A, Display External Link: N/A","Town: High Wycombe, Postcode: HP11 1LR, Address: Law Courts, Easton Street, Type: Visit us, County: Buckinghamshire, N/A, Description: N/A, EPIM ID: N/A | Town: Central Milton Keynes, Postcode: MK9 2AJ, Address: Milton Keynes Magistrates' Court and Family Court Hearing Centre, 301 Silbury Boulevard, Witan Gate East, Type: Write to us, County: Buckinghamshire, N/A, Description: N/A, EPIM ID: N/A"
"Hinckley Magistrates' Court",0.0,0.0,2088,0,0,"hinckley-magistrates-court","Magistrates' Court",false,"716116 Loughborough 4","Name: Crime, External Link: N/A, Description: N/A, Display Name: N/A, Display External Link: N/A | Name: Single justice procedure, External Link: N/A, Description: N/A, Display Name: N/A, Display External Link: N/A","Town: Loughborough, Postcode: LE1 6BT, Address: Leicester Magistrates Court, 15 Pocklingtons Walk, Leicester, Type: Write to us, County: Greater London, N/A, Description: N/A, EPIM ID: N/A"
"Hitchin County Court",0.0,0.0,0,0,0,hitchin-county-court,,false,null,"No areas of law available","No address available"
"Holyhead Magistrates' Court ",0.0,0.0,3238,0,0,"holyhead-magistrates-court-and-family-court",,false,null,"No areas of law available","No address available"
"Honiton Magistrates' Court",0.0,0.0,0,0,0,"honiton-magistrates-court",,false,null,"No areas of law available","No address available"
"Horsham County Court and Family Court",51.0685490841278,-0.322662087428619,0,150,0,"horsham-county-court-and-family-court","County Court | Family Court",true,"98070 Brighton 3","Name: Adoption, External Link: https://www.gov.uk/child-adoption, Description: Information about adopting a child, Display Name: N/A, Display External Link: https://www.gov.uk/child-adoption/applying-for-an-adoption-court-order | Name: Children, External Link: N/A, Description: N/A, Display Name: Childcare arrangements if you separate from your partner, Display External Link: https://www.gov.uk/looking-after-children-divorce | Name: Divorce, External Link: https://www.gov.uk/divorce, Description: Information about getting a divorce, Display Name: N/A, Display External Link: N/A | Name: Domestic violence, External Link: N/A, Description: N/A, Display Name: Domestic abuse, Display External Link: https://www.gov.uk/injunction-domestic-violence | Name: Housing possession, External Link: https://www.gov.uk/evicting-tenants, Description: Information about evicting tenants, Display Name: Housing, Display External Link: N/A | Name: Money claims, External Link: https://www.gov.uk/make-court-claim-for-money, Description: Information about making a court claim for money, Display Name: N/A, Display External Link: N/A","Town: Horsham, Postcode: RH12 2ET, Address: The Law Courts, Hurst Road, Type: Visit us, County: East Sussex, N/A, Description: N/A, EPIM ID: N/A | Town: Brighton, Postcode: BN2 0RF, Address: Brighton County Court, William Street, Type: Write to us, County: East Sussex, N/A, Description: N/A, EPIM ID: N/A"
"Horsham Magistrates' Court",51.0685746159047,-0.322561252819095,0,0,2950,"horsham-magistrates-court","Magistrates' Court",true,"DX153460 Brighton 17","Name: Crime, External Link: N/A, Description: N/A, Display Name: N/A, Display External Link: N/A | Name: Single justice procedure, External Link: N/A, Description: N/A, Display Name: N/A, Display External Link: N/A","Town: Horsham, Postcode: RH12 2ET, Address: The Law Courts, Hurst Road, Type: Visit us, County: East Sussex, N/A, Description: N/A, EPIM ID: N/A | Town: Brighton, Postcode: BN2 0LG, Address: Sussex Magistrates Administration Centre, Edward Street, Type: Write to us, County: East Sussex, N/A, Description: N/A, EPIM ID: N/A"
"Houghton-Le-Spring Magistrates' Court",0.0,0.0,0,0,0,"houghton-le-spring-magistrates-court",,false,null,"No areas of law available","No address available"
"Hove Trial Centre",50.8287399371227,-0.161568483149638,1602,0,0,hove-trial-centre,"Crown Court",true,null,"Name: Crime, External Link: N/A, Description: N/A, Display Name: N/A, Display External Link: N/A | Name: Single justice procedure, External Link: N/A, Description: N/A, Display Name: N/A, Display External Link: N/A","Town: Hove, Postcode: BN3 3BN, Address: The Court House, Lansdowne Road, Type: Visit us, County: East Sussex, N/A, Description: N/A, EPIM ID: N/A | Town: Lewes, Postcode: BN7 1YB, Address: The Law Courts, High Street, Type: Write to us, County: East Sussex, N/A, Description: N/A, EPIM ID: N/A"
"Huddersfield County Court and Family Court",53.642134856296,-1.78346715436966,0,228,0,"huddersfield-county-court-and-family-court","County Court | Family Court",true,"703013 Huddersfield 2","Name: Bankruptcy, External Link: https://www.gov.uk/apply-for-bankruptcy, Description: Information about applying for bankruptcy, Display Name: N/A, Display External Link: https://www.gov.uk/bankruptcy | Name: Children, External Link: N/A, Description: N/A, Display Name: Childcare arrangements if you separate from your partner, Display External Link: https://www.gov.uk/looking-after-children-divorce | Name: Divorce, External Link: https://www.gov.uk/divorce, Description: Information about getting a divorce, Display Name: N/A, Display External Link: N/A | Name: Domestic violence, External Link: N/A, Description: N/A, Display Name: Domestic abuse, Display External Link: https://www.gov.uk/injunction-domestic-violence | Name: High Court District Registry, External Link: N/A, Description: N/A, Display Name: High Court cases – serious or high profile criminal or civil law cases, Display External Link: N/A | Name: Housing possession, External Link: https://www.gov.uk/evicting-tenants, Description: Information about evicting tenants, Display Name: Housing, Display External Link: N/A | Name: Money claims, External Link: https://www.gov.uk/make-court-claim-for-money, Description: Information about making a court claim for money, Display Name: N/A, Display External Link: N/A | Name: Social security, External Link: https://www.gov.uk/tribunal/sscs, Description: Information about the Social Security and Child Support Tribunal, Display Name: Benefits, Display External Link: https://www.gov.uk/appeal-benefit-decision","Town: Huddersfield, Postcode: HD1 2RR, Address: Queensgate House, Queensgate, Type: Visit or contact us, County: West Yorkshire, N/A, Description: N/A, EPIM ID: N/A"
"Hull and Holderness Magistrates' Court and Hearing Centre",53.7410627694921,-0.333155162766434,0,0,1943,"hull-and-holderness-magistrates-court-and-hearing-centre","Family Court | Magistrates' Court",true,"742160 Hull 20","Name: Crime, External Link: N/A, Description: N/A, Display Name: N/A, Display External Link: N/A | Name: Domestic violence, External Link: N/A, Description: N/A, Display Name: Domestic abuse, Display External Link: https://www.gov.uk/injunction-domestic-violence | Name: Single justice procedure, External Link: N/A, Description: N/A, Display Name: N/A, Display External Link: N/A | Name: Social security, External Link: https://www.gov.uk/tribunal/sscs, Description: Information about the Social Security and Child Support Tribunal, Display Name: Benefits, Display External Link: https://www.gov.uk/appeal-benefit-decision","Town: Kingston-upon-Hull, Postcode: HU1 1RD, Address: The Law Courts, Market Place, Type: Visit or contact us, County: West Yorkshire, N/A, Description: N/A, EPIM ID: N/A"
"Hull Tribunal Hearing Centre",53.7443943028,-0.33032404485,0,0,0,"hull-tribunal-hearing-centre",Tribunal,false,null,"Name: Employment, External Link: https://www.gov.uk/courts-tribunals/employment-tribunal, Description: Information about the Employment Tribunal, Display Name: Claims against employers, Display External Link: https://www.gov.uk/employment-tribunals | Name: Social security, External Link: https://www.gov.uk/tribunal/sscs, Description: Information about the Social Security and Child Support Tribunal, Display Name: Benefits, Display External Link: https://www.gov.uk/appeal-benefit-decision","Town: Hull, Postcode: HU1 1UY, Address: Wilberforce Court, Alfred Gelder Street, Type: Visit us, County: East Riding of Yorkshire, N/A, Description: N/A, EPIM ID: N/A"
"Humberside and South Yorkshire Regional Divorce Centre",0.0,0.0,0,0,0,"doncaster-regional-divorce-centre","Family Court",false,"742840 Doncaster 20","Name: Civil partnership, External Link: https://www.gov.uk/end-civil-partnership, Description: Information about ending a civil partnership, Display Name: N/A, Display External Link: N/A | Name: Divorce, External Link: https://www.gov.uk/divorce, Description: Information about getting a divorce, Display Name: N/A, Display External Link: N/A","Town: Doncaster, Postcode: DN1 3HS, Address: Doncaster Justice Centre North, College Road, Doncaster, South Yorkshire, Type: Write to us, County: South Yorkshire, N/A, Description: N/A, EPIM ID: N/A"
"Humberside Enforcement Unit",0.0,0.0,0,0,0,"humberside-enforcement-unit",,true,null,"No areas of law available","Town: Kingston-upon-Hull, Postcode: HU1 1RD, Address: Hull Magistrates Court,, Market Place, Type: Write to us, County: , N/A, Description: N/A, EPIM ID: N/A"
"Huntingdon Law Courts",52.3302138573008,-0.185752133087484,1949,0,1949,huntingdon-law-courts,"Crown Court | Magistrates' Court",true,null,"Name: Crime, External Link: N/A, Description: N/A, Display Name: N/A, Display External Link: N/A | Name: Domestic violence, External Link: N/A, Description: N/A, Display Name: Domestic abuse, Display External Link: https://www.gov.uk/injunction-domestic-violence","Town: Huntingdon, Postcode: PE29 3DW, Address: Walden Rd, Type: Visit us, County: Cambridgeshire, N/A, Description: N/A, EPIM ID: N/A | Town: Peterborough, Postcode: PE1 1ED, Address: The Court House, Bridge Street, Type: Write to us, County: Cambridgeshire, N/A, Description: N/A, EPIM ID: N/A"
"Ilford County Court",0.0,0.0,0,0,0,ilford-county-court,,false,null,"No areas of law available","No address available"
"Ilkeston Magistrates' Court",0.0,0.0,0,0,0,"ilkeston-magistrates-court",,false,null,"No areas of law available","No address available"
"Immigration and Asylum Appeals Service Centre",0.0,0.0,0,0,0,"immigration-and-asylum-appeals-service-centre",,true,null,"Name: Immigration, External Link: https://www.gov.uk/tribunal/iac, Description: Information about the Immigration and Asylum Tribunal, Display Name: Immigration and asylum, Display External Link: https://www.gov.uk/immigration-asylum-tribunal","No address available"
"Inner London Crown Court",51.4981827741503,-0.0965350924886508,440,0,0,inner-london-crown-court,"Crown Court",true,"97345 Southwark 3","Name: Crime, External Link: N/A, Description: N/A, Display Name: N/A, Display External Link: N/A | Name: Single justice procedure, External Link: N/A, Description: N/A, Display Name: N/A, Display External Link: N/A","Town: London, Postcode: SE1 6AZ, Address: Sessions House, Newington Causeway, Type: Visit or contact us, County: Greater London, N/A, Description: N/A, EPIM ID: N/A"
"Inner London Family Proceedings Court",51.51761090177792,-0.1388214502596158,0,0,0,"inner-london-family-proceedings-court","Family Court",false,"160000 Soho Square 6","Name: Adoption, External Link: https://www.gov.uk/child-adoption, Description: Information about adopting a child, Display Name: N/A, Display External Link: https://www.gov.uk/child-adoption/applying-for-an-adoption-court-order | Name: Children, External Link: N/A, Description: N/A, Display Name: Childcare arrangements if you separate from your partner, Display External Link: https://www.gov.uk/looking-after-children-divorce","Town: London, Postcode: W1A 3AE, Address: 59-65 Wells Street, Type: Visit us, County: Greater London, N/A, Description: N/A, EPIM ID: N/A"
"Inverness Employment Tribunal",57.4842414176938,-4.22250899348038,0,0,0,"inverness-employment-tribunal",Tribunal,true,null,"Name: Employment, External Link: https://www.gov.uk/courts-tribunals/employment-tribunal, Description: Information about the Employment Tribunal, Display Name: Claims against employers, Display External Link: https://www.gov.uk/employment-tribunals | Name: Social security, External Link: https://www.gov.uk/tribunal/sscs, Description: Information about the Social Security and Child Support Tribunal, Display Name: Benefits, Display External Link: https://www.gov.uk/appeal-benefit-decision","Town: Inverness, Postcode: IV1 1AH, Address: Inverness Justice Centre, Longman Road, Type: Visit us, County: Glasgow City, N/A, Description: N/A, EPIM ID: N/A | Town: Glasgow, Postcode: G2 8GT, Address: Glasgow Tribunals Centre, 20 York street, Type: Write to us, County: Glasgow City, N/A, Description: N/A, EPIM ID: N/A"
"Inverness Social Security and Child Support Tribunal",57.4842414176938,-4.22250899348038,0,0,0,"inverness-social-security-and-child-support-tribunal",Tribunal,true,551940,"Name: Employment, External Link: https://www.gov.uk/courts-tribunals/employment-tribunal, Description: Information about the Employment Tribunal, Display Name: Claims against employers, Display External Link: https://www.gov.uk/employment-tribunals | Name: Social security, External Link: https://www.gov.uk/tribunal/sscs, Description: Information about the Social Security and Child Support Tribunal, Display Name: Benefits, Display External Link: https://www.gov.uk/appeal-benefit-decision","Town: Inverness, Postcode: IV1 1AH, Address: Inverness Justice Centre , Longman Road, Type: Visit us, County: Glasgow City, N/A, Description: N/A, EPIM ID: N/A | Town: Glasgow, Postcode: G2 8GT, Address: The Glasgow Tribunals Centre, 20 York Street, Type: Write to us, County: Glasgow City, N/A, Description: N/A, EPIM ID: N/A"
"Ipswich County Court and Family Hearing Centre",52.05763255956126,1.1508294575295432,0,233,0,"ipswich-county-court-and-family-hearing-centre","County Court",true,"97385 Norwich 5 -Civil","Name: Adoption, External Link: https://www.gov.uk/child-adoption, Description: Information about adopting a child, Display Name: N/A, Display External Link: https://www.gov.uk/child-adoption/applying-for-an-adoption-court-order | Name: Children, External Link: N/A, Description: N/A, Display Name: Childcare arrangements if you separate from your partner, Display External Link: https://www.gov.uk/looking-after-children-divorce | Name: Divorce, External Link: https://www.gov.uk/divorce, Description: Information about getting a divorce, Display Name: N/A, Display External Link: N/A | Name: High Court District Registry, External Link: N/A, Description: N/A, Display Name: High Court cases – serious or high profile criminal or civil law cases, Display External Link: N/A | Name: Housing possession, External Link: https://www.gov.uk/evicting-tenants, Description: Information about evicting tenants, Display Name: Housing, Display External Link: N/A | Name: Money claims, External Link: https://www.gov.uk/make-court-claim-for-money, Description: Information about making a court claim for money, Display Name: N/A, Display External Link: N/A","Town: Ipswich, Postcode: IP1 1EJ, Address: 8 Arcade Street, Type: Visit us, County: Suffolk, N/A, Description: N/A, EPIM ID: N/A | Town: Chelmsford, Postcode: CM2 0PP, Address: Chelmsford County Court, Priory Place, New London Road, Type: Write to us, County: Essex, Courts: Family Court, Description: N/A, EPIM ID: N/A | Town: Norwich, Postcode: NR3 1UR, Address: Norwich Combined Court , The Law Courts, Bishopgate, Type: Write to us, County: Norfolk, Areas of Law: Civil, Description: N/A, EPIM ID: N/A"
"Ipswich Crown Court",52.0535357822276,1.14359670572444,426,0,0,ipswich-crown-court,"Crown Court",true,"729480 Ipswich 19","Name: Crime, External Link: N/A, Description: N/A, Display Name: N/A, Display External Link: N/A | Name: Single justice procedure, External Link: N/A, Description: N/A, Display Name: N/A, Display External Link: N/A","Town: Ipswich, Postcode: IP1 2AG, Address: The Courthouse, 1 Russell Road, Type: Visit or contact us, County: Suffolk, N/A, Description: N/A, EPIM ID: N/A"
"Ipswich District Probate Registry",52.057678250937,1.15147464496204,0,0,0,"ipswich-district-probate-registry",,false,"61081 Newcastle upon Tyne 14","Name: Probate, External Link: https://www.gov.uk/wills-probate-inheritance, Description: Information about wills and probate, Display Name: N/A, Display External Link: https://www.gov.uk/applying-for-probate","Town: Newcastle-upon-Tyne, Postcode: NE1 4DR, Address: 1 Waterloo Square, Type: Write to us, County: Suffolk, N/A, Description: N/A, EPIM ID: N/A"
"Ipswich Magistrates' Court",52.056865896720105,1.1488934104233126,0,0,2870,"ipswich-magistrates-court","Family Court | Magistrates' Court",true,"332801 IPSWICH 32","Name: Crime, External Link: N/A, Description: N/A, Display Name: N/A, Display External Link: N/A | Name: Domestic violence, External Link: N/A, Description: N/A, Display Name: Domestic abuse, Display External Link: https://www.gov.uk/injunction-domestic-violence | Name: Single justice procedure, External Link: N/A, Description: N/A, Display Name: N/A, Display External Link: N/A | Name: Social security, External Link: https://www.gov.uk/tribunal/sscs, Description: Information about the Social Security and Child Support Tribunal, Display Name: Benefits, Display External Link: https://www.gov.uk/appeal-benefit-decision","Town: Ipswich, Postcode: IP1 2AP, Address: Elm Street, Type: Visit or contact us, County: Suffolk, N/A, Description: N/A, EPIM ID: N/A | Town: Chelmsford, Postcode: CM2 0PP, Address: Chelmsford Justice Centre, Priory Place , New London Road, Type: Write to us, County: Essex, Areas of Law: Divorce | Children, Description: N/A, EPIM ID: N/A | Town: Norwich, Postcode: NR3 1UP, Address: Norwich Magistrates Court, Bishopgate, Type: Write to us, County: Norfolk, Areas of Law: Crime, Description: N/A, EPIM ID: N/A"
"Isle of Wight Combined Court",50.7012084808149,-1.29185829930182,478,279,1945,"isle-of-wight-combined-court","County Court | Crown Court | Family Court | Magistrates' Court",true,"98460 Newport IW2","Name: Bankruptcy, External Link: https://www.gov.uk/apply-for-bankruptcy, Description: Information about applying for bankruptcy, Display Name: N/A, Display External Link: https://www.gov.uk/bankruptcy | Name: Children, External Link: N/A, Description: N/A, Display Name: Childcare arrangements if you separate from your partner, Display External Link: https://www.gov.uk/looking-after-children-divorce | Name: Crime, External Link: N/A, Description: N/A, Display Name: N/A, Display External Link: N/A | Name: Domestic violence, External Link: N/A, Description: N/A, Display Name: Domestic abuse, Display External Link: https://www.gov.uk/injunction-domestic-violence | Name: Housing possession, External Link: https://www.gov.uk/evicting-tenants, Description: Information about evicting tenants, Display Name: Housing, Display External Link: N/A | Name: Money claims, External Link: https://www.gov.uk/make-court-claim-for-money, Description: Information about making a court claim for money, Display Name: N/A, Display External Link: N/A | Name: Single justice procedure, External Link: N/A, Description: N/A, Display Name: N/A, Display External Link: N/A | Name: Social security, External Link: https://www.gov.uk/tribunal/sscs, Description: Information about the Social Security and Child Support Tribunal, Display Name: Benefits, Display External Link: https://www.gov.uk/appeal-benefit-decision","Town: Newport, Postcode: PO30 5YT, Address: The Law Courts, 1 Quay Street, Type: Visit or contact us, County: Isle of Wight, N/A, Description: N/A, EPIM ID: N/A"
"Isles of Scilly Magistrates' Court",49.9146131125792,-6.31714777338593,1268,0,0,"isles-of-scilly-magistrates-court","Magistrates' Court",false,"740535, Bodmin 4 PL  ","Name: Crime, External Link: N/A, Description: N/A, Display Name: N/A, Display External Link: N/A | Name: Single justice procedure, External Link: N/A, Description: N/A, Display Name: N/A, Display External Link: N/A","Town: Isles of Scilly, Postcode: TR21 0JD, Address: Old Wesleyan Chapel, Garrison Lane, St Mary's, Type: Visit us, County: Cornwall, N/A, Description: N/A, EPIM ID: N/A | Town: Bodmin, Postcode: PL31 2AL , Address: Bodmin Law Courts, Launceston Road, Type: Write to us, County: Cornwall, N/A, Description: N/A, EPIM ID: N/A"
"Isleworth Crown Court",51.479215883716,-0.340330607301345,475,0,0,isleworth-crown-court,"Crown Court",true,"97420 Isleworth 1","Name: Crime, External Link: N/A, Description: N/A, Display Name: N/A, Display External Link: N/A","Town: Isleworth, Postcode: TW7 5LP, Address: 36 Ridgeway Road, Type: Visit or contact us, County: Greater London, N/A, Description: N/A, EPIM ID: N/A"
"Keithley County Court",0.0,0.0,0,0,0,keithley-county-court,,false,null,"No areas of law available","No address available"
"Kendal County Court and Family Court",54.3346943014369,-2.74796726876434,235,235,0,"kendal-county-court-and-family-court","County Court",false,"65210 Barrow in Furness 2","Name: Bankruptcy, External Link: https://www.gov.uk/apply-for-bankruptcy, Description: Information about applying for bankruptcy, Display Name: N/A, Display External Link: https://www.gov.uk/bankruptcy | Name: Divorce, External Link: https://www.gov.uk/divorce, Description: Information about getting a divorce, Display Name: N/A, Display External Link: N/A | Name: High Court District Registry, External Link: N/A, Description: N/A, Display Name: High Court cases – serious or high profile criminal or civil law cases, Display External Link: N/A | Name: Housing possession, External Link: https://www.gov.uk/evicting-tenants, Description: Information about evicting tenants, Display Name: Housing, Display External Link: N/A","Town: Kendal, Postcode: LA9 4TJ, Address: Burneside Road, Type: Visit us, County: Cumbria, N/A, Description: N/A, EPIM ID: N/A | Town: Barrow in Furness, Postcode: LA14 5QX, Address: Barrow County Court, Barrow Law Courts, Abbey Road, Type: Write to us, County: Cumbria, N/A, Description: N/A, EPIM ID: N/A"
"Kendal Magistrates' Court",54.3346943014369,-2.74796726876434,1753,0,0,kendal-magistrates-court,"Magistrates' Court",false,"65210 Barrow-in-Furness 2","Name: Crime, External Link: N/A, Description: N/A, Display Name: N/A, Display External Link: N/A | Name: Employment, External Link: https://www.gov.uk/courts-tribunals/employment-tribunal, Description: Information about the Employment Tribunal, Display Name: Claims against employers, Display External Link: https://www.gov.uk/employment-tribunals | Name: Single justice procedure, External Link: N/A, Description: N/A, Display Name: N/A, Display External Link: N/A","Town: Kendal, Postcode: LA9 4TJ, Address: The Court House, Burneside Road, Type: Visit us, County: Cumbria, N/A, Description: N/A, EPIM ID: N/A | Town: Barrow in Furness, Postcode: LA14 5QX, Address: Barrow Law Courts, Abbey Road, Type: Write to us, County: Cumbria, N/A, Description: N/A, EPIM ID: N/A"
"Kent, Surrey and Sussex Enforcement Business Centre",51.27098646787294,0.5186837746035337,0,0,0,"kent-surrey-and-sussex-enforcement-business-centre",,true,"141482 Maidstone 12 ","Name: Crime, External Link: N/A, Description: N/A, Display Name: N/A, Display External Link: N/A | Name: Single justice procedure, External Link: N/A, Description: N/A, Display Name: N/A, Display External Link: N/A","Town: Maidstone, Postcode: ME16 8EQ, Address: The Law Courts, Barker Road, Type: Write to us, County: Kent, N/A, Description: N/A, EPIM ID: N/A"
"Kettering County Court",52.3989526161945,-0.726998040178387,236,236,0,kettering-county-court,"County Court",false,"DX 725380 Northampton 21","Name: Housing possession, External Link: https://www.gov.uk/evicting-tenants, Description: Information about evicting tenants, Display Name: Housing, Display External Link: N/A | Name: Money claims, External Link: https://www.gov.uk/make-court-claim-for-money, Description: Information about making a court claim for money, Display Name: N/A, Display External Link: N/A","Town: Kettering, Postcode: NN16 0BE, Address: Dryland Street, Type: Visit us, County: Northamptonshire, N/A, Description: N/A, EPIM ID: N/A | Town: Northampton, Postcode: NN1 3HQ, Address: County Court at Northampton, , 85-87 Lady's Lane, , Northampton, , Type: Write to us, County: Northamptonshire, N/A, Description: N/A, EPIM ID: N/A"
"Kettering Magistrates' Court",0.0,0.0,2323,0,0,"kettering-magistrates-court","Magistrates' Court",false,"151720 Northampton 27","Name: Crime, External Link: N/A, Description: N/A, Display Name: N/A, Display External Link: N/A | Name: Single justice procedure, External Link: N/A, Description: N/A, Display Name: N/A, Display External Link: N/A | Name: Social security, External Link: https://www.gov.uk/tribunal/sscs, Description: Information about the Social Security and Child Support Tribunal, Display Name: Benefits, Display External Link: https://www.gov.uk/appeal-benefit-decision","Town: Northampton, Postcode: NN3 6AS, Address: Regent's Pavillion, Summerhouse Road, Moulton Park, Type: Write to us, County: Worcestershire, N/A, Description: N/A, EPIM ID: N/A"
"Kidderminster County Court",0.0,0.0,0,0,0,"kidderminster-county-court",,false,null,"No areas of law available","No address available"
"Kidderminster Magistrates' Court",52.3841971818375,-2.24089341738981,0,380,1894,"kidderminster-magistrates-court","County Court | Magistrates' Court | Tribunal",true,null,"Name: Bankruptcy, External Link: https://www.gov.uk/apply-for-bankruptcy, Description: Information about applying for bankruptcy, Display Name: N/A, Display External Link: https://www.gov.uk/bankruptcy | Name: Crime, External Link: N/A, Description: N/A, Display Name: N/A, Display External Link: N/A | Name: High Court District Registry, External Link: N/A, Description: N/A, Display Name: High Court cases – serious or high profile criminal or civil law cases, Display External Link: N/A | Name: Housing possession, External Link: https://www.gov.uk/evicting-tenants, Description: Information about evicting tenants, Display Name: Housing, Display External Link: N/A | Name: Money claims, External Link: https://www.gov.uk/make-court-claim-for-money, Description: Information about making a court claim for money, Display Name: N/A, Display External Link: N/A | Name: Single justice procedure, External Link: N/A, Description: N/A, Display Name: N/A, Display External Link: N/A | Name: Social security, External Link: https://www.gov.uk/tribunal/sscs, Description: Information about the Social Security and Child Support Tribunal, Display Name: Benefits, Display External Link: https://www.gov.uk/appeal-benefit-decision","Town: Kidderminster, Postcode: DY10 1QQ, Address: Comberton Place , Type: Visit us, County: Norfolk, N/A, Description: N/A, EPIM ID: N/A | Town: Worcester, Postcode: WR1 3QZ, Address: Worcester Justice Centre, Castle Street, Type: Write to us, County: Norfolk, N/A, Description: N/A, EPIM ID: N/A"
"King's Bench Division",51.51364537843727,-0.11354608101087316,0,0,0,kings-bench-division,,true,"Action Department - DX 44458 STRAND, Foreign Process - DX 44459 STRAND","No areas of law available","Town: London, Postcode: WC2A 2LL, Address: King's Bench Division The Royal Courts of Justice Strand, Type: Visit or contact us, County: Greater London, N/A, Description: N/A, EPIM ID: N/A"
"King's Lynn County Court",0.0,0.0,0,0,0,kings-lynn-county-court,,false,null,"No areas of law available","No address available"
"King's Lynn Crown Court",52.7517129198937,0.393988963560102,765,0,0,kings-lynn-crown-court,"Crown Court",true,null,"Name: Crime, External Link: N/A, Description: N/A, Display Name: N/A, Display External Link: N/A | Name: Single justice procedure, External Link: N/A, Description: N/A, Display Name: N/A, Display External Link: N/A","Town: King's Lynn, Postcode: PE30 1PQ, Address: The Court House, College Lane, Type: Visit or contact us, County: Norfolk, N/A, Description: N/A, EPIM ID: N/A"
"King's Lynn Magistrates' Court and Family Court",52.75171291989368,0.3939889635601019,0,0,1972,"kings-lynn-magistrates-court-and-family-court","Family Court | Magistrates' Court",true,"97389 Norwich 5","Name: Adoption, External Link: https://www.gov.uk/child-adoption, Description: Information about adopting a child, Display Name: N/A, Display External Link: https://www.gov.uk/child-adoption/applying-for-an-adoption-court-order | Name: Crime, External Link: N/A, Description: N/A, Display Name: N/A, Display External Link: N/A | Name: Domestic violence, External Link: N/A, Description: N/A, Display Name: Domestic abuse, Display External Link: https://www.gov.uk/injunction-domestic-violence | Name: Single justice procedure, External Link: N/A, Description: N/A, Display Name: N/A, Display External Link: N/A | Name: Social security, External Link: https://www.gov.uk/tribunal/sscs, Description: Information about the Social Security and Child Support Tribunal, Display Name: Benefits, Display External Link: https://www.gov.uk/appeal-benefit-decision","Town: King's Lynn, Postcode: PE30 1PQ, Address: The Courthouse, College Lane, Type: Visit us, County: Norfolk, N/A, Description: N/A, EPIM ID: N/A | Town: Norwich, Postcode: NR3 1UR, Address: Norwich Combined Court, Bishopgate, Type: Write to us, County: Norfolk, Courts: Family Court, Description: N/A, EPIM ID: N/A | Town: Norwich, Postcode: NR3 1UP, Address: Norwich Magistrates' Court, Bishopgate, Type: Write to us, County: Norfolk, Areas of Law: Crime, Description: N/A, EPIM ID: N/A"
"Kingston-upon-Hull Combined Court Centre",53.7441794975371,-0.331682184152701,403,239,0,"kingston-upon-hull-combined-court-centre","County Court | Crown Court | Family Court",true,"703010 Hull 5","Name: Adoption, External Link: https://www.gov.uk/child-adoption, Description: Information about adopting a child, Display Name: N/A, Display External Link: https://www.gov.uk/child-adoption/applying-for-an-adoption-court-order | Name: Bankruptcy, External Link: https://www.gov.uk/apply-for-bankruptcy, Description: Information about applying for bankruptcy, Display Name: N/A, Display External Link: https://www.gov.uk/bankruptcy | Name: Children, External Link: N/A, Description: N/A, Display Name: Childcare arrangements if you separate from your partner, Display External Link: https://www.gov.uk/looking-after-children-divorce | Name: Crime, External Link: N/A, Description: N/A, Display Name: N/A, Display External Link: N/A | Name: Divorce, External Link: https://www.gov.uk/divorce, Description: Information about getting a divorce, Display Name: N/A, Display External Link: N/A | Name: Domestic violence, External Link: N/A, Description: N/A, Display Name: Domestic abuse, Display External Link: https://www.gov.uk/injunction-domestic-violence | Name: High Court District Registry, External Link: N/A, Description: N/A, Display Name: High Court cases – serious or high profile criminal or civil law cases, Display External Link: N/A | Name: Housing possession, External Link: https://www.gov.uk/evicting-tenants, Description: Information about evicting tenants, Display Name: Housing, Display External Link: N/A | Name: Money claims, External Link: https://www.gov.uk/make-court-claim-for-money, Description: Information about making a court claim for money, Display Name: N/A, Display External Link: N/A | Name: Single justice procedure, External Link: N/A, Description: N/A, Display Name: N/A, Display External Link: N/A | Name: Social security, External Link: https://www.gov.uk/tribunal/sscs, Description: Information about the Social Security and Child Support Tribunal, Display Name: Benefits, Display External Link: https://www.gov.uk/appeal-benefit-decision","Town: Kingston-upon-Hull, Postcode: HU1 2EZ, Address: Lowgate, Type: Visit us, County: Surrey, N/A, Description: N/A, EPIM ID: N/A"
"Kingston upon Thames County Court and Family Court",51.4079703702375,-0.305225130871136,0,240,0,"kingston-upon-thames-county-court-and-family-court","County Court | Family Court",true,"97890 Kingston-Upon-Thames 3","Name: Bankruptcy, External Link: https://www.gov.uk/apply-for-bankruptcy, Description: Information about applying for bankruptcy, Display Name: N/A, Display External Link: https://www.gov.uk/bankruptcy | Name: Children, External Link: N/A, Description: N/A, Display Name: Childcare arrangements if you separate from your partner, Display External Link: https://www.gov.uk/looking-after-children-divorce | Name: Divorce, External Link: https://www.gov.uk/divorce, Description: Information about getting a divorce, Display Name: N/A, Display External Link: N/A | Name: Domestic violence, External Link: N/A, Description: N/A, Display Name: Domestic abuse, Display External Link: https://www.gov.uk/injunction-domestic-violence | Name: Housing possession, External Link: https://www.gov.uk/evicting-tenants, Description: Information about evicting tenants, Display Name: Housing, Display External Link: N/A | Name: Money claims, External Link: https://www.gov.uk/make-court-claim-for-money, Description: Information about making a court claim for money, Display Name: N/A, Display External Link: N/A","Town: Kingston-upon-Thames, Postcode: KT1 2AD, Address: Hearing Centre, St James Road, Type: Visit or contact us, County: Surrey, N/A, Description: N/A, EPIM ID: N/A"
"Kingston upon Thames Crown Court",51.4058944766291,-0.304698001777536,427,0,0,"kingston-upon-thames-crown-court","Crown Court",true,"97430 Kingston-upon-Thames 2","Name: Crime, External Link: N/A, Description: N/A, Display Name: N/A, Display External Link: N/A | Name: Single justice procedure, External Link: N/A, Description: N/A, Display Name: N/A, Display External Link: N/A","Town: Kingston-upon-Thames, Postcode: KT1 2BB, Address: 6-8 Penrhyn Road, Type: Visit or contact us, County: Surrey, N/A, Description: N/A, EPIM ID: N/A"
"Kingston upon Thames Magistrates' Court",0.0,0.0,0,0,0,"kingston-upon-thames-magistrates-court",,false,null,"No areas of law available","No address available"
"Kirklees (Huddersfield) Magistrates' Court and Family Court",53.6443018404744,-1.78392499168183,0,0,2356,"kirklees-huddersfield-magistrates-court-and-family-court","Family Court | Magistrates' Court",true,"743880 Huddersfield 20","Name: Children, External Link: N/A, Description: N/A, Display Name: Childcare arrangements if you separate from your partner, Display External Link: https://www.gov.uk/looking-after-children-divorce | Name: Crime, External Link: N/A, Description: N/A, Display Name: N/A, Display External Link: N/A | Name: Single justice procedure, External Link: N/A, Description: N/A, Display Name: N/A, Display External Link: N/A | Name: Social security, External Link: https://www.gov.uk/tribunal/sscs, Description: Information about the Social Security and Child Support Tribunal, Display Name: Benefits, Display External Link: https://www.gov.uk/appeal-benefit-decision","Town: Huddersfield, Postcode: HD1 2NW, Address: Court House, Civic Centre, Type: Visit us, County: West Yorkshire, N/A, Description: N/A, EPIM ID: N/A | Town: Huddersfield, Postcode: HD1 2NH, Address: P.O.Box B37, Court House, Civic Centre, Type: Write to us, County: West Yorkshire, N/A, Description: N/A, EPIM ID: N/A"
"Knutsford Crown Court",53.30228580449802,-2.374240917501762,767,0,0,knutsford-crown-court,"Crown Court",false,"702527 Chester 5","Name: Crime, External Link: N/A, Description: N/A, Display Name: N/A, Display External Link: N/A | Name: Single justice procedure, External Link: N/A, Description: N/A, Display Name: N/A, Display External Link: N/A","Town: Knutsford, Postcode: WA16 0PB, Address: Sessions House, Toft Road, Type: Visit us, County: Cheshire, N/A, Description: N/A, EPIM ID: N/A | Town: Chester, Postcode: CH1 2AN, Address: The Castle, Type: Write to us, County: Cheshire, N/A, Description: N/A, EPIM ID: N/A"
"Lambeth County Court and Family Court",51.4883619907942,-0.109865272661856,241,241,0,"lambeth-county-court-and-family-court","County Court",false,"121000 Shoreditch 2","Name: Children, External Link: N/A, Description: N/A, Display Name: Childcare arrangements if you separate from your partner, Display External Link: https://www.gov.uk/looking-after-children-divorce | Name: Domestic violence, External Link: N/A, Description: N/A, Display Name: Domestic abuse, Display External Link: https://www.gov.uk/injunction-domestic-violence | Name: Housing possession, External Link: https://www.gov.uk/evicting-tenants, Description: Information about evicting tenants, Display Name: Housing, Display External Link: N/A | Name: Money claims, External Link: https://www.gov.uk/make-court-claim-for-money, Description: Information about making a court claim for money, Display Name: N/A, Display External Link: N/A","Town: London, Postcode: SE11 4DZ, Address: Court House, Cleaver Street, Kennington Road, Type: Visit us, County: Greater London, N/A, Description: N/A, EPIM ID: N/A | Town: London, Postcode: EC1V 3RE, Address: Clerkenwell and Shoreditch County Court, The Gee Street Court House, 29-41 Gee Street, Type: Write to us, County: Greater London, N/A, Description: N/A, EPIM ID: N/A"
"Lancaster Courthouse",54.04652171853549,-2.7973806335115077,0,242,1790,lancaster-courthouse,"County Court | Family Court | Magistrates' Court",true,"145880 Lancaster 2","Name: Bankruptcy, External Link: https://www.gov.uk/apply-for-bankruptcy, Description: Information about applying for bankruptcy, Display Name: N/A, Display External Link: https://www.gov.uk/bankruptcy | Name: Children, External Link: N/A, Description: N/A, Display Name: Childcare arrangements if you separate from your partner, Display External Link: https://www.gov.uk/looking-after-children-divorce | Name: Crime, External Link: N/A, Description: N/A, Display Name: N/A, Display External Link: N/A | Name: Divorce, External Link: https://www.gov.uk/divorce, Description: Information about getting a divorce, Display Name: N/A, Display External Link: N/A | Name: Domestic violence, External Link: N/A, Description: N/A, Display Name: Domestic abuse, Display External Link: https://www.gov.uk/injunction-domestic-violence | Name: High Court District Registry, External Link: N/A, Description: N/A, Display Name: High Court cases – serious or high profile criminal or civil law cases, Display External Link: N/A | Name: Housing possession, External Link: https://www.gov.uk/evicting-tenants, Description: Information about evicting tenants, Display Name: Housing, Display External Link: N/A | Name: Money claims, External Link: https://www.gov.uk/make-court-claim-for-money, Description: Information about making a court claim for money, Display Name: N/A, Display External Link: N/A | Name: Single justice procedure, External Link: N/A, Description: N/A, Display Name: N/A, Display External Link: N/A","Town: Lancaster, Postcode: LA1 1XZ, Address: George Street, Type: Visit us, County: Lancashire, N/A, Description: N/A, EPIM ID: N/A | Town: Preston, Postcode: PR1 2QT, Address: Preston Magistrates' Court, Lawson Street, Type: Write to us, County: Lancashire, Areas of Law: Crime, Description: N/A, EPIM ID: N/A | Town: Lancaster, Postcode: LA1 1XZ, Address: Lancaster Civil & Family Court, Lancaster Court House, George Street, Type: Write to us, County: Lancashire, Courts: Family Court, Description: N/A, EPIM ID: N/A"
"Lancaster Crown Court",54.0499769562283,-2.80622933087984,409,0,0,lancaster-crown-court,"Crown Court",true,"702660 Preston 5","Name: Crime, External Link: N/A, Description: N/A, Display Name: N/A, Display External Link: N/A | Name: Single justice procedure, External Link: N/A, Description: N/A, Display Name: N/A, Display External Link: N/A","Town: Lancaster, Postcode: LA1 1YJ, Address: The Castle, Type: Visit us, County: Lancashire, N/A, Description: N/A, EPIM ID: N/A | Town: Preston, Postcode: PR1 2LL, Address: The Law Courts, Openshaw Place, Ring Way, Type: Write to us, County: Lancashire, N/A, Description: N/A, EPIM ID: N/A"
"Lancaster Magistrates' Court",54.0465217185355,-2.79738063351151,0,0,242,"lancaster-magistrates-court","Magistrates' Court",false,"318201 Preston 33","Name: Crime, External Link: N/A, Description: N/A, Display Name: N/A, Display External Link: N/A | Name: Single justice procedure, External Link: N/A, Description: N/A, Display Name: N/A, Display External Link: N/A | Name: Social security, External Link: https://www.gov.uk/tribunal/sscs, Description: Information about the Social Security and Child Support Tribunal, Display Name: Benefits, Display External Link: https://www.gov.uk/appeal-benefit-decision","Town: Lancaster, Postcode: LA1 1XZ, Address: George Street, Type: Visit us, County: Lancashire, N/A, Description: N/A, EPIM ID: N/A | Town: Preston, Postcode: PR1 2QT, Address: Preston Magistrates' Court, Lawson Street, Type: Write to us, County: Lancashire, N/A, Description: N/A, EPIM ID: N/A"
"Lancaster Probate Sub-Registry",54.050848,-2.803588,0,0,0,"lancaster-probate-sub-registry",,false,"14246 Liverpool 1","Name: Probate, External Link: https://www.gov.uk/wills-probate-inheritance, Description: Information about wills and probate, Display Name: N/A, Display External Link: https://www.gov.uk/applying-for-probate","Town: Liverpool, Postcode: L2 1XA, Address: 2nd Floor East Wing, QE11 Law Courts, Derby Square, Type: Write to us, County: Merseyside, N/A, Description: N/A, EPIM ID: N/A"
"Land Registration",51.51996348562011,-0.1329892080878904,0,0,0,land-registration,Tribunal,true,null,"No areas of law available","Town: London, Postcode: WC1E 7LR, Address: 3rd Floor, 10 Alfred Place, Type: Write to us, County: Surrey, N/A, Description: N/A, EPIM ID: N/A"
"Lavender Hill Magistrates' Court",51.4646125726548,-0.162473379672401,0,0,2577,"lavender-hill-magistrates-court","Magistrates' Court",true,"58559 Clapham Junction","Name: Crime, External Link: N/A, Description: N/A, Display Name: N/A, Display External Link: N/A | Name: Single justice procedure, External Link: N/A, Description: N/A, Display Name: N/A, Display External Link: N/A","Town: Battersea, Postcode: SW11 1JU, Address: 176a Lavender Hill, Type: Visit or contact us, County: Greater London, N/A, Description: N/A, EPIM ID: N/A"
"Leamington Spa Magistrates' Court",52.2888311012928,-1.53393626624245,0,0,2905,"leamington-spa-magistrates-court","Magistrates' Court",true,"701964 Leamington 7","Name: Crime, External Link: N/A, Description: N/A, Display Name: N/A, Display External Link: N/A | Name: Single justice procedure, External Link: N/A, Description: N/A, Display Name: N/A, Display External Link: N/A","Town: Leamington Spa, Postcode: CV32 4EL, Address: Warwickshire Justice Centre, Newbold Terrace, Type: Visit or contact us, County: Warwickshire, N/A, Description: N/A, EPIM ID: N/A"
"Leeds Business Property Court",53.7989458877356,-1.5539867928409226,0,0,0,"leeds-business-property-court",,true,null,"No areas of law available","Town: Leeds, Postcode: LS1 2RP, Address: Fourth Floor, West Gate, 6 Grace Street, Type: Visit us, County: West Yorkshire, N/A, Description: N/A, EPIM ID: N/A"
"Leeds Combined Court Centre",53.8003756626313,-1.55175499198565,0,243,0,"leeds-combined-court-centre","County Court | Family Court",true,"703016 Leeds 6","Name: Adoption, External Link: https://www.gov.uk/child-adoption, Description: Information about adopting a child, Display Name: N/A, Display External Link: https://www.gov.uk/child-adoption/applying-for-an-adoption-court-order | Name: Bankruptcy, External Link: https://www.gov.uk/apply-for-bankruptcy, Description: Information about applying for bankruptcy, Display Name: N/A, Display External Link: https://www.gov.uk/bankruptcy | Name: Children, External Link: N/A, Description: N/A, Display Name: Childcare arrangements if you separate from your partner, Display External Link: https://www.gov.uk/looking-after-children-divorce | Name: Crime, External Link: N/A, Description: N/A, Display Name: N/A, Display External Link: N/A | Name: Divorce, External Link: https://www.gov.uk/divorce, Description: Information about getting a divorce, Display Name: N/A, Display External Link: N/A | Name: Domestic violence, External Link: N/A, Description: N/A, Display Name: Domestic abuse, Display External Link: https://www.gov.uk/injunction-domestic-violence | Name: FGM, External Link: https://www.gov.uk/government/collections/female-genital-mutilation, Description: N/A, Display Name: Female Genital Mutilation, Display External Link: N/A | Name: Financial Remedy, External Link: https://www.gov.uk/money-property-when-relationship-ends, Description: N/A, Display Name: If you are making an application to settle your finances following a divorce (Financial Remedy), please refer to the guidance found here, Display External Link: N/A | Name: Forced marriage, External Link: https://www.gov.uk/apply-forced-marriage-protection-order, Description: Information about forced marriage protection orders, Display Name: N/A, Display External Link: N/A | Name: High Court District Registry, External Link: N/A, Description: N/A, Display Name: High Court cases – serious or high profile criminal or civil law cases, Display External Link: N/A | Name: Housing possession, External Link: https://www.gov.uk/evicting-tenants, Description: Information about evicting tenants, Display Name: Housing, Display External Link: N/A | Name: Money claims, External Link: https://www.gov.uk/make-court-claim-for-money, Description: Information about making a court claim for money, Display Name: N/A, Display External Link: N/A | Name: Single justice procedure, External Link: N/A, Description: N/A, Display Name: N/A, Display External Link: N/A","Town: Leeds, Postcode: LS1 3BG, Address: The Courthouse, 1 Oxford Row, Type: Visit or contact us, County: South Yorkshire, N/A, Description: N/A, EPIM ID: N/A"
"Leeds District Magistrates' Court and Family Court",53.8010089346329,-1.55285660180858,0,0,2375,"leeds-district-magistrates-court-and-family-court","Family Court | Magistrates' Court",true,"743890 Leeds (Westgate)","Name: Children, External Link: N/A, Description: N/A, Display Name: Childcare arrangements if you separate from your partner, Display External Link: https://www.gov.uk/looking-after-children-divorce | Name: Crime, External Link: N/A, Description: N/A, Display Name: N/A, Display External Link: N/A | Name: Single justice procedure, External Link: N/A, Description: N/A, Display Name: N/A, Display External Link: N/A","Town: Leeds, Postcode: LS1 3BY, Address: Westgate, Type: Visit us, County: South Yorkshire, N/A, Description: N/A, EPIM ID: N/A | Town: Leeds, Postcode: LS1 3JP, Address: PO Box 97, Westgate, Type: Write to us, County: South Yorkshire, N/A, Description: N/A, EPIM ID: N/A"
"Leeds District Probate Registry",53.7971039754984,-1.55139501516297,0,0,0,"leeds-district-probate-registry",,true,"26451 Leeds Park Square","Name: Probate, External Link: https://www.gov.uk/wills-probate-inheritance, Description: Information about wills and probate, Display Name: N/A, Display External Link: https://www.gov.uk/applying-for-probate","Town: Leeds, Postcode: LS1 2ED, Address: York House, 31 York Place, Type: Visit us, County: South Yorkshire, N/A, Description: N/A, EPIM ID: N/A | Town: Leeds, Postcode: LS1 2BA, Address: York House, 31 York Place, Type: Write to us, County: South Yorkshire, N/A, Description: N/A, EPIM ID: N/A"
"Leeds Employment Tribunal",53.7989458877356,-1.5539867928409226,0,0,0,"leeds-employment-tribunal",Tribunal,true,null,"Name: Employment, External Link: https://www.gov.uk/courts-tribunals/employment-tribunal, Description: Information about the Employment Tribunal, Display Name: Claims against employers, Display External Link: https://www.gov.uk/employment-tribunals","Town: Leeds, Postcode: LS1 2RP, Address: HMCTS Leeds Employment Tribunal, West Gate, 6 Grace Street, Type: Visit us, County: West Yorkshire, N/A, Description: N/A, EPIM ID: N/A"
"Leeds Social Security and Child Support Tribunal",53.7970854915887,-1.55160787691022,0,0,0,"leeds-social-security-and-child-support-tribunal",Tribunal,true,null,"Name: Social security, External Link: https://www.gov.uk/tribunal/sscs, Description: Information about the Social Security and Child Support Tribunal, Display Name: Benefits, Display External Link: https://www.gov.uk/appeal-benefit-decision","Town: Leeds, Postcode: LS1 2ED, Address: York House, 31 York Place, Type: Visit us, County: West Yorkshire, N/A, Description: N/A, EPIM ID: N/A"
"Leicester County Court and Family Court",52.6299106772431,-1.12737412570746,0,244,0,"leicester-county-court-and-family-court","County Court | Family Court",true,"17401 Leicester 3","Name: Adoption, External Link: https://www.gov.uk/child-adoption, Description: Information about adopting a child, Display Name: N/A, Display External Link: https://www.gov.uk/child-adoption/applying-for-an-adoption-court-order | Name: Bankruptcy, External Link: https://www.gov.uk/apply-for-bankruptcy, Description: Information about applying for bankruptcy, Display Name: N/A, Display External Link: https://www.gov.uk/bankruptcy | Name: Children, External Link: N/A, Description: N/A, Display Name: Childcare arrangements if you separate from your partner, Display External Link: https://www.gov.uk/looking-after-children-divorce | Name: Divorce, External Link: https://www.gov.uk/divorce, Description: Information about getting a divorce, Display Name: N/A, Display External Link: N/A | Name: Domestic violence, External Link: N/A, Description: N/A, Display Name: Domestic abuse, Display External Link: https://www.gov.uk/injunction-domestic-violence | Name: FGM, External Link: https://www.gov.uk/government/collections/female-genital-mutilation, Description: N/A, Display Name: Female Genital Mutilation, Display External Link: N/A | Name: Forced marriage, External Link: https://www.gov.uk/apply-forced-marriage-protection-order, Description: Information about forced marriage protection orders, Display Name: N/A, Display External Link: N/A | Name: High Court District Registry, External Link: N/A, Description: N/A, Display Name: High Court cases – serious or high profile criminal or civil law cases, Display External Link: N/A | Name: Housing possession, External Link: https://www.gov.uk/evicting-tenants, Description: Information about evicting tenants, Display Name: Housing, Display External Link: N/A | Name: Money claims, External Link: https://www.gov.uk/make-court-claim-for-money, Description: Information about making a court claim for money, Display Name: N/A, Display External Link: N/A | Name: Social security, External Link: https://www.gov.uk/tribunal/sscs, Description: Information about the Social Security and Child Support Tribunal, Display Name: Benefits, Display External Link: https://www.gov.uk/appeal-benefit-decision","Town: Leicester, Postcode: LE1 6HG, Address: 90 Wellington Street, Type: Visit or contact us, County: Leicestershire, N/A, Description: N/A, EPIM ID: N/A"
"Leicester Crown Court",52.6299106772431,-1.12737412570746,430,0,0,leicester-crown-court,"Crown Court",true,"10880 Leicester 3","Name: Crime, External Link: N/A, Description: N/A, Display Name: N/A, Display External Link: N/A | Name: Single justice procedure, External Link: N/A, Description: N/A, Display Name: N/A, Display External Link: N/A","Town: Leicester, Postcode: LE1 6HG, Address: 90 Wellington Street, Type: Visit or contact us, County: Leicestershire, N/A, Description: N/A, EPIM ID: N/A"
"Leicester Magistrates' Court",52.6322462524527,-1.13434584601119,0,0,2100,"leicester-magistrates-court","Magistrates' Court",true,null,"Name: Crime, External Link: N/A, Description: N/A, Display Name: N/A, Display External Link: N/A | Name: Single justice procedure, External Link: N/A, Description: N/A, Display Name: N/A, Display External Link: N/A","Town: Leicester, Postcode: LE1 6BT, Address: 15 Pocklingtons Walk, Type: Visit or contact us, County: Leicestershire, N/A, Description: N/A, EPIM ID: N/A"
"Leicester Probate Sub Registry",52.6300535231557,-1.12710509961754,0,0,0,"leicester-probate-sub-registry",,false,"96454 Oxford 4","Name: Probate, External Link: https://www.gov.uk/wills-probate-inheritance, Description: Information about wills and probate, Display Name: N/A, Display External Link: https://www.gov.uk/applying-for-probate","Town: Leicester, Postcode: LE1 6HG, Address: Crown Court Building, 90 Wellington Street, Type: Visit us, County: Leicestershire, N/A, Description: N/A, EPIM ID: N/A | Town: Oxford, Postcode: OX1 1LY, Address: Oxford District Probate Registry , Combined Court Building, St Aldates, Type: Write to us, County: Leicestershire, N/A, Description: N/A, EPIM ID: N/A"
"Leicester Tribunal Hearing Centre",52.6300669002155,-1.13028166721828,0,0,0,"leicester-tribunal-hearing-centre",Tribunal,true,null,"Name: Employment, External Link: https://www.gov.uk/courts-tribunals/employment-tribunal, Description: Information about the Employment Tribunal, Display Name: Claims against employers, Display External Link: https://www.gov.uk/employment-tribunals | Name: Social security, External Link: https://www.gov.uk/tribunal/sscs, Description: Information about the Social Security and Child Support Tribunal, Display Name: Benefits, Display External Link: https://www.gov.uk/appeal-benefit-decision","Town: Leicester, Postcode: LE1 6TE, Address: Kings Court, 5a New Walk, Type: Visit us, County: Greater London, N/A, Description: N/A, EPIM ID: N/A"
"Lewes Combined Court Centre",50.8730858865804,0.00974478566991299,431,247,0,"lewes-combined-court-centre","County Court | Crown Court",true,"Crown:  DX 97395 Lewes 4 / County: DX 98070 Brighton 3","Name: Crime, External Link: N/A, Description: N/A, Display Name: N/A, Display External Link: N/A | Name: Housing possession, External Link: https://www.gov.uk/evicting-tenants, Description: Information about evicting tenants, Display Name: Housing, Display External Link: N/A | Name: Money claims, External Link: https://www.gov.uk/make-court-claim-for-money, Description: Information about making a court claim for money, Display Name: N/A, Display External Link: N/A | Name: Single justice procedure, External Link: N/A, Description: N/A, Display Name: N/A, Display External Link: N/A","Town: Lewes, Postcode: BN7 1YB, Address: The Law Courts, High Street, Type: Visit or contact us, County: Lancashire, N/A, Description: N/A, EPIM ID: N/A | Town: Brighton, Postcode: BN2 0RF, Address: County and Family Court matters: , Brighton County Court, William Street, Type: Write to us, County: Lancashire, N/A, Description: N/A, EPIM ID: N/A"
"Lewes Magistrates' Court",0.0,0.0,0,0,0,lewes-magistrates-court,,false,null,"No areas of law available","No address available"
"Leyland Family Hearing Centre",53.6904652210812,-2.69983489912233,0,303,0,"leyland-family-hearing-centre","Family Court",true,"310201 Preston 31","Name: Children, External Link: N/A, Description: N/A, Display Name: Childcare arrangements if you separate from your partner, Display External Link: https://www.gov.uk/looking-after-children-divorce","Town: Leyland, Postcode: PR25 2EX, Address: Lancastergate, Type: Visit us, County: Lancashire, N/A, Description: N/A, EPIM ID: N/A | Town: Preston, Postcode: PR1 2PD, Address: The Family Court, Sessions House, Lancaster Road, Type: Write to us, County: Lancashire, N/A, Description: N/A, EPIM ID: N/A"
"Lincoln County Court and Family Court",53.2245922082516,-0.542039907729719,0,249,0,"lincoln-county-court-and-family-court","County Court | Family Court",true,"703231 LINCOLN 6","Name: Adoption, External Link: https://www.gov.uk/child-adoption, Description: Information about adopting a child, Display Name: N/A, Display External Link: https://www.gov.uk/child-adoption/applying-for-an-adoption-court-order | Name: Bankruptcy, External Link: https://www.gov.uk/apply-for-bankruptcy, Description: Information about applying for bankruptcy, Display Name: N/A, Display External Link: https://www.gov.uk/bankruptcy | Name: Children, External Link: N/A, Description: N/A, Display Name: Childcare arrangements if you separate from your partner, Display External Link: https://www.gov.uk/looking-after-children-divorce | Name: Divorce, External Link: https://www.gov.uk/divorce, Description: Information about getting a divorce, Display Name: N/A, Display External Link: N/A | Name: Domestic violence, External Link: N/A, Description: N/A, Display Name: Domestic abuse, Display External Link: https://www.gov.uk/injunction-domestic-violence | Name: High Court District Registry, External Link: N/A, Description: N/A, Display Name: High Court cases – serious or high profile criminal or civil law cases, Display External Link: N/A | Name: Housing possession, External Link: https://www.gov.uk/evicting-tenants, Description: Information about evicting tenants, Display Name: Housing, Display External Link: N/A | Name: Money claims, External Link: https://www.gov.uk/make-court-claim-for-money, Description: Information about making a court claim for money, Display Name: N/A, Display External Link: N/A","Town: Lincoln, Postcode: LN5 7PS, Address: 360 High Street, Type: Visit or contact us, County: Lincolnshire, N/A, Description: N/A, EPIM ID: N/A"
"Lincoln Crown Court",53.2352232637392,-0.54173865169504,432,0,0,lincoln-crown-court,"Crown Court",true,null,"Name: Crime, External Link: N/A, Description: N/A, Display Name: N/A, Display External Link: N/A | Name: Single justice procedure, External Link: N/A, Description: N/A, Display Name: N/A, Display External Link: N/A","Town: Lincoln, Postcode: LN1 3GA, Address: The Castle, Castle Hill, Type: Visit or contact us, County: Lincolnshire, N/A, Description: N/A, EPIM ID: N/A"
"Lincoln Magistrates' Court",53.2245922082516,-0.542039907729719,0,0,2105,"lincoln-magistrates-court","Magistrates' Court",true,"703232 Lincoln 6","Name: Children, External Link: N/A, Description: N/A, Display Name: Childcare arrangements if you separate from your partner, Display External Link: https://www.gov.uk/looking-after-children-divorce | Name: Crime, External Link: N/A, Description: N/A, Display Name: N/A, Display External Link: N/A | Name: Employment, External Link: https://www.gov.uk/courts-tribunals/employment-tribunal, Description: Information about the Employment Tribunal, Display Name: Claims against employers, Display External Link: https://www.gov.uk/employment-tribunals | Name: Single justice procedure, External Link: N/A, Description: N/A, Display Name: N/A, Display External Link: N/A | Name: Social security, External Link: https://www.gov.uk/tribunal/sscs, Description: Information about the Social Security and Child Support Tribunal, Display Name: Benefits, Display External Link: https://www.gov.uk/appeal-benefit-decision","Town: Lincoln, Postcode: LN5 7QA, Address: The Court House, 358 High Street, Type: Visit or contact us, County: Lincolnshire, N/A, Description: N/A, EPIM ID: N/A"
"Lincoln Probate Sub-Registry",53.2245922082516,-0.542039907729719,0,0,0,"lincoln-probate-sub-registry",,false,"26451 Leeds Park Square","Name: Probate, External Link: https://www.gov.uk/wills-probate-inheritance, Description: Information about wills and probate, Display Name: N/A, Display External Link: https://www.gov.uk/applying-for-probate","Town: Leeds, Postcode: LS1 2BA, Address: York House, 31 York Place, Type: Write to us, County: Lancashire, N/A, Description: N/A, EPIM ID: N/A"
"Liskeard Magistrates' Court",0.0,0.0,0,0,0,"liskeard-magistrates-court",,false,null,"No areas of law available","No address available"
"Liverpool Civil and Family Court",53.4094847497055,-2.98938972812673,0,251,0,"liverpool-civil-and-family-court","County Court | Family Court",true,"702600 Liverpool 5","Name: Adoption, External Link: https://www.gov.uk/child-adoption, Description: Information about adopting a child, Display Name: N/A, Display External Link: https://www.gov.uk/child-adoption/applying-for-an-adoption-court-order | Name: Bankruptcy, External Link: https://www.gov.uk/apply-for-bankruptcy, Description: Information about applying for bankruptcy, Display Name: N/A, Display External Link: https://www.gov.uk/bankruptcy | Name: Children, External Link: N/A, Description: N/A, Display Name: Childcare arrangements if you separate from your partner, Display External Link: https://www.gov.uk/looking-after-children-divorce | Name: Divorce, External Link: https://www.gov.uk/divorce, Description: Information about getting a divorce, Display Name: N/A, Display External Link: N/A | Name: Domestic violence, External Link: N/A, Description: N/A, Display Name: Domestic abuse, Display External Link: https://www.gov.uk/injunction-domestic-violence | Name: Employment, External Link: https://www.gov.uk/courts-tribunals/employment-tribunal, Description: Information about the Employment Tribunal, Display Name: Claims against employers, Display External Link: https://www.gov.uk/employment-tribunals | Name: FGM, External Link: https://www.gov.uk/government/collections/female-genital-mutilation, Description: N/A, Display Name: Female Genital Mutilation, Display External Link: N/A | Name: Financial Remedy, External Link: https://www.gov.uk/money-property-when-relationship-ends, Description: N/A, Display Name: If you are making an application to settle your finances following a divorce (Financial Remedy), please refer to the guidance found here, Display External Link: N/A | Name: Forced marriage, External Link: https://www.gov.uk/apply-forced-marriage-protection-order, Description: Information about forced marriage protection orders, Display Name: N/A, Display External Link: N/A | Name: High Court District Registry, External Link: N/A, Description: N/A, Display Name: High Court cases – serious or high profile criminal or civil law cases, Display External Link: N/A | Name: Housing possession, External Link: https://www.gov.uk/evicting-tenants, Description: Information about evicting tenants, Display Name: Housing, Display External Link: N/A | Name: Money claims, External Link: https://www.gov.uk/make-court-claim-for-money, Description: Information about making a court claim for money, Display Name: N/A, Display External Link: N/A | Name: Social security, External Link: https://www.gov.uk/tribunal/sscs, Description: Information about the Social Security and Child Support Tribunal, Display Name: Benefits, Display External Link: https://www.gov.uk/appeal-benefit-decision","Town: Liverpool, Postcode: L2 2BX, Address: 35 Vernon Street, Type: Visit or contact us, County: Merseyside, N/A, Description: N/A, EPIM ID: N/A"
"Liverpool Crown Court",53.4041690732796,-2.98977778180236,433,0,0,liverpool-crown-court,"Crown Court",true,"740880 Liverpool 22","Name: Crime, External Link: N/A, Description: N/A, Display Name: N/A, Display External Link: N/A | Name: Single justice procedure, External Link: N/A, Description: N/A, Display Name: N/A, Display External Link: N/A","Town: Liverpool, Postcode: L2 1XA, Address: The Queen Elizabeth II Law Courts, Derby Square, Type: Visit or contact us, County: Merseyside, N/A, Description: N/A, EPIM ID: N/A"
"Liverpool District Probate Registry",53.4041702684199,-2.98977807818936,0,0,0,"liverpool-district-probate-registry",,true,"14246 Liverpool 1","Name: Probate, External Link: https://www.gov.uk/wills-probate-inheritance, Description: Information about wills and probate, Display Name: N/A, Display External Link: https://www.gov.uk/applying-for-probate","Town: Liverpool, Postcode: L2 1XA, Address: Queen Elizabeth II Law Courts, Derby Square, Type: Visit or contact us, County: Merseyside, N/A, Description: N/A, EPIM ID: N/A"
"Liverpool & Knowsley Magistrates' Court",53.4041690732796,-2.98977778180236,0,0,1730,"liverpool-knowsley-magistrates-court","Magistrates' Court",true,"740880 Liverpool 22","Name: Crime, External Link: N/A, Description: N/A, Display Name: N/A, Display External Link: N/A | Name: Single justice procedure, External Link: N/A, Description: N/A, Display Name: N/A, Display External Link: N/A","Town: Liverpool, Postcode: L2 1XA, Address: The Queen Elizabeth II Law Courts, Derby Square, Type: Visit or contact us, County: Merseyside, N/A, Description: N/A, EPIM ID: N/A"
"Liverpool Social Security and Child Support Tribunal",53.407863922339054,-2.9886450776071034,0,0,0,"liverpool-social-security-and-child-support-tribunal",Tribunal,true,null,"Name: Social security, External Link: https://www.gov.uk/tribunal/sscs, Description: Information about the Social Security and Child Support Tribunal, Display Name: Benefits, Display External Link: https://www.gov.uk/appeal-benefit-decision","Town: Liverpool, Postcode: L2 5UZ, Address: 36 Dale Street, Type: Visit or contact us, County: Merseyside, N/A, Description: N/A, EPIM ID: N/A"
"Liverpool Youth Court",53.4040619749002,-2.98968504432149,0,0,0,liverpool-youth-court,,true,"740880 Liverpool 22","No areas of law available","Town: Liverpool, Postcode: L2 1XA, Address: The Queen Elizabeth II Law Courts, Derby Square, Type: Visit or contact us, County: Merseyside, N/A, Description: N/A, EPIM ID: N/A"
"Llandovery Magistrates' Court",0.0,0.0,0,0,0,"llandovery-magistrates-court",,false,null,"No areas of law available","No address available"
"Llandrindod Wells Magistrates' and Family Court",52.2517541940019,-3.3698193350646,0,0,3351,"llandrindod-wells-magistrates-and-family-court","Magistrates' Court",true,null,"Name: Children, External Link: N/A, Description: N/A, Display Name: Childcare arrangements if you separate from your partner, Display External Link: https://www.gov.uk/looking-after-children-divorce | Name: Crime, External Link: N/A, Description: N/A, Display Name: N/A, Display External Link: N/A | Name: Single justice procedure, External Link: N/A, Description: N/A, Display Name: N/A, Display External Link: N/A | Name: Social security, External Link: https://www.gov.uk/tribunal/sscs, Description: Information about the Social Security and Child Support Tribunal, Display Name: Benefits, Display External Link: https://www.gov.uk/appeal-benefit-decision","Town: LLandrindod Wells, Postcode: LD1 5DF, Address: Noyadd Parks, Type: Visit us, County: Merthyr Tydfil, N/A, Description: N/A, EPIM ID: N/A | Town: Merthyr Tydfil, Postcode: CF47 8BH, Address: Giebeland Place, Type: Write to us, County: Merthyr Tydfil, N/A, Description: N/A, EPIM ID: N/A"
"Llandudno Magistrates' Court",53.3201805115321,-3.82329133945325,0,0,3070,"llandudno-magistrates-court","Family Court | Magistrates' Court | Tribunal",true,null,"Name: Crime, External Link: N/A, Description: N/A, Display Name: N/A, Display External Link: N/A | Name: Domestic Abuse Protection Order (DAPOs), External Link: https://www.gov.uk/guidance/domestic-abuse-protection-notices-dapns-and-domestic-abuse-protection-orders-dapos, Description: N/A, Display Name: N/A, Display External Link: N/A | Name: Employment, External Link: https://www.gov.uk/courts-tribunals/employment-tribunal, Description: Information about the Employment Tribunal, Display Name: Claims against employers, Display External Link: https://www.gov.uk/employment-tribunals | Name: Single justice procedure, External Link: N/A, Description: N/A, Display Name: N/A, Display External Link: N/A | Name: Social security, External Link: https://www.gov.uk/tribunal/sscs, Description: Information about the Social Security and Child Support Tribunal, Display Name: Benefits, Display External Link: https://www.gov.uk/appeal-benefit-decision","Town: Llandudno, Postcode: LL30 1GA, Address: The Court House, Conwy Road, Type: Visit or contact us, County: Conwy, N/A, Description: N/A, EPIM ID: N/A"
"Llanelli Law Courts",51.6821043655602,-4.16314252982614,0,253,3252,llanelli-law-courts,"County Court | Magistrates' Court",true,"99510 Llanelli 2/99512 Llanelli 2","Name: Children, External Link: N/A, Description: N/A, Display Name: Childcare arrangements if you separate from your partner, Display External Link: https://www.gov.uk/looking-after-children-divorce | Name: Crime, External Link: N/A, Description: N/A, Display Name: N/A, Display External Link: N/A | Name: Domestic violence, External Link: N/A, Description: N/A, Display Name: Domestic abuse, Display External Link: https://www.gov.uk/injunction-domestic-violence | Name: Employment, External Link: https://www.gov.uk/courts-tribunals/employment-tribunal, Description: Information about the Employment Tribunal, Display Name: Claims against employers, Display External Link: https://www.gov.uk/employment-tribunals | Name: Housing possession, External Link: https://www.gov.uk/evicting-tenants, Description: Information about evicting tenants, Display Name: Housing, Display External Link: N/A | Name: Money claims, External Link: https://www.gov.uk/make-court-claim-for-money, Description: Information about making a court claim for money, Display Name: N/A, Display External Link: N/A | Name: Single justice procedure, External Link: N/A, Description: N/A, Display Name: N/A, Display External Link: N/A | Name: Social security, External Link: https://www.gov.uk/tribunal/sscs, Description: Information about the Social Security and Child Support Tribunal, Display Name: Benefits, Display External Link: https://www.gov.uk/appeal-benefit-decision","Town: Llanelli, Postcode: SA15 3AW, Address: Town Hall Square, Type: Visit or contact us, County: Pembrokeshire, N/A, Description: N/A, EPIM ID: N/A"
"Llangefni County Court and Family Court",0.0,0.0,254,254,0,"llangefni-county-court-and-family-court","County Court",false,null,"Name: Adoption, External Link: https://www.gov.uk/child-adoption, Description: Information about adopting a child, Display Name: N/A, Display External Link: https://www.gov.uk/child-adoption/applying-for-an-adoption-court-order | Name: Bankruptcy, External Link: https://www.gov.uk/apply-for-bankruptcy, Description: Information about applying for bankruptcy, Display Name: N/A, Display External Link: https://www.gov.uk/bankruptcy","No address available"
"Llwynypia Magistrates' Court",0.0,0.0,0,0,0,"llwynypia-magistrates-court",,false,null,"No areas of law available","No address available"
"London Centralised Legal Aid Office",51.581867117497,0.185739959507699,0,0,0,"london-centralised-legal-aid-office",,false,"743412 Romford 15","No areas of law available","Town: Romford, Postcode: RM1 3BH, Address: Main Road, Type: Visit us, County: Essex, N/A, Description: N/A, EPIM ID: N/A"
"London (Central) Social Security and Child Support Tribunal",51.51913084308083,-0.11075373881298535,0,0,0,"london-central-social-security-and-child-support-tribunal",,true,null,"Name: Social security, External Link: https://www.gov.uk/tribunal/sscs, Description: Information about the Social Security and Child Support Tribunal, Display Name: Benefits, Display External Link: https://www.gov.uk/appeal-benefit-decision","Town: London, Postcode: EC1N 7RS, Address: 4th Floor, Fox Court, 30 Brooke Street, Type: Visit us, County: , N/A, Description: N/A, EPIM ID: N/A | Town: Sutton, Postcode: SM1 1DA, Address: 9 The Pavement, Grove Road, Type: Write to us, County: , N/A, Description: N/A, EPIM ID: N/A"
"London Circuit Commercial Court",51.5157695807127,-0.110316308301577,0,0,0,"london-circuit-commercial-court",,true,"160040 Strand 4","No areas of law available","Town: London, Postcode: EC4A 1NL, Address: Rolls Building,  7 Rolls Buildings,  Fetter Lane, Type: Visit or contact us, County: Greater London, N/A, Description: N/A, EPIM ID: N/A"
"London Collection and Compliance Centre",51.52456509525468,-0.11204246364224286,0,0,0,"london-collection-and-compliance-centre",,true,"DX 141424, BLOOMSBURY 7","No areas of law available","Town: London, Postcode: WC1A 9QD, Address: P.O. Box 75667, Type: Write to us, County: Greater London, N/A, Description: N/A, EPIM ID: N/A"
"London Probate Department",51.518436003829,-0.114515647919463,0,0,0,"london-probate-department",,false,"160011 Kingsway 7","Name: Probate, External Link: https://www.gov.uk/wills-probate-inheritance, Description: Information about wills and probate, Display Name: N/A, Display External Link: https://www.gov.uk/applying-for-probate","Town: Holborn, Postcode: WC1V 6NP, Address: 42-49 High Holborn, First Avenue House, Type: Visit or contact us, County: Greater London, N/A, Description: N/A, EPIM ID: N/A"
"London Regional Confiscation Unit",0.0,0.0,0,0,0,"london-regional-confiscation-unit",,true,null,"No areas of law available","Town: London, Postcode: SE1 2HU, Address: Southwark Crown Court, 1 English Grounds , Battlebridge Lane, Type: Write to us, County: , N/A, Description: N/A, EPIM ID: N/A"
"London (South) Employment Tribunal",51.3797176687423,-0.10460143125218,0,0,0,"london-south-employment-tribunal",Tribunal,true,"155061 Croydon 39","No areas of law available","Town: London, Postcode: CR0 2RF , Address: Montague Court , 101 London Road , West Croydon , Type: Visit or contact us, County: Greater London, N/A, Description: N/A, EPIM ID: N/A"
"Loughborough Court",52.772198873912494,-1.2021896080539856,0,0,2100,loughborough-court,"Magistrates' Court",true,null,"Name: Children, External Link: N/A, Description: N/A, Display Name: Childcare arrangements if you separate from your partner, Display External Link: https://www.gov.uk/looking-after-children-divorce | Name: Crime, External Link: N/A, Description: N/A, Display Name: N/A, Display External Link: N/A | Name: Single justice procedure, External Link: N/A, Description: N/A, Display Name: N/A, Display External Link: N/A","Town: Loughborough, Postcode: LE11 1AZ, Address: 60 Pinfold Gate, Type: Visit us, County: , N/A, Description: N/A, EPIM ID: N/A | Town: Leicester, Postcode: LE1 6BT, Address: Leicester Magistrates Court, Pocklingtons Walk, Type: Write to us, County: , Courts: Magistrates' Court, Description: N/A, EPIM ID: N/A | Town: Leicester, Postcode: LE1 6HG, Address: Leicester Crown Court, 90 Wellington Street, Type: Write to us, County: , Areas of Law: Civil, Courts: Family Court | Crown Court, Description: N/A, EPIM ID: N/A"
"Lowestoft County Court",0.0,0.0,0,0,0,lowestoft-county-court,,false,null,"No areas of law available","No address available"
"Lowestoft Magistrates' Court",0.0,0.0,0,0,0,"lowestoft-magistrates-court",,false,null,"No areas of law available","No address available"
"Ludlow County Court",0.0,0.0,0,0,0,ludlow-county-court,,false,null,"No areas of law available","No address available"
"Ludlow Magistrates' Court",0.0,0.0,0,0,0,ludlow-magistrates-court,,false,null,"No areas of law available","No address available"
"Luton and South Bedfordshire Magistrates' Court",51.87823301398149,-0.42028516042155184,0,0,1055,"luton-and-south-bedfordshire-magistrates-court","Magistrates' Court",true,"151660 Luton 16","Name: Crime, External Link: N/A, Description: N/A, Display Name: N/A, Display External Link: N/A | Name: Domestic violence, External Link: N/A, Description: N/A, Display Name: Domestic abuse, Display External Link: https://www.gov.uk/injunction-domestic-violence | Name: Single justice procedure, External Link: N/A, Description: N/A, Display Name: N/A, Display External Link: N/A | Name: Social security, External Link: https://www.gov.uk/tribunal/sscs, Description: Information about the Social Security and Child Support Tribunal, Display Name: Benefits, Display External Link: https://www.gov.uk/appeal-benefit-decision","Town: Luton, Postcode: LU1 5BL, Address: Stuart Street, Type: Visit or contact us, County: Bedfordshire, N/A, Description: N/A, EPIM ID: N/A | Town: Harlow, Postcode: CM20 9QF, Address: HMCTS Benefit Appeals, PO Box 12626, Type: Write to us, County: Essex, Areas of Law: Social security, Description: N/A, EPIM ID: N/A"
"Luton Crown Court",51.8780263307385,-0.414277870156741,476,0,0,luton-crown-court,"Crown Court",true,"120500 Luton 6","Name: Crime, External Link: N/A, Description: N/A, Display Name: N/A, Display External Link: N/A | Name: Single justice procedure, External Link: N/A, Description: N/A, Display Name: N/A, Display External Link: N/A","Town: Luton, Postcode: LU1 2AA, Address: 7 George Street, Type: Visit or contact us, County: Bedfordshire, N/A, Description: N/A, EPIM ID: N/A"
"Luton Justice Centre",51.8795930734802,-0.4144406320868834,0,258,0,luton-justice-centre,"County Court | Family Court",true,"97760 Luton 4","Name: Adoption, External Link: https://www.gov.uk/child-adoption, Description: Information about adopting a child, Display Name: N/A, Display External Link: https://www.gov.uk/child-adoption/applying-for-an-adoption-court-order | Name: Bankruptcy, External Link: https://www.gov.uk/apply-for-bankruptcy, Description: Information about applying for bankruptcy, Display Name: N/A, Display External Link: https://www.gov.uk/bankruptcy | Name: Children, External Link: N/A, Description: N/A, Display Name: Childcare arrangements if you separate from your partner, Display External Link: https://www.gov.uk/looking-after-children-divorce | Name: Divorce, External Link: https://www.gov.uk/divorce, Description: Information about getting a divorce, Display Name: N/A, Display External Link: N/A | Name: Domestic violence, External Link: N/A, Description: N/A, Display Name: Domestic abuse, Display External Link: https://www.gov.uk/injunction-domestic-violence | Name: FGM, External Link: https://www.gov.uk/government/collections/female-genital-mutilation, Description: N/A, Display Name: Female Genital Mutilation, Display External Link: N/A | Name: Forced marriage, External Link: https://www.gov.uk/apply-forced-marriage-protection-order, Description: Information about forced marriage protection orders, Display Name: N/A, Display External Link: N/A | Name: High Court District Registry, External Link: N/A, Description: N/A, Display Name: High Court cases – serious or high profile criminal or civil law cases, Display External Link: N/A | Name: Housing possession, External Link: https://www.gov.uk/evicting-tenants, Description: Information about evicting tenants, Display Name: Housing, Display External Link: N/A | Name: Money claims, External Link: https://www.gov.uk/make-court-claim-for-money, Description: Information about making a court claim for money, Display Name: N/A, Display External Link: N/A | Name: Social security, External Link: https://www.gov.uk/tribunal/sscs, Description: Information about the Social Security and Child Support Tribunal, Display Name: Benefits, Display External Link: https://www.gov.uk/appeal-benefit-decision","Town: Luton, Postcode: LU1 2EN, Address: Luton Justice Centre, Floors 4 & 5, Arndale House, Luton Point, Type: Visit or contact us, County: Bedfordshire, N/A, Description: N/A, EPIM ID: N/A"
"Lyndhurst Magistrates' Court",0.0,0.0,0,0,0,"lyndhurst-magistrates-court",,false,null,"No areas of law available","No address available"
"Macclesfield County Court and Family Court",53.2566252929321,-2.12348799681714,260,260,0,"macclesfield-county-court-and-family-court",,false,null,"No areas of law available","No address available"
"Macclesfield Magistrates' Court",53.26351813056102,-2.124977094761477,0,0,0,"macclesfield-magistrates-court",,false,null,"No areas of law available","No address available"
"Maidstone Combined Court Centre",51.27098646787294,0.5186837746035337,434,261,0,"maidstone-combined-court-centre","County Court | Crown Court | Family Court",true,"130065 Maidstone 7","Name: Bankruptcy, External Link: https://www.gov.uk/apply-for-bankruptcy, Description: Information about applying for bankruptcy, Display Name: N/A, Display External Link: https://www.gov.uk/bankruptcy | Name: Children, External Link: N/A, Description: N/A, Display Name: Childcare arrangements if you separate from your partner, Display External Link: https://www.gov.uk/looking-after-children-divorce | Name: Crime, External Link: N/A, Description: N/A, Display Name: N/A, Display External Link: N/A | Name: Divorce, External Link: https://www.gov.uk/divorce, Description: Information about getting a divorce, Display Name: N/A, Display External Link: N/A | Name: Domestic violence, External Link: N/A, Description: N/A, Display Name: Domestic abuse, Display External Link: https://www.gov.uk/injunction-domestic-violence | Name: High Court District Registry, External Link: N/A, Description: N/A, Display Name: High Court cases – serious or high profile criminal or civil law cases, Display External Link: N/A | Name: Housing possession, External Link: https://www.gov.uk/evicting-tenants, Description: Information about evicting tenants, Display Name: Housing, Display External Link: N/A | Name: Money claims, External Link: https://www.gov.uk/make-court-claim-for-money, Description: Information about making a court claim for money, Display Name: N/A, Display External Link: N/A | Name: Single justice procedure, External Link: N/A, Description: N/A, Display Name: N/A, Display External Link: N/A","Town: Maidstone, Postcode: ME16 8EQ, Address: The Law Courts, Barker Road, Type: Visit us, County: Kent, N/A, Description: N/A, EPIM ID: N/A | Town: Maidstone, Postcode: ME16 8EQ, Address: The Law Courts, Barker Road, Type: Write to us, County: Kent, N/A, Description: N/A, EPIM ID: N/A"
"Maidstone Magistrates' Court",51.2714174398928,0.523309707427463,0,0,1960,"maidstone-magistrates-court","Magistrates' Court",true,null,"Name: Crime, External Link: N/A, Description: N/A, Display Name: N/A, Display External Link: N/A | Name: Single justice procedure, External Link: N/A, Description: N/A, Display Name: N/A, Display External Link: N/A","Town: Maidstone, Postcode: ME15 6LL, Address: The Courthouse, Palace Avenue, Type: Visit us, County: Kent, N/A, Description: N/A, EPIM ID: N/A | Town: Chatham, Postcode: ME4 4JZ, Address: The Courthouse, The Brook, Type: Write to us, County: Kent, N/A, Description: N/A, EPIM ID: N/A"
"Maidstone Probate Sub-Registry",51.2708080382824,0.518616665385073,0,0,0,"maidstone-probate-sub-registry",,false,"98073 Brighton 3","Name: Probate, External Link: https://www.gov.uk/wills-probate-inheritance, Description: Information about wills and probate, Display Name: N/A, Display External Link: https://www.gov.uk/applying-for-probate","Town: Maidstone, Postcode: ME16 8EQ, Address: The Law Courts, Barker Road, Type: Visit us, County: Kent, N/A, Description: N/A, EPIM ID: N/A | Town: Brighton, Postcode: BN2 0RF, Address: Brighton District Probate Registry , William Street, Type: Write to us, County: Kent, N/A, Description: N/A, EPIM ID: N/A"
"Maintenance Enforcement Business Centre",52.248580575678,0.7110124566458097,0,0,0,"maintenance-enforcement-business-centre",,true,null,"No areas of law available","Town: Bury St Edmunds, Postcode: IP33 1TR, Address: Triton House, St. Andrews Street North, Type: Write to us, County: Suffolk, N/A, Description: N/A, EPIM ID: N/A"
"Maintenance Enforcement Business Centre (Wales)",51.59023912638668,-3.785616166969202,0,0,0,"maintenance-enforcement-business-centre-wales","Family Court",false,null,"No areas of law available","Town: Port Talbot, Postcode: SA13 1SB, Address: Port Talbot Justice Centre, Harbourside Road, Type: Write to us, County: Neath Port Talbot, N/A, Description: N/A, EPIM ID: N/A"
"Maintenance Enforcement Centre (London)",51.51843600382902,-0.11451564791946277,0,0,0,"maintenance-enforcement-centre-london",,false,null,"No areas of law available","Town: London, Postcode: WC1V 6NP, Address: Central Family Court, First Avenue House, 42-49 High Holborn, Type: Write to us, County: Lancashire, N/A, Description: N/A, EPIM ID: N/A"
"Manchester Civil Justice Centre (Civil and Family Courts)",53.4809021085643,-2.25267283736438,0,262,0,"manchester-civil-justice-centre-civil-and-family-courts","County Court | Family Court",true,"724783 Manchester 44","Name: Adoption, External Link: https://www.gov.uk/child-adoption, Description: Information about adopting a child, Display Name: N/A, Display External Link: https://www.gov.uk/child-adoption/applying-for-an-adoption-court-order | Name: Bankruptcy, External Link: https://www.gov.uk/apply-for-bankruptcy, Description: Information about applying for bankruptcy, Display Name: N/A, Display External Link: https://www.gov.uk/bankruptcy | Name: Children, External Link: N/A, Description: N/A, Display Name: Childcare arrangements if you separate from your partner, Display External Link: https://www.gov.uk/looking-after-children-divorce | Name: Divorce, External Link: https://www.gov.uk/divorce, Description: Information about getting a divorce, Display Name: N/A, Display External Link: N/A | Name: Domestic Abuse Protection Order (DAPOs), External Link: https://www.gov.uk/guidance/domestic-abuse-protection-notices-dapns-and-domestic-abuse-protection-orders-dapos, Description: N/A, Display Name: N/A, Display External Link: N/A | Name: Domestic violence, External Link: N/A, Description: N/A, Display Name: Domestic abuse, Display External Link: https://www.gov.uk/injunction-domestic-violence | Name: FGM, External Link: https://www.gov.uk/government/collections/female-genital-mutilation, Description: N/A, Display Name: Female Genital Mutilation, Display External Link: N/A | Name: Financial Remedy, External Link: https://www.gov.uk/money-property-when-relationship-ends, Description: N/A, Display Name: If you are making an application to settle your finances following a divorce (Financial Remedy), please refer to the guidance found here, Display External Link: N/A | Name: Forced marriage, External Link: https://www.gov.uk/apply-forced-marriage-protection-order, Description: Information about forced marriage protection orders, Display Name: N/A, Display External Link: N/A | Name: High Court District Registry, External Link: N/A, Description: N/A, Display Name: High Court cases – serious or high profile criminal or civil law cases, Display External Link: N/A | Name: Housing possession, External Link: https://www.gov.uk/evicting-tenants, Description: Information about evicting tenants, Display Name: Housing, Display External Link: N/A | Name: Immigration, External Link: https://www.gov.uk/tribunal/iac, Description: Information about the Immigration and Asylum Tribunal, Display Name: Immigration and asylum, Display External Link: https://www.gov.uk/immigration-asylum-tribunal | Name: Money claims, External Link: https://www.gov.uk/make-court-claim-for-money, Description: Information about making a court claim for money, Display Name: N/A, Display External Link: N/A | Name: Social security, External Link: https://www.gov.uk/tribunal/sscs, Description: Information about the Social Security and Child Support Tribunal, Display Name: Benefits, Display External Link: https://www.gov.uk/appeal-benefit-decision","Town: Manchester, Postcode: M60 9DJ, Address: 1 Bridge Street West, Type: Visit or contact us, County: Greater Manchester, N/A, Description: N/A, EPIM ID: N/A"
"Manchester Crown Court (Crown Square)",53.4801223269455,-2.25220115628168,435,0,0,"manchester-crown-court-crown-square","Crown Court",true,"702538 Manchester 11","Name: Crime, External Link: N/A, Description: N/A, Display Name: N/A, Display External Link: N/A | Name: Domestic Abuse Protection Order (DAPOs), External Link: https://www.gov.uk/guidance/domestic-abuse-protection-notices-dapns-and-domestic-abuse-protection-orders-dapos, Description: N/A, Display Name: N/A, Display External Link: N/A | Name: Single justice procedure, External Link: N/A, Description: N/A, Display Name: N/A, Display External Link: N/A | Name: Social security, External Link: https://www.gov.uk/tribunal/sscs, Description: Information about the Social Security and Child Support Tribunal, Display Name: Benefits, Display External Link: https://www.gov.uk/appeal-benefit-decision","Town: Manchester, Postcode: M3 3FL, Address: Courts of Justice, Crown Square, Type: Visit or contact us, County: Greater Manchester, N/A, Description: N/A, EPIM ID: N/A"
"Manchester Crown Court (Minshull St)",53.4786727845773,-2.23516609910164,436,0,0,"manchester-crown-court-minshull-st","Crown Court",true,"724860 Manchester 43","Name: Crime, External Link: N/A, Description: N/A, Display Name: N/A, Display External Link: N/A | Name: Domestic Abuse Protection Order (DAPOs), External Link: https://www.gov.uk/guidance/domestic-abuse-protection-notices-dapns-and-domestic-abuse-protection-orders-dapos, Description: N/A, Display Name: N/A, Display External Link: N/A | Name: Single justice procedure, External Link: N/A, Description: N/A, Display Name: N/A, Display External Link: N/A","Town: Manchester, Postcode: M1 3FS, Address: The Court House, Aytoun Street, Type: Visit or contact us, County: Greater Manchester, N/A, Description: N/A, EPIM ID: N/A"
"Manchester District Probate Registry",53.48090210856427,-2.2526728373643805,0,0,0,"manchester-district-probate-registry",,false,"724784 Manchester 44","Name: Probate, External Link: https://www.gov.uk/wills-probate-inheritance, Description: Information about wills and probate, Display Name: N/A, Display External Link: https://www.gov.uk/applying-for-probate","Town: N/A, Postcode: M60 9DJ, Address: N/A, Type: Visit us, County: Greater Manchester, N/A, Description: N/A, EPIM ID: N/A"
"Manchester Employment Tribunal",53.482953,-2.248295,0,0,0,"manchester-employment-tribunal",Tribunal,true,"743570 Manchester 66","Name: Employment, External Link: https://www.gov.uk/courts-tribunals/employment-tribunal, Description: Information about the Employment Tribunal, Display Name: Claims against employers, Display External Link: https://www.gov.uk/employment-tribunals | Name: Tax, External Link: https://www.gov.uk/tax-tribunal, Description: Information about tax tribunals, Display Name: N/A, Display External Link: N/A","Town: Manchester, Postcode: M3 2JA, Address: Alexandra House, 14-22 The Parsonage, Type: Visit or contact us, County: Greater Manchester, N/A, Description: N/A, EPIM ID: N/A"
"Manchester Magistrates' Court",53.480112121621,-2.25220102754796,0,0,1720,"manchester-magistrates-court","Magistrates' Court",true,"745170 Manchester 75","Name: Crime, External Link: N/A, Description: N/A, Display Name: N/A, Display External Link: N/A | Name: Domestic Abuse Protection Order (DAPOs), External Link: https://www.gov.uk/guidance/domestic-abuse-protection-notices-dapns-and-domestic-abuse-protection-orders-dapos, Description: N/A, Display Name: N/A, Display External Link: N/A | Name: Single justice procedure, External Link: N/A, Description: N/A, Display Name: N/A, Display External Link: N/A","Town: Manchester, Postcode: M60 1PR, Address: Crown Square, Type: Visit or contact us, County: Greater Manchester, N/A, Description: N/A, EPIM ID: N/A"
"Manchester Tribunal Hearing Centre",53.4804806214313,-2.23910891629938,0,0,0,"manchester-tribunal-hearing-centre",Tribunal,true,null,"Name: Immigration, External Link: https://www.gov.uk/tribunal/iac, Description: Information about the Immigration and Asylum Tribunal, Display Name: Immigration and asylum, Display External Link: https://www.gov.uk/immigration-asylum-tribunal","Town: Manchester, Postcode: M1 4AH, Address: 1st Floor , Piccadilly Exchange, 2 Piccadilly Plaza, Mosley Street, Type: Visit or contact us, County: Greater Manchester, N/A, Description: N/A, EPIM ID: N/A"
"Mansfield Magistrates' and County Court",53.1487095031804,-1.20562266142487,0,263,2566,"mansfield-magistrates-and-county-court","County Court | Family Court | Magistrates' Court",true,"179562 Mansfield 9","Name: Children, External Link: N/A, Description: N/A, Display Name: Childcare arrangements if you separate from your partner, Display External Link: https://www.gov.uk/looking-after-children-divorce | Name: Crime, External Link: N/A, Description: N/A, Display Name: N/A, Display External Link: N/A | Name: Divorce, External Link: https://www.gov.uk/divorce, Description: Information about getting a divorce, Display Name: N/A, Display External Link: N/A | Name: Domestic violence, External Link: N/A, Description: N/A, Display Name: Domestic abuse, Display External Link: https://www.gov.uk/injunction-domestic-violence | Name: High Court District Registry, External Link: N/A, Description: N/A, Display Name: High Court cases – serious or high profile criminal or civil law cases, Display External Link: N/A | Name: Housing possession, External Link: https://www.gov.uk/evicting-tenants, Description: Information about evicting tenants, Display Name: Housing, Display External Link: N/A | Name: Money claims, External Link: https://www.gov.uk/make-court-claim-for-money, Description: Information about making a court claim for money, Display Name: N/A, Display External Link: N/A | Name: Single justice procedure, External Link: N/A, Description: N/A, Display Name: N/A, Display External Link: N/A","Town: Mansfield, Postcode: NG19 6EE, Address: Rosemary Street, Type: Visit us, County: Kent, N/A, Description: N/A, EPIM ID: N/A"
"Margate Magistrates' Court",51.3875640176391,1.38180703337416,0,0,1965,"margate-magistrates-court","Magistrates' Court",true,null,"Name: Crime, External Link: N/A, Description: N/A, Display Name: N/A, Display External Link: N/A | Name: Single justice procedure, External Link: N/A, Description: N/A, Display Name: N/A, Display External Link: N/A | Name: Social security, External Link: https://www.gov.uk/tribunal/sscs, Description: Information about the Social Security and Child Support Tribunal, Display Name: Benefits, Display External Link: https://www.gov.uk/appeal-benefit-decision","Town: Margate, Postcode: CT9 1RL, Address: The Courthouse, Cecil Square, Type: Visit us, County: Greater London, N/A, Description: N/A, EPIM ID: N/A | Town: Folkestone, Postcode: CT20 2DH, Address: Folkestone Magistrates' Court, Castle Hill Avenue, Type: Write to us, County: Greater London, N/A, Description: N/A, EPIM ID: N/A"
"Market Drayton Magistrates' Court",0.0,0.0,0,0,0,"market-drayton-magistrates-court",,false,null,"No areas of law available","No address available"
"Market Harborough Magistrates' Court",0.0,0.0,0,0,0,"market-harborough-magistrates-court",,false,null,"No areas of law available","No address available"
"Mayor's and City of London Court",51.5152914534386,-0.0913400844766188,0,266,0,"mayors-and-city-of-london-court","County Court",true,"97520 Moorgate EC2","Name: Housing possession, External Link: https://www.gov.uk/evicting-tenants, Description: Information about evicting tenants, Display Name: Housing, Display External Link: N/A | Name: Money claims, External Link: https://www.gov.uk/make-court-claim-for-money, Description: Information about making a court claim for money, Display Name: N/A, Display External Link: N/A","Town: London, Postcode: EC2V 5AR, Address: Guildhall Buildings, Basinghall Street, Type: Visit or contact us, County: Greater London, N/A, Description: N/A, EPIM ID: N/A"
"Medway (Chatham) Magistrates Court and Family Court",51.38412910013631,0.5269049446120573,0,0,1966,"medway-chatham-magistrates-court-and-family-court","Family Court | Magistrates' Court",true,"157180 Chatham 13","Name: Adoption, External Link: https://www.gov.uk/child-adoption, Description: Information about adopting a child, Display Name: N/A, Display External Link: https://www.gov.uk/child-adoption/applying-for-an-adoption-court-order | Name: Children, External Link: N/A, Description: N/A, Display Name: Childcare arrangements if you separate from your partner, Display External Link: https://www.gov.uk/looking-after-children-divorce | Name: Crime, External Link: N/A, Description: N/A, Display Name: N/A, Display External Link: N/A | Name: Divorce, External Link: https://www.gov.uk/divorce, Description: Information about getting a divorce, Display Name: N/A, Display External Link: N/A | Name: Domestic violence, External Link: N/A, Description: N/A, Display Name: Domestic abuse, Display External Link: https://www.gov.uk/injunction-domestic-violence | Name: Single justice procedure, External Link: N/A, Description: N/A, Display Name: N/A, Display External Link: N/A | Name: Social security, External Link: https://www.gov.uk/tribunal/sscs, Description: Information about the Social Security and Child Support Tribunal, Display Name: Benefits, Display External Link: https://www.gov.uk/appeal-benefit-decision","Town: Chatham, Postcode: ME4 4JZ, Address: The Court House, The Brook, Type: Visit or contact us, County: Leicestershire, N/A, Description: N/A, EPIM ID: N/A | Town: Harlow, Postcode: CM20 9QF, Address: HMCTS Benefit Appeals, PO Box 12626, Type: Write to us, County: Essex, Areas of Law: Social security, Description: N/A, EPIM ID: N/A"
"Medway County Court and Family Court",51.389111464481964,0.5239884002985509,0,267,0,"medway-county-court-and-family-court","County Court | Family Court",true,"98180 Chatham 4","Name: Adoption, External Link: https://www.gov.uk/child-adoption, Description: Information about adopting a child, Display Name: N/A, Display External Link: https://www.gov.uk/child-adoption/applying-for-an-adoption-court-order | Name: Bankruptcy, External Link: https://www.gov.uk/apply-for-bankruptcy, Description: Information about applying for bankruptcy, Display Name: N/A, Display External Link: https://www.gov.uk/bankruptcy | Name: Children, External Link: N/A, Description: N/A, Display Name: Childcare arrangements if you separate from your partner, Display External Link: https://www.gov.uk/looking-after-children-divorce | Name: Divorce, External Link: https://www.gov.uk/divorce, Description: Information about getting a divorce, Display Name: N/A, Display External Link: N/A | Name: Domestic violence, External Link: N/A, Description: N/A, Display Name: Domestic abuse, Display External Link: https://www.gov.uk/injunction-domestic-violence | Name: Financial Remedy, External Link: https://www.gov.uk/money-property-when-relationship-ends, Description: N/A, Display Name: If you are making an application to settle your finances following a divorce (Financial Remedy), please refer to the guidance found here, Display External Link: N/A | Name: High Court District Registry, External Link: N/A, Description: N/A, Display Name: High Court cases – serious or high profile criminal or civil law cases, Display External Link: N/A | Name: Housing possession, External Link: https://www.gov.uk/evicting-tenants, Description: Information about evicting tenants, Display Name: Housing, Display External Link: N/A | Name: Money claims, External Link: https://www.gov.uk/make-court-claim-for-money, Description: Information about making a court claim for money, Display Name: N/A, Display External Link: N/A","Town: Chatham, Postcode: ME4 4AR, Address: HMCTS Main Entrance, Gun Wharf, Type: Visit or contact us, County: Kent, N/A, Description: N/A, EPIM ID: N/A"
"Melton Mowbray County Court",0.0,0.0,0,0,0,"melton-mowbray-county-court",,false,null,"No areas of law available","No address available"
"Melton Mowbray Magistrates' Court",0.0,0.0,0,0,0,"melton-mowbray-magistrates-court",,false,null,"No areas of law available","No address available"
"Mental Health Tribunal",0.0,0.0,0,0,0,mental-health-tribunal,Tribunal,true,null,"No areas of law available","Town: Leicester, Postcode: LE1 8BN , Address: PO BOX 8793 , 5th Floor, Type: Write to us, County: Leicestershire, N/A, Description: N/A, EPIM ID: N/A"
"Merthyr Tydfil Combined Court Centre",51.7475581678635,-3.38049762609471,437,269,0,"merthyr-tydfil-combined-court-centre","County Court | Crown Court",true,"99582 Merthyr Tydfil 2","Name: Bankruptcy, External Link: https://www.gov.uk/apply-for-bankruptcy, Description: Information about applying for bankruptcy, Display Name: N/A, Display External Link: https://www.gov.uk/bankruptcy | Name: Children, External Link: N/A, Description: N/A, Display Name: Childcare arrangements if you separate from your partner, Display External Link: https://www.gov.uk/looking-after-children-divorce | Name: Crime, External Link: N/A, Description: N/A, Display Name: N/A, Display External Link: N/A | Name: Domestic violence, External Link: N/A, Description: N/A, Display Name: Domestic abuse, Display External Link: https://www.gov.uk/injunction-domestic-violence | Name: High Court District Registry, External Link: N/A, Description: N/A, Display Name: High Court cases – serious or high profile criminal or civil law cases, Display External Link: N/A | Name: Housing possession, External Link: https://www.gov.uk/evicting-tenants, Description: Information about evicting tenants, Display Name: Housing, Display External Link: N/A | Name: Money claims, External Link: https://www.gov.uk/make-court-claim-for-money, Description: Information about making a court claim for money, Display Name: N/A, Display External Link: N/A | Name: Single justice procedure, External Link: N/A, Description: N/A, Display Name: N/A, Display External Link: N/A","Town: Merthyr Tydfil, Postcode: CF47 8BH, Address: The Law Courts, Glebeland Place, Type: Visit or contact us, County: Merthyr Tydfil, N/A, Description: N/A, EPIM ID: N/A"
"Mid and South East Northumberland Law Courts",55.1323764275345,-1.59410134183404,0,0,2352,"mid-and-south-east-northumberland-law-courts","County Court | Family Court | Magistrates' Court | Tribunal",true,"62705 Bedlington","Name: Crime, External Link: N/A, Description: N/A, Display Name: N/A, Display External Link: N/A | Name: Single justice procedure, External Link: N/A, Description: N/A, Display Name: N/A, Display External Link: N/A | Name: Social security, External Link: https://www.gov.uk/tribunal/sscs, Description: Information about the Social Security and Child Support Tribunal, Display Name: Benefits, Display External Link: https://www.gov.uk/appeal-benefit-decision","Town: Bedlington, Postcode: NE22 7LX, Address: The Law Courts, Type: Visit us, County: Northumberland, N/A, Description: N/A, EPIM ID: N/A"
"Middlesbrough County Court at Teesside Combined Court",54.5752089185394,-1.23123218048167,0,270,0,"middlesbrough-county-court-at-teesside-combined-court","County Court | Family Court",true,"65152 Middlesbrough 2","Name: Adoption, External Link: https://www.gov.uk/child-adoption, Description: Information about adopting a child, Display Name: N/A, Display External Link: https://www.gov.uk/child-adoption/applying-for-an-adoption-court-order | Name: Bankruptcy, External Link: https://www.gov.uk/apply-for-bankruptcy, Description: Information about applying for bankruptcy, Display Name: N/A, Display External Link: https://www.gov.uk/bankruptcy | Name: Children, External Link: N/A, Description: N/A, Display Name: Childcare arrangements if you separate from your partner, Display External Link: https://www.gov.uk/looking-after-children-divorce | Name: Divorce, External Link: https://www.gov.uk/divorce, Description: Information about getting a divorce, Display Name: N/A, Display External Link: N/A | Name: Domestic Abuse Protection Order (DAPOs), External Link: https://www.gov.uk/guidance/domestic-abuse-protection-notices-dapns-and-domestic-abuse-protection-orders-dapos, Description: N/A, Display Name: N/A, Display External Link: N/A | Name: Domestic violence, External Link: N/A, Description: N/A, Display Name: Domestic abuse, Display External Link: https://www.gov.uk/injunction-domestic-violence | Name: FGM, External Link: https://www.gov.uk/government/collections/female-genital-mutilation, Description: N/A, Display Name: Female Genital Mutilation, Display External Link: N/A | Name: Forced marriage, External Link: https://www.gov.uk/apply-forced-marriage-protection-order, Description: Information about forced marriage protection orders, Display Name: N/A, Display External Link: N/A | Name: High Court District Registry, External Link: N/A, Description: N/A, Display Name: High Court cases – serious or high profile criminal or civil law cases, Display External Link: N/A | Name: Housing possession, External Link: https://www.gov.uk/evicting-tenants, Description: Information about evicting tenants, Display Name: Housing, Display External Link: N/A","Town: Middlesbrough, Postcode: TS1 2AE, Address: The Law Courts, Centre Square, Type: Visit or contact us, County: Northumberland, N/A, Description: N/A, EPIM ID: N/A"
"Middlesbrough Probate Sub-Registry",54.9694849542997,-1.62218998038893,0,0,0,"middlesbrough-probate-sub-registry",,false,"61081 Newcastle upon Tyne 14","Name: Probate, External Link: https://www.gov.uk/wills-probate-inheritance, Description: Information about wills and probate, Display Name: N/A, Display External Link: https://www.gov.uk/applying-for-probate","Town: Newcastle-Upon-Tyne, Postcode: NE1 4DR, Address: 1 Waterloo Square, Type: Write to us, County: Tyne & Wear, N/A, Description: N/A, EPIM ID: N/A"
"Midlands and Wales Regional Fixed Penalty Office",52.76281892287217,-1.2983774568929496,0,0,0,"midlands-and-wales-regional-fixed-penalty-office","Magistrates' Court",true,null,"No areas of law available","Town: Loughborough, Postcode: LE11 9HB, Address: Midlands Regional Fixed Penalty Office, PO BOX 10066, Type: Write to us, County: Warwickshire, N/A, Description: N/A, EPIM ID: N/A"
"Midlands (East)Employment Tribunal",52.9472828452496,-1.14935417677694,0,0,0,"midlands-eastemployment-tribunal",Tribunal,true,"719030 Nottingham 32","Name: Employment, External Link: https://www.gov.uk/courts-tribunals/employment-tribunal, Description: Information about the Employment Tribunal, Display Name: Claims against employers, Display External Link: https://www.gov.uk/employment-tribunals","Town: Nottingham, Postcode: NG2 1EE, Address: Nottingham Justice Centre, Carrington Street, Type: Visit us, County: Nottinghamshire, N/A, Description: N/A, EPIM ID: N/A"
"Midlands Regional Confiscation Unit",0.0,0.0,0,0,0,"midlands-regional-confiscation-unit",,true,null,"No areas of law available","Town: Birmingham, Postcode: B4 6QF, Address: Victoria Law Courts, Corporation Street, Type: Write to us, County: , N/A, Description: N/A, EPIM ID: N/A"
"Midlands (West) Employment Tribunal",52.476224078213,-1.89851582599967,0,0,0,"midlands-west-employment-tribunal",Tribunal,true,"360601 - Birmingham 5","Name: Employment, External Link: https://www.gov.uk/courts-tribunals/employment-tribunal, Description: Information about the Employment Tribunal, Display Name: Claims against employers, Display External Link: https://www.gov.uk/employment-tribunals | Name: Tax, External Link: https://www.gov.uk/tax-tribunal, Description: Information about tax tribunals, Display Name: N/A, Display External Link: N/A","Town: Birmingham, Postcode: B5 4UU, Address: Centre City Tower, 13th Floor, 5-7 Hill Street, Type: Visit us, County: West Midlands, N/A, Description: N/A, EPIM ID: N/A"
"Mid-Sussex Magistrates' Court",0.0,0.0,0,0,0,"mid-sussex-magistrates-court",,false,null,"No areas of law available","No address available"
"Milton Keynes County Court and Family Court",52.0411989158965,-0.765354626925631,0,388,0,"milton-keynes-county-court-and-family-court","County Court | Family Court",true,"136266 Milton Keynes 6","Name: Adoption, External Link: https://www.gov.uk/child-adoption, Description: Information about adopting a child, Display Name: N/A, Display External Link: https://www.gov.uk/child-adoption/applying-for-an-adoption-court-order | Name: Bankruptcy, External Link: https://www.gov.uk/apply-for-bankruptcy, Description: Information about applying for bankruptcy, Display Name: N/A, Display External Link: https://www.gov.uk/bankruptcy | Name: Children, External Link: N/A, Description: N/A, Display Name: Childcare arrangements if you separate from your partner, Display External Link: https://www.gov.uk/looking-after-children-divorce | Name: Divorce, External Link: https://www.gov.uk/divorce, Description: Information about getting a divorce, Display Name: N/A, Display External Link: N/A | Name: Domestic violence, External Link: N/A, Description: N/A, Display Name: Domestic abuse, Display External Link: https://www.gov.uk/injunction-domestic-violence | Name: High Court District Registry, External Link: N/A, Description: N/A, Display Name: High Court cases – serious or high profile criminal or civil law cases, Display External Link: N/A | Name: Housing possession, External Link: https://www.gov.uk/evicting-tenants, Description: Information about evicting tenants, Display Name: Housing, Display External Link: N/A | Name: Money claims, External Link: https://www.gov.uk/make-court-claim-for-money, Description: Information about making a court claim for money, Display Name: N/A, Display External Link: N/A | Name: Social security, External Link: https://www.gov.uk/tribunal/sscs, Description: Information about the Social Security and Child Support Tribunal, Display Name: Benefits, Display External Link: https://www.gov.uk/appeal-benefit-decision","Town: Central Milton Keynes, Postcode: MK9 2DT, Address: 351 Silbury Boulevard, Witan Gate East, Type: Visit or contact us, County: Buckinghamshire, N/A, Description: N/A, EPIM ID: N/A"
"Milton Keynes Magistrates' Court and Family Court",52.041037897129875,-0.7662921561117636,0,0,1921,"milton-keynes-magistrates-court-and-family-court","Family Court | Magistrates' Court",true,"136270 Milton Keynes 6","Name: Adoption, External Link: https://www.gov.uk/child-adoption, Description: Information about adopting a child, Display Name: N/A, Display External Link: https://www.gov.uk/child-adoption/applying-for-an-adoption-court-order | Name: Children, External Link: N/A, Description: N/A, Display Name: Childcare arrangements if you separate from your partner, Display External Link: https://www.gov.uk/looking-after-children-divorce | Name: Crime, External Link: N/A, Description: N/A, Display Name: N/A, Display External Link: N/A | Name: Divorce, External Link: https://www.gov.uk/divorce, Description: Information about getting a divorce, Display Name: N/A, Display External Link: N/A | Name: Domestic violence, External Link: N/A, Description: N/A, Display Name: Domestic abuse, Display External Link: https://www.gov.uk/injunction-domestic-violence | Name: Single justice procedure, External Link: N/A, Description: N/A, Display Name: N/A, Display External Link: N/A | Name: Social security, External Link: https://www.gov.uk/tribunal/sscs, Description: Information about the Social Security and Child Support Tribunal, Display Name: Benefits, Display External Link: https://www.gov.uk/appeal-benefit-decision","Town: Central Milton Keynes, Postcode: MK9 2AJ, Address: 301 Silbury Boulevard, Witan Gate East, Type: Visit or contact us, County: Buckinghamshire, N/A, Description: N/A, EPIM ID: N/A | Town: Harlow, Postcode: CM20 9QF, Address: HMCTS Benefit Appeals, PO Box 12626, Type: Write to us, County: Essex, Areas of Law: Social security, Description: N/A, EPIM ID: N/A"
"Mold Justice Centre",53.17699267035823,-3.1371702503655396,438,271,0,mold-justice-centre,"County Court | Crown Court",true,"745320 Wrexham 9","Name: Adoption, External Link: https://www.gov.uk/child-adoption, Description: Information about adopting a child, Display Name: N/A, Display External Link: https://www.gov.uk/child-adoption/applying-for-an-adoption-court-order | Name: Bankruptcy, External Link: https://www.gov.uk/apply-for-bankruptcy, Description: Information about applying for bankruptcy, Display Name: N/A, Display External Link: https://www.gov.uk/bankruptcy | Name: Children, External Link: N/A, Description: N/A, Display Name: Childcare arrangements if you separate from your partner, Display External Link: https://www.gov.uk/looking-after-children-divorce | Name: Crime, External Link: N/A, Description: N/A, Display Name: N/A, Display External Link: N/A | Name: Domestic Abuse Protection Order (DAPOs), External Link: https://www.gov.uk/guidance/domestic-abuse-protection-notices-dapns-and-domestic-abuse-protection-orders-dapos, Description: N/A, Display Name: N/A, Display External Link: N/A | Name: Employment, External Link: https://www.gov.uk/courts-tribunals/employment-tribunal, Description: Information about the Employment Tribunal, Display Name: Claims against employers, Display External Link: https://www.gov.uk/employment-tribunals | Name: High Court District Registry, External Link: N/A, Description: N/A, Display Name: High Court cases – serious or high profile criminal or civil law cases, Display External Link: N/A | Name: Housing possession, External Link: https://www.gov.uk/evicting-tenants, Description: Information about evicting tenants, Display Name: Housing, Display External Link: N/A | Name: Money claims, External Link: https://www.gov.uk/make-court-claim-for-money, Description: Information about making a court claim for money, Display Name: N/A, Display External Link: N/A | Name: Single justice procedure, External Link: N/A, Description: N/A, Display Name: N/A, Display External Link: N/A","Town: Mold, Postcode: CH7 1AE, Address: Law Courts, Type: Visit us, County: Flintshire, N/A, Description: N/A, EPIM ID: N/A | Town: Mold, Postcode: CH7 1AE, Address: Law Courts ,, Type: Write to us, County: Flintshire, Areas of Law: Crime, Courts: Magistrates' Court | Crown Court, Description: N/A, EPIM ID: N/A | Town: Wrexham, Postcode: LL12 7BP, Address: Bodhyfryd,, Type: Write to us, County: Wrexham, Areas of Law: Divorce | Adoption | Children | Civil, Courts: Family Court | County Court, Description: N/A, EPIM ID: N/A"
"Money Claim Online (MCOL)",52.2373017985822,-0.899965457604417,0,0,0,money-claim-online-mcol,,true,"702885 Northampton 7","No areas of law available","Town: Northampton, Postcode: NN1 2LH, Address: 4th Floor, St Katharine's House, 21-27 St Katharine's Street, Type: Write to us, County: Northumberland, N/A, Description: N/A, EPIM ID: N/A"
"Morpeth and Berwick County Court and Family Court",55.166787860182,-1.69049584221998,273,273,0,"morpeth-and-berwick-county-court-and-family-court","County Court | Family Court",false,"65124 Morpeth 2","Name: Children, External Link: N/A, Description: N/A, Display Name: Childcare arrangements if you separate from your partner, Display External Link: https://www.gov.uk/looking-after-children-divorce | Name: Divorce, External Link: https://www.gov.uk/divorce, Description: Information about getting a divorce, Display Name: N/A, Display External Link: N/A | Name: Domestic violence, External Link: N/A, Description: N/A, Display Name: Domestic abuse, Display External Link: https://www.gov.uk/injunction-domestic-violence | Name: Housing possession, External Link: https://www.gov.uk/evicting-tenants, Description: Information about evicting tenants, Display Name: Housing, Display External Link: N/A | Name: Money claims, External Link: https://www.gov.uk/make-court-claim-for-money, Description: Information about making a court claim for money, Display Name: N/A, Display External Link: N/A","Town: Morpeth, Postcode: NE61 1LA, Address: Morpeth County Court and Family Court Hearing Centre, Fountain House, Newmarket, Type: Visit us, County: Warwickshire, N/A, Description: N/A, EPIM ID: N/A"
"National Taxing Team Birmingham Office",52.4824166305608,-1.895659677415415,0,0,0,"national-taxing-team-birmingham-office",,false,"701991 Birmingham 7","No areas of law available","Town: Birmingham, Postcode: B4 6LG, Address: National Taxing Team Birmingham Region, 3rd Floor, Temple Court, 35 Bull Street, Type: Visit us, County: West Midlands, N/A, Description: N/A, EPIM ID: N/A"
"National Taxing Team Manchester Office",53.48090332575237,-2.252672912883409,0,0,0,"national-taxing-team-manchester-office",,false,"724785 Manchester 44","No areas of law available","Town: Manchester, Postcode: M60 9DJ, Address: National Taxing Team Manchester Region, 1st Floor, Manchester Civil Justice Centre, 1 Bridge Street West, Type: Visit us, County: Greater Manchester, N/A, Description: N/A, EPIM ID: N/A"
"Neath and Port Talbot County Court and Family Court",51.6615973156693,-3.79945302620265,274,274,0,"neath-and-port-talbot-county-court-and-family-court",,false,null,"No areas of law available","No address available"
"Neath Magistrates' Court and Family Court",51.66304334059604,-3.801910599729937,3359,0,0,"neath-magistrates-court-and-family-court",,false,null,"No areas of law available","No address available"
"Newark County Court",0.0,0.0,0,0,0,newark-county-court,,false,null,"No areas of law available","No address available"
"Newark Magistrates' Court",0.0,0.0,0,0,0,newark-magistrates-court,,false,null,"No areas of law available","No address available"
"Newcastle Civil & Family Courts and Tribunals Centre",54.9784166382892,-1.6105757045863698,0,278,0,"newcastle-civil-family-courts-and-tribunals-centre","County Court | Family Court",true,"336901 Newcastle upon Tyne 55","Name: Adoption, External Link: https://www.gov.uk/child-adoption, Description: Information about adopting a child, Display Name: N/A, Display External Link: https://www.gov.uk/child-adoption/applying-for-an-adoption-court-order | Name: Bankruptcy, External Link: https://www.gov.uk/apply-for-bankruptcy, Description: Information about applying for bankruptcy, Display Name: N/A, Display External Link: https://www.gov.uk/bankruptcy | Name: Children, External Link: N/A, Description: N/A, Display Name: Childcare arrangements if you separate from your partner, Display External Link: https://www.gov.uk/looking-after-children-divorce | Name: Divorce, External Link: https://www.gov.uk/divorce, Description: Information about getting a divorce, Display Name: N/A, Display External Link: N/A | Name: Domestic violence, External Link: N/A, Description: N/A, Display Name: Domestic abuse, Display External Link: https://www.gov.uk/injunction-domestic-violence | Name: Employment, External Link: https://www.gov.uk/courts-tribunals/employment-tribunal, Description: Information about the Employment Tribunal, Display Name: Claims against employers, Display External Link: https://www.gov.uk/employment-tribunals | Name: FGM, External Link: https://www.gov.uk/government/collections/female-genital-mutilation, Description: N/A, Display Name: Female Genital Mutilation, Display External Link: N/A | Name: Financial Remedy, External Link: https://www.gov.uk/money-property-when-relationship-ends, Description: N/A, Display Name: If you are making an application to settle your finances following a divorce (Financial Remedy), please refer to the guidance found here, Display External Link: N/A | Name: Forced marriage, External Link: https://www.gov.uk/apply-forced-marriage-protection-order, Description: Information about forced marriage protection orders, Display Name: N/A, Display External Link: N/A | Name: High Court District Registry, External Link: N/A, Description: N/A, Display Name: High Court cases – serious or high profile criminal or civil law cases, Display External Link: N/A | Name: Housing possession, External Link: https://www.gov.uk/evicting-tenants, Description: Information about evicting tenants, Display Name: Housing, Display External Link: N/A | Name: Immigration, External Link: https://www.gov.uk/tribunal/iac, Description: Information about the Immigration and Asylum Tribunal, Display Name: Immigration and asylum, Display External Link: https://www.gov.uk/immigration-asylum-tribunal | Name: Money claims, External Link: https://www.gov.uk/make-court-claim-for-money, Description: Information about making a court claim for money, Display Name: N/A, Display External Link: N/A | Name: Social security, External Link: https://www.gov.uk/tribunal/sscs, Description: Information about the Social Security and Child Support Tribunal, Display Name: Benefits, Display External Link: https://www.gov.uk/appeal-benefit-decision","Town: Newcastle upon Tyne, Postcode: NE1 8QF, Address: Newcastle Civil & Family Courts and Tribunals Centre, Barras Bridge, Type: Visit or contact us, County: Tyne & Wear, N/A, Description: N/A, EPIM ID: N/A | Town: Newcastle upon Tyne, Postcode: NE1 8QF, Address: Newcastle Civil & Family Courts and Tribunals Centre, Barras Bridge, Type: Write to us, County: Tyne & Wear, Areas of Law: Money claims, Description: N/A, EPIM ID: N/A | Town: Bradford, Postcode: BD3 7BH, Address: Bradford Tribunal Hearing Centre , Phoenix House, Rushton Avenue, Thornbury, Type: Write to us, County: Tyne & Wear, Areas of Law: Immigration, Description: N/A, EPIM ID: N/A"
"Newcastle District Probate Registry",54.99757292919431,-1.4593904724636966,0,0,0,"newcastle-district-probate-registry",,true,"61081 Newcastle upon Tyne 14","Name: Probate, External Link: https://www.gov.uk/wills-probate-inheritance, Description: Information about wills and probate, Display Name: N/A, Display External Link: https://www.gov.uk/applying-for-probate","Town: Newcastle-upon-Tyne, Postcode: NE29 6AR, Address: 2nd Floor, Kings Court, Earl Grey Way, Type: Visit or contact us, County: , N/A, Description: N/A, EPIM ID: N/A"
"Newcastle Moot Hall",54.9688095694525,-1.61034056317786,0,0,0,newcastle-moot-hall,"County Court | Crown Court | Family Court | Magistrates' Court",true,"65127 Newcastle","Name: Bankruptcy, External Link: https://www.gov.uk/apply-for-bankruptcy, Description: Information about applying for bankruptcy, Display Name: N/A, Display External Link: https://www.gov.uk/bankruptcy | Name: Crime, External Link: N/A, Description: N/A, Display Name: N/A, Display External Link: N/A | Name: High Court District Registry, External Link: N/A, Description: N/A, Display Name: High Court cases – serious or high profile criminal or civil law cases, Display External Link: N/A | Name: Single justice procedure, External Link: N/A, Description: N/A, Display Name: N/A, Display External Link: N/A","Town: Newcastle-upon-Tyne, Postcode: NE1 1RQ, Address: The Moot Hall, CastleGarth, Type: Visit us, County: Tyne & Wear, N/A, Description: N/A, EPIM ID: N/A | Town: Newcastle-upon-Tyne, Postcode: NE1 3LA, Address: The Law Courts, The Quayside, Type: Write to us, County: Tyne & Wear, N/A, Description: N/A, EPIM ID: N/A"
"Newcastle Social Security and Child Support Tribunal",54.9738457129231,-1.60594887071422,0,0,0,"newcastle-social-security-and-child-support-tribunal",Tribunal,false,null,"Name: Social security, External Link: https://www.gov.uk/tribunal/sscs, Description: Information about the Social Security and Child Support Tribunal, Display Name: Benefits, Display External Link: https://www.gov.uk/appeal-benefit-decision","Town: Newcastle-upon-Tyne, Postcode: NE1 6PA, Address: Manorview House, Kings Manor, Type: Visit us, County: Tyne & Wear, N/A, Description: N/A, EPIM ID: N/A"
"Newcastle upon Tyne Crown Court and Magistrates' Court",54.9697226263626,-1.60367736065054,439,0,2351,"newcastle-upon-tyne-combined-court-centre","Crown Court | Magistrates' Court",true,"65127 Newcastle upon Tyne 2","Name: Crime, External Link: N/A, Description: N/A, Display Name: N/A, Display External Link: N/A | Name: Domestic violence, External Link: N/A, Description: N/A, Display Name: Domestic abuse, Display External Link: https://www.gov.uk/injunction-domestic-violence | Name: Single justice procedure, External Link: N/A, Description: N/A, Display Name: N/A, Display External Link: N/A","Town: Newcastle-upon-Tyne, Postcode: NE1 3LA, Address: The Law Courts, The Quayside, Type: Visit or contact us, County: Tyne & Wear, N/A, Description: N/A, EPIM ID: N/A"
"Newcastle upon Tyne Magistrates' Court",54.9732388618024,-1.61004775932803,0,0,2351,"newcastle-upon-tyne-magistrates-court","Magistrates' Court",false,"61098 Newcastle upon Tyne","Name: Crime, External Link: N/A, Description: N/A, Display Name: N/A, Display External Link: N/A | Name: Single justice procedure, External Link: N/A, Description: N/A, Display Name: N/A, Display External Link: N/A","Town: Newcastle-upon-Tyne, Postcode: NE1 6XA, Address: Market Street, Type: Visit us, County: Tyne & Wear, N/A, Description: N/A, EPIM ID: N/A | Town: Newcastle-upon-Tyne, Postcode: NE99 1AU, Address: P.O. Box 839, Market Street, Type: Write to us, County: Tyne & Wear, N/A, Description: N/A, EPIM ID: N/A"
"Newport (South Wales) County Court and Family Court",51.5909417282631,-2.99249253086742,0,280,0,"newport-south-wales-county-court-and-family-court","County Court | Family Court",true,"99480 Casnewydd/Newport (South Wales) 4","Name: Adoption, External Link: https://www.gov.uk/child-adoption, Description: Information about adopting a child, Display Name: N/A, Display External Link: https://www.gov.uk/child-adoption/applying-for-an-adoption-court-order | Name: Bankruptcy, External Link: https://www.gov.uk/apply-for-bankruptcy, Description: Information about applying for bankruptcy, Display Name: N/A, Display External Link: https://www.gov.uk/bankruptcy | Name: Children, External Link: N/A, Description: N/A, Display Name: Childcare arrangements if you separate from your partner, Display External Link: https://www.gov.uk/looking-after-children-divorce | Name: Civil partnership, External Link: https://www.gov.uk/end-civil-partnership, Description: Information about ending a civil partnership, Display Name: N/A, Display External Link: N/A | Name: Domestic violence, External Link: N/A, Description: N/A, Display Name: Domestic abuse, Display External Link: https://www.gov.uk/injunction-domestic-violence | Name: Financial Remedy, External Link: https://www.gov.uk/money-property-when-relationship-ends, Description: N/A, Display Name: If you are making an application to settle your finances following a divorce (Financial Remedy), please refer to the guidance found here, Display External Link: N/A | Name: High Court District Registry, External Link: N/A, Description: N/A, Display Name: High Court cases – serious or high profile criminal or civil law cases, Display External Link: N/A | Name: Housing possession, External Link: https://www.gov.uk/evicting-tenants, Description: Information about evicting tenants, Display Name: Housing, Display External Link: N/A | Name: Money claims, External Link: https://www.gov.uk/make-court-claim-for-money, Description: Information about making a court claim for money, Display Name: N/A, Display External Link: N/A","Town: Newport, Postcode: NP19 7AA, Address: 5th Floor, Clarence House, Clarence Place, Type: Visit or contact us, County: Monmouthshire, N/A, Description: N/A, EPIM ID: N/A"
"Newport (South Wales) Crown Court",51.5883810960804,-3.0049370680169,441,0,0,"newport-south-wales-crown-court","Crown Court",true,"99450 Caerdydd/ Cardiff 5","Name: Crime, External Link: N/A, Description: N/A, Display Name: N/A, Display External Link: N/A","Town: Newport, Postcode: NP20 4PR, Address: The Law Courts, Faulkner Road, Type: Visit us, County: Monmouthshire, N/A, Description: N/A, EPIM ID: N/A | Town: Cardiff, Postcode: CF10 3PG, Address: The Law Courts, Cathays Park, Type: Write to us, County: Monmouthshire, N/A, Description: N/A, EPIM ID: N/A"
"Newport (South Wales) Immigration and Asylum Tribunal",51.6030802746635,-2.91966596663395,0,0,0,"newport-south-wales-immigration-and-asylum-tribunal",Tribunal,true,null,"Name: Immigration, External Link: https://www.gov.uk/tribunal/iac, Description: Information about the Immigration and Asylum Tribunal, Display Name: Immigration and asylum, Display External Link: https://www.gov.uk/immigration-asylum-tribunal | Name: Social security, External Link: https://www.gov.uk/tribunal/sscs, Description: Information about the Social Security and Child Support Tribunal, Display Name: Benefits, Display External Link: https://www.gov.uk/appeal-benefit-decision","Town: Newport, Postcode: NP18 2LX, Address: Columbus House, Langstone Business Park, Chepstow Road, Type: Visit us, County: Monmouthshire, N/A, Description: N/A, EPIM ID: N/A"
"Newport (South Wales) Magistrates' Court",51.5824145659785,-2.98646145193478,0,0,3211,"newport-south-wales-magistrates-court","Magistrates' Court",true,"311301 Casnewydd/Newport (Gwent) 19","Name: Crime, External Link: N/A, Description: N/A, Display Name: N/A, Display External Link: N/A | Name: Single justice procedure, External Link: N/A, Description: N/A, Display Name: N/A, Display External Link: N/A","Town: Newport, Postcode: NP20 2GE, Address: Usk Way, Type: Visit us, County: Monmouthshire, N/A, Description: N/A, EPIM ID: N/A | Town: Newport, Postcode: NP20 4PR, Address: The Law Courts, Faulkner Road, Type: Write to us, County: Monmouthshire, N/A, Description: N/A, EPIM ID: N/A"
"Newport (South Wales) Regional Divorce Centre",0.0,0.0,0,0,0,"newport-south-wales-regional-divorce-centre","County Court",false,null,"Name: Civil partnership, External Link: https://www.gov.uk/end-civil-partnership, Description: Information about ending a civil partnership, Display Name: N/A, Display External Link: N/A | Name: Divorce, External Link: https://www.gov.uk/divorce, Description: Information about getting a divorce, Display Name: N/A, Display External Link: N/A | Name: Financial Remedy, External Link: https://www.gov.uk/money-property-when-relationship-ends, Description: N/A, Display Name: If you are making an application to settle your finances following a divorce (Financial Remedy), please refer to the guidance found here, Display External Link: N/A","Town: Bury St Edmunds, Postcode: IP33 1TR, Address: Bury St Edmunds Regional Divorce Centre, 2nd Floor, Triton House, St Andrews Street North, Type: Write to us, County: Monmouthshire, N/A, Description: N/A, EPIM ID: N/A"
"Newton Abbot Magistrates' Court",50.5276931243566,-3.61300026802825,0,0,1302,"newton-abbot-magistrates-court","Magistrates' Court",true,"98740 Torquay 4","Name: Crime, External Link: N/A, Description: N/A, Display Name: N/A, Display External Link: N/A | Name: Single justice procedure, External Link: N/A, Description: N/A, Display Name: N/A, Display External Link: N/A | Name: Social security, External Link: https://www.gov.uk/tribunal/sscs, Description: Information about the Social Security and Child Support Tribunal, Display Name: Benefits, Display External Link: https://www.gov.uk/appeal-benefit-decision","Town: Newton Abbot, Postcode: TQ12 1LA , Address: The Court House, Newfoundland Way, Type: Visit us, County: Devon, N/A, Description: N/A, EPIM ID: N/A | Town: Torquay, Postcode: TQ2 7AZ, Address: HMCTS South and WestDevon, Nicholson Road, Type: Write to us, County: Devon, N/A, Description: N/A, EPIM ID: N/A"
"Newton Aycliffe Magistrates' Court",54.6203629264528,-1.56963161591232,0,0,1585,"newton-aycliffe-magistrates-court","Family Court | Magistrates' Court",true,"63808 Newton Aycliffe","Name: Adoption, External Link: https://www.gov.uk/child-adoption, Description: Information about adopting a child, Display Name: N/A, Display External Link: https://www.gov.uk/child-adoption/applying-for-an-adoption-court-order | Name: Children, External Link: N/A, Description: N/A, Display Name: Childcare arrangements if you separate from your partner, Display External Link: https://www.gov.uk/looking-after-children-divorce | Name: Crime, External Link: N/A, Description: N/A, Display Name: N/A, Display External Link: N/A | Name: Domestic violence, External Link: N/A, Description: N/A, Display Name: Domestic abuse, Display External Link: https://www.gov.uk/injunction-domestic-violence | Name: Single justice procedure, External Link: N/A, Description: N/A, Display Name: N/A, Display External Link: N/A","Town: Newton Aycliffe, Postcode: DL5 5RT, Address: Central Avenue, Type: Visit us, County: Gloucestershire, N/A, Description: N/A, EPIM ID: N/A"
"Northallerton Magistrates' Court and Family Court",54.3334857760014,-1.43588488306804,2543,0,0,"northallerton-magistrates-court-and-family-court","Family Court | Magistrates' Court",false,"742420, Northallerton","Name: Children, External Link: N/A, Description: N/A, Display Name: Childcare arrangements if you separate from your partner, Display External Link: https://www.gov.uk/looking-after-children-divorce | Name: Crime, External Link: N/A, Description: N/A, Display Name: N/A, Display External Link: N/A | Name: Single justice procedure, External Link: N/A, Description: N/A, Display Name: N/A, Display External Link: N/A","Town: Northallerton, Postcode: DL7 8QZ, Address: Northallerton Magistrates' Court and Family Court Hearing Centre, 3 Racecourse Lane, Type: Visit us, County: Northamptonshire, N/A, Description: N/A, EPIM ID: N/A"
"Northampton Crown, County and Family Court",52.2408030271539,-0.893639925303013,442,282,0,"northampton-crown-county-and-family-court","County Court | Crown Court | Family Court",true,"725380 Northampton 21","Name: Adoption, External Link: https://www.gov.uk/child-adoption, Description: Information about adopting a child, Display Name: N/A, Display External Link: https://www.gov.uk/child-adoption/applying-for-an-adoption-court-order | Name: Bankruptcy, External Link: https://www.gov.uk/apply-for-bankruptcy, Description: Information about applying for bankruptcy, Display Name: N/A, Display External Link: https://www.gov.uk/bankruptcy | Name: Children, External Link: N/A, Description: N/A, Display Name: Childcare arrangements if you separate from your partner, Display External Link: https://www.gov.uk/looking-after-children-divorce | Name: Crime, External Link: N/A, Description: N/A, Display Name: N/A, Display External Link: N/A | Name: Divorce, External Link: https://www.gov.uk/divorce, Description: Information about getting a divorce, Display Name: N/A, Display External Link: N/A | Name: Domestic violence, External Link: N/A, Description: N/A, Display Name: Domestic abuse, Display External Link: https://www.gov.uk/injunction-domestic-violence | Name: High Court District Registry, External Link: N/A, Description: N/A, Display Name: High Court cases – serious or high profile criminal or civil law cases, Display External Link: N/A | Name: Housing possession, External Link: https://www.gov.uk/evicting-tenants, Description: Information about evicting tenants, Display Name: Housing, Display External Link: N/A | Name: Money claims, External Link: https://www.gov.uk/make-court-claim-for-money, Description: Information about making a court claim for money, Display Name: N/A, Display External Link: N/A","Town: Northampton, Postcode: NN1 3HQ, Address: 85-87 Lady's Lane, Type: Visit or contact us, County: Northamptonshire, N/A, Description: N/A, EPIM ID: N/A"
"Northampton Magistrates' Court",52.24200210386238,-0.8968761407882958,0,0,2330,"northampton-magistrates-court","Family Court | Magistrates' Court",true,"DX: 725380 Northampton 21","Name: Crime, External Link: N/A, Description: N/A, Display Name: N/A, Display External Link: N/A | Name: Single justice procedure, External Link: N/A, Description: N/A, Display Name: N/A, Display External Link: N/A","Town: Northampton, Postcode: NN1 3EB, Address: Campbell Square, Type: Visit us, County: Northamptonshire, N/A, Description: N/A, EPIM ID: N/A | Town: Northampton, Postcode: NN1 3HQ, Address: 85-87 Lady's Lane, Type: Write to us, County: Northamptonshire, N/A, Description: N/A, EPIM ID: N/A | Town: Northampton, Postcode: NN1 2LH, Address: (Fines enquiries only), St Katherine’s House, 21-27 St Katherine’s Street, Type: Write to us, County: Northamptonshire, N/A, Description: N/A, EPIM ID: N/A"
"Northampton Social Security and Child Support Tribunal",52.2373026764949,-0.899965136509413,0,0,0,"northampton-social-security-and-child-support-tribunal",Tribunal,true,null,"Name: Social security, External Link: https://www.gov.uk/tribunal/sscs, Description: Information about the Social Security and Child Support Tribunal, Display Name: Benefits, Display External Link: https://www.gov.uk/appeal-benefit-decision","Town: Northampton, Postcode: NN1 2LX, Address: Ground Floor, St Katharine's House, St Katharine's Street, Type: Visit us, County: Northamptonshire, N/A, Description: N/A, EPIM ID: N/A | Town: Birmingham, Postcode: B16 6FR, Address: PO Box 14620, Type: Write to us, County: Northamptonshire, N/A, Description: N/A, EPIM ID: N/A"
"North Avon Magistrates' Court",51.53972196177897,-2.416840103613838,1021,0,0,"north-avon-magistrates-court","Magistrates' Court",false,"743500 Yate 2","Name: Crime, External Link: N/A, Description: N/A, Display Name: N/A, Display External Link: N/A | Name: Single justice procedure, External Link: N/A, Description: N/A, Display Name: N/A, Display External Link: N/A","Town: Bristol, Postcode: BS37 4PY, Address: Kennedy Way, Yate, Type: Visit us, County: Bristol, N/A, Description: N/A, EPIM ID: N/A"
"North East Regional Confiscation Unit",0.0,0.0,0,0,0,"north-east-regional-confiscation-unit",,true,null,"No areas of law available","Town: Leeds, Postcode: LS27 7ZR, Address: PO Box 155, Morley, Type: Visit us, County: , N/A, Description: N/A, EPIM ID: N/A"
"North East Regional Divorce Centre",0.0,0.0,0,0,0,"north-east-regional-divorce-centre","Family Court",false,null,"Name: Civil partnership, External Link: https://www.gov.uk/end-civil-partnership, Description: Information about ending a civil partnership, Display Name: N/A, Display External Link: N/A | Name: Divorce, External Link: https://www.gov.uk/divorce, Description: Information about getting a divorce, Display Name: N/A, Display External Link: N/A","Town: Bradford, Postcode: BD1 1JA, Address: Bradford Law Courts, Exchange Square, Drake Street, West Yorkshire, Type: Visit us, County: Lancashire, N/A, Description: N/A, EPIM ID: N/A"
"Northern Derbyshire Magistrates' Court and Family Court",53.23696083594745,-1.423743531269977,1435,0,0,"northern-derbyshire-magistrates-court-and-family-court","Family Court | Magistrates' Court",false,"DX703160  Chesterfield 3","Name: Children, External Link: N/A, Description: N/A, Display Name: Childcare arrangements if you separate from your partner, Display External Link: https://www.gov.uk/looking-after-children-divorce | Name: Crime, External Link: N/A, Description: N/A, Display Name: N/A, Display External Link: N/A | Name: Domestic violence, External Link: N/A, Description: N/A, Display Name: Domestic abuse, Display External Link: https://www.gov.uk/injunction-domestic-violence | Name: Single justice procedure, External Link: N/A, Description: N/A, Display Name: N/A, Display External Link: N/A","Town: Chesterfield, Postcode: S41 7TW, Address: Northern Derbyshire (Chesterfield) Magistrates' Court and Family Justice Centre, Tapton Lane, Type: Visit us, County: Derbyshire, N/A, Description: N/A, EPIM ID: N/A"
"Northern Derbyshire Magistrates' Court (Buxton)",0.0,0.0,1435,0,0,"northern-derbyshire-magistrates-court-and-family-court--2","Family Court | Magistrates' Court",false,"DX742041 Chesterfield 7","Name: Adoption, External Link: https://www.gov.uk/child-adoption, Description: Information about adopting a child, Display Name: N/A, Display External Link: https://www.gov.uk/child-adoption/applying-for-an-adoption-court-order | Name: Children, External Link: N/A, Description: N/A, Display Name: Childcare arrangements if you separate from your partner, Display External Link: https://www.gov.uk/looking-after-children-divorce | Name: Crime, External Link: N/A, Description: N/A, Display Name: N/A, Display External Link: N/A | Name: Domestic violence, External Link: N/A, Description: N/A, Display Name: Domestic abuse, Display External Link: https://www.gov.uk/injunction-domestic-violence | Name: Single justice procedure, External Link: N/A, Description: N/A, Display Name: N/A, Display External Link: N/A","Town: Nottingham, Postcode: NG2 9QN , Address: Divorce matters , East Midlands Divorce Unit, PO Box 10447, Nottingham, Type: Write to us, County: Derbyshire, N/A, Description: N/A, EPIM ID: N/A | Town: Derby, Postcode: DE1 2XE, Address: Family, Children or Adoption & County Court civil matters , Derby County Court, Combined Court Centre, Morledge, Derby , Type: Write to us, County: Derbyshire, N/A, Description: N/A, EPIM ID: N/A | Town: Chesterfield, Postcode: S41 7TW, Address: Criminal Matters , Chesterfield Justice Centre, Tapton Lane, Chesterfield, Type: Write to us, County: Derbyshire, N/A, Description: N/A, EPIM ID: N/A"
"North Liverpool Community Justice Centre",53.4489214423931,-2.98910161865165,2267,0,0,"north-liverpool-community-justice-centre","Magistrates' Court",false,null,"Name: Crime, External Link: N/A, Description: N/A, Display Name: N/A, Display External Link: N/A | Name: Single justice procedure, External Link: N/A, Description: N/A, Display Name: N/A, Display External Link: N/A","Town: Liverpool, Postcode: L20 3XX, Address: 29 Merton Road, Bootle, Merseyside, Type: Visit us, County: Merseyside, N/A, Description: N/A, EPIM ID: N/A"
"North Regional Fixed Penalty Office",53.74356847051462,-1.5992866723158008,0,0,0,"north-regional-fixed-penalty-office",,true,null,"No areas of law available","Town: Leeds, Postcode: LS27 1DN, Address: North and Wales Fixed Penalty Office, PO Box 223, Morley, Type: Write to us, County: South Yorkshire, N/A, Description: N/A, EPIM ID: N/A"
"North Shields County Court and Family Court",54.9975729291943,-1.4593904724637,0,283,0,"north-shields-county-court-and-family-court","County Court | Family Court",true,"65137 North Shields 2","Name: Children, External Link: N/A, Description: N/A, Display Name: Childcare arrangements if you separate from your partner, Display External Link: https://www.gov.uk/looking-after-children-divorce | Name: Divorce, External Link: https://www.gov.uk/divorce, Description: Information about getting a divorce, Display Name: N/A, Display External Link: N/A | Name: Domestic violence, External Link: N/A, Description: N/A, Display Name: Domestic abuse, Display External Link: https://www.gov.uk/injunction-domestic-violence | Name: High Court District Registry, External Link: N/A, Description: N/A, Display Name: High Court cases – serious or high profile criminal or civil law cases, Display External Link: N/A | Name: Housing possession, External Link: https://www.gov.uk/evicting-tenants, Description: Information about evicting tenants, Display Name: Housing, Display External Link: N/A | Name: Money claims, External Link: https://www.gov.uk/make-court-claim-for-money, Description: Information about making a court claim for money, Display Name: N/A, Display External Link: N/A | Name: Social security, External Link: https://www.gov.uk/tribunal/sscs, Description: Information about the Social Security and Child Support Tribunal, Display Name: Benefits, Display External Link: https://www.gov.uk/appeal-benefit-decision","Town: North Shields, Postcode: NE29 6AR, Address: Kings Court, Earl Grey Way, Royal Quays, Type: Visit or contact us, County: Tyne & Wear, N/A, Description: N/A, EPIM ID: N/A"
"North Somerset Magistrates' Court",51.3607133647749,-2.9050785995106,0,0,1450,"north-somerset-magistrates-court","Magistrates' Court",true,"152361 Weston-super-Mare 5","Name: Crime, External Link: N/A, Description: N/A, Display Name: N/A, Display External Link: N/A | Name: Single justice procedure, External Link: N/A, Description: N/A, Display Name: N/A, Display External Link: N/A | Name: Social security, External Link: https://www.gov.uk/tribunal/sscs, Description: Information about the Social Security and Child Support Tribunal, Display Name: Benefits, Display External Link: https://www.gov.uk/appeal-benefit-decision","Town: Weston-Super-Mare, Postcode: BS22 7BB, Address: North Somerset Courthouse, The Hedges, St Georges, Type: Visit or contact us, County: Staffordshire, N/A, Description: N/A, EPIM ID: N/A"
"North Staffordshire Justice Centre",53.013532,-2.230253,0,0,2805,"north-staffordshire-justice-centre","Magistrates' Court",true,null,"Name: Crime, External Link: N/A, Description: N/A, Display Name: N/A, Display External Link: N/A | Name: Employment, External Link: https://www.gov.uk/courts-tribunals/employment-tribunal, Description: Information about the Employment Tribunal, Display Name: Claims against employers, Display External Link: https://www.gov.uk/employment-tribunals | Name: Single justice procedure, External Link: N/A, Description: N/A, Display Name: N/A, Display External Link: N/A | Name: Social security, External Link: https://www.gov.uk/tribunal/sscs, Description: Information about the Social Security and Child Support Tribunal, Display Name: Benefits, Display External Link: https://www.gov.uk/appeal-benefit-decision","Town: Newcastle-under-Lyme, Postcode: ST5 2AA, Address: The Court House, Ryecroft, Type: Visit us, County: Staffordshire, N/A, Description: N/A, EPIM ID: N/A | Town: Stafford, Postcode: ST16 2QQ, Address: Stafford Combined Court Centre, Victoria Square, Type: Write to us, County: Staffordshire, N/A, Description: N/A, EPIM ID: N/A"
"North Tyneside Magistrates' Court",55.0114291647427,-1.44330145273405,0,0,2852,"north-tyneside-magistrates-court","Magistrates' Court",true,"744750 North Shields 6","Name: Crime, External Link: N/A, Description: N/A, Display Name: N/A, Display External Link: N/A | Name: Single justice procedure, External Link: N/A, Description: N/A, Display Name: N/A, Display External Link: N/A","Town: North Shields, Postcode: NE30 1AG, Address: The Courthouse, Tynemouth Road, Type: Visit or contact us, County: Tyne & Wear, N/A, Description: N/A, EPIM ID: N/A"
"North West Regional Confiscation Unit",0.0,0.0,0,0,0,"north-west-regional-confiscation-unit",,true,null,"No areas of law available","Town: Leeds, Postcode: LS27 7ZR, Address: PO Box 155, Morley, Type: Write to us, County: , N/A, Description: N/A, EPIM ID: N/A"
"North West Regional Divorce Centre",53.4094847497055,-2.98938972812673,0,0,0,"north-west-regional-divorce-centre",,false,"702600 Liverpool 5","Name: Civil partnership, External Link: https://www.gov.uk/end-civil-partnership, Description: Information about ending a civil partnership, Display Name: N/A, Display External Link: N/A | Name: Divorce, External Link: https://www.gov.uk/divorce, Description: Information about getting a divorce, Display Name: N/A, Display External Link: N/A | Name: Financial Remedy, External Link: https://www.gov.uk/money-property-when-relationship-ends, Description: N/A, Display Name: If you are making an application to settle your finances following a divorce (Financial Remedy), please refer to the guidance found here, Display External Link: N/A","Town: Liverpool, Postcode: L2 2BX, Address: North West Regional Divorce Centre, 35 Vernon Street, Type: Write to us, County: Northumberland, N/A, Description: N/A, EPIM ID: N/A"
"Northwich County Court",0.0,0.0,0,0,0,northwich-county-court,,false,null,"No areas of law available","No address available"
"Northwich Magistrates' Court",0.0,0.0,0,0,0,"northwich-magistrates-court",,false,null,"No areas of law available","No address available"
"North Yorkshire Enforcement Office",0.0,0.0,0,0,0,"north-yorkshire-enforcement-office",,false,null,"No areas of law available","No address available"
"North Yorkshire Magistrates' Courts Central Finance Unit",55.018204067305724,-1.4903295506342475,0,0,0,"north-yorkshire-magistrates-courts-central-finance-unit","Magistrates' Court",false,"65137 North Shields 2","No areas of law available","Town: North Shields, Postcode: NE29 1DZ, Address: P.O. Box 826, North Shields, Type: Write to us, County: Tyne & Wear, N/A, Description: N/A, EPIM ID: N/A"
"Norwich Combined Court Centre",52.6341484805287,1.30103606000343,443,285,0,"norwich-combined-court-centre","County Court | Crown Court | Family Court",true,"97385 Norwich 5","Name: Adoption, External Link: https://www.gov.uk/child-adoption, Description: Information about adopting a child, Display Name: N/A, Display External Link: https://www.gov.uk/child-adoption/applying-for-an-adoption-court-order | Name: Bankruptcy, External Link: https://www.gov.uk/apply-for-bankruptcy, Description: Information about applying for bankruptcy, Display Name: N/A, Display External Link: https://www.gov.uk/bankruptcy | Name: Children, External Link: N/A, Description: N/A, Display Name: Childcare arrangements if you separate from your partner, Display External Link: https://www.gov.uk/looking-after-children-divorce | Name: Crime, External Link: N/A, Description: N/A, Display Name: N/A, Display External Link: N/A | Name: Divorce, External Link: https://www.gov.uk/divorce, Description: Information about getting a divorce, Display Name: N/A, Display External Link: N/A | Name: Domestic violence, External Link: N/A, Description: N/A, Display Name: Domestic abuse, Display External Link: https://www.gov.uk/injunction-domestic-violence | Name: FGM, External Link: https://www.gov.uk/government/collections/female-genital-mutilation, Description: N/A, Display Name: Female Genital Mutilation, Display External Link: N/A | Name: Forced marriage, External Link: https://www.gov.uk/apply-forced-marriage-protection-order, Description: Information about forced marriage protection orders, Display Name: N/A, Display External Link: N/A | Name: High Court District Registry, External Link: N/A, Description: N/A, Display Name: High Court cases – serious or high profile criminal or civil law cases, Display External Link: N/A | Name: Housing possession, External Link: https://www.gov.uk/evicting-tenants, Description: Information about evicting tenants, Display Name: Housing, Display External Link: N/A | Name: Money claims, External Link: https://www.gov.uk/make-court-claim-for-money, Description: Information about making a court claim for money, Display Name: N/A, Display External Link: N/A | Name: Single justice procedure, External Link: N/A, Description: N/A, Display Name: N/A, Display External Link: N/A","Town: Norwich, Postcode: NR3 1UR, Address: The Law Courts, Bishopgate, Type: Visit or contact us, County: Norfolk, N/A, Description: N/A, EPIM ID: N/A"
"Norwich Employment Tribunal",52.6341484805287,1.30103606000343,0,0,0,"norwich-employment-tribunal",Tribunal,false,null,"Name: Employment, External Link: https://www.gov.uk/courts-tribunals/employment-tribunal, Description: Information about the Employment Tribunal, Display Name: Claims against employers, Display External Link: https://www.gov.uk/employment-tribunals","Town: Norwich, Postcode: NR3 1UP, Address: Bishopgate, Type: Visit us, County: Norfolk, N/A, Description: N/A, EPIM ID: N/A | Town: Huntingdon, Postcode: PE29 3DW, Address: Huntingdon Employment Tribunals, Walden Road, Type: Write to us, County: Norfolk, N/A, Description: N/A, EPIM ID: N/A"
"Norwich Magistrates' Court and Family Court",52.63414848052868,1.3010360600034299,0,0,1972,"norwich-magistrates-court-and-family-court","Family Court | Magistrates' Court",true,"97389 Norwich 5","Name: Adoption, External Link: https://www.gov.uk/child-adoption, Description: Information about adopting a child, Display Name: N/A, Display External Link: https://www.gov.uk/child-adoption/applying-for-an-adoption-court-order | Name: Children, External Link: N/A, Description: N/A, Display Name: Childcare arrangements if you separate from your partner, Display External Link: https://www.gov.uk/looking-after-children-divorce | Name: Crime, External Link: N/A, Description: N/A, Display Name: N/A, Display External Link: N/A | Name: Domestic violence, External Link: N/A, Description: N/A, Display Name: Domestic abuse, Display External Link: https://www.gov.uk/injunction-domestic-violence | Name: Employment, External Link: https://www.gov.uk/courts-tribunals/employment-tribunal, Description: Information about the Employment Tribunal, Display Name: Claims against employers, Display External Link: https://www.gov.uk/employment-tribunals | Name: Single justice procedure, External Link: N/A, Description: N/A, Display Name: N/A, Display External Link: N/A","Town: Norwich, Postcode: NR3 1UP, Address: Bishopgate, Type: Visit us, County: Norfolk, N/A, Description: N/A, EPIM ID: N/A | Town: Norwich, Postcode: NR3 1UR, Address: Norwich Combined Court, Bishopgate, Type: Write to us, County: Norfolk, Courts: Family Court, Description: N/A, EPIM ID: N/A | Town: Norwich, Postcode: NR3 1UP, Address: Norwich Magistrates' Court, Bishopgate, Type: Write to us, County: Norfolk, Areas of Law: Crime, Description: N/A, EPIM ID: N/A"
"Norwich Probate Sub-Registry",52.6345502860252,1.3018211319861,0,0,0,"norwich-probate-sub-registry",,false,"61081 Newcastle upon Tyne 14","Name: Probate, External Link: https://www.gov.uk/wills-probate-inheritance, Description: Information about wills and probate, Display Name: N/A, Display External Link: https://www.gov.uk/applying-for-probate","Town: Norwich, Postcode: NR3 1UR, Address: Combined Court Building, The Law Courts, Bishopgate, Type: Visit us, County: Norfolk, N/A, Description: N/A, EPIM ID: N/A | Town: Newcastle-upon-Tyne, Postcode: NE1 4DR, Address: 1 Waterloo Square, Type: Write to us, County: Norfolk, N/A, Description: N/A, EPIM ID: N/A"
"Norwich Social Security and Child Support Tribunal",52.62217382697864,1.2950505631752303,0,0,0,"norwich-social-security-and-child-support-tribunal",Tribunal,true,"372701 NORWICH 34","Name: Social security, External Link: https://www.gov.uk/tribunal/sscs, Description: Information about the Social Security and Child Support Tribunal, Display Name: Benefits, Display External Link: https://www.gov.uk/appeal-benefit-decision","Town: Norwich, Postcode: NR1 3PL, Address: The Old Bakery, 115 Queens Road, Type: Visit or contact us, County: Norfolk, N/A, Description: N/A, EPIM ID: N/A | Town: Harlow, Postcode: CM20 9QF, Address: HMCTS Benefit Appeals, PO Box 12626, Type: Write to us, County: Essex, Areas of Law: Social security, Description: N/A, EPIM ID: N/A"
"Nottingham County Court and Family Court",52.94853997525191,-1.1466505098622397,0,286,0,"nottingham-county-court-and-family-court","County Court | Family Court",true,"702380 Nottingham 7","Name: Adoption, External Link: https://www.gov.uk/child-adoption, Description: Information about adopting a child, Display Name: N/A, Display External Link: https://www.gov.uk/child-adoption/applying-for-an-adoption-court-order | Name: Bankruptcy, External Link: https://www.gov.uk/apply-for-bankruptcy, Description: Information about applying for bankruptcy, Display Name: N/A, Display External Link: https://www.gov.uk/bankruptcy | Name: Children, External Link: N/A, Description: N/A, Display Name: Childcare arrangements if you separate from your partner, Display External Link: https://www.gov.uk/looking-after-children-divorce | Name: Divorce, External Link: https://www.gov.uk/divorce, Description: Information about getting a divorce, Display Name: N/A, Display External Link: N/A | Name: Domestic violence, External Link: N/A, Description: N/A, Display Name: Domestic abuse, Display External Link: https://www.gov.uk/injunction-domestic-violence | Name: Financial Remedy, External Link: https://www.gov.uk/money-property-when-relationship-ends, Description: N/A, Display Name: If you are making an application to settle your finances following a divorce (Financial Remedy), please refer to the guidance found here, Display External Link: N/A | Name: High Court District Registry, External Link: N/A, Description: N/A, Display Name: High Court cases – serious or high profile criminal or civil law cases, Display External Link: N/A | Name: Housing possession, External Link: https://www.gov.uk/evicting-tenants, Description: Information about evicting tenants, Display Name: Housing, Display External Link: N/A | Name: Money claims, External Link: https://www.gov.uk/make-court-claim-for-money, Description: Information about making a court claim for money, Display Name: N/A, Display External Link: N/A","Town: Nottingham, Postcode: NG1 7EJ, Address: County Court at Nottingham , 60 Canal Street, Type: Visit or contact us, County: Nottinghamshire, N/A, Description: N/A, EPIM ID:  | Town: Nottingham, Postcode: NG2 1EE, Address: Family Court, Nottingham Justice Centre, Carrington Street, Type: Write to us, County: Nottinghamshire, N/A, Description: N/A, EPIM ID: N/A"
"Nottingham Crown Court",52.9485399807164,-1.14665055509744,444,0,0,nottingham-crown-court,"Crown Court",true,"702383 Nottingham 7","Name: Crime, External Link: N/A, Description: N/A, Display Name: N/A, Display External Link: N/A | Name: Single justice procedure, External Link: N/A, Description: N/A, Display Name: N/A, Display External Link: N/A","Town: Nottingham, Postcode: NG1 7EL, Address: 60 Canal Street, Type: Visit or contact us, County: Nottinghamshire, N/A, Description: N/A, EPIM ID: N/A"
"Nottingham Magistrates' Court",52.9471842938724,-1.14940075756442,0,0,2568,"nottingham-magistrates-court","Family Court | Magistrates' Court",true,"719030 Nottingham 32","Name: Crime, External Link: N/A, Description: N/A, Display Name: N/A, Display External Link: N/A | Name: Employment, External Link: https://www.gov.uk/courts-tribunals/employment-tribunal, Description: Information about the Employment Tribunal, Display Name: Claims against employers, Display External Link: https://www.gov.uk/employment-tribunals | Name: Immigration, External Link: https://www.gov.uk/tribunal/iac, Description: Information about the Immigration and Asylum Tribunal, Display Name: Immigration and asylum, Display External Link: https://www.gov.uk/immigration-asylum-tribunal | Name: Single justice procedure, External Link: N/A, Description: N/A, Display Name: N/A, Display External Link: N/A | Name: Social security, External Link: https://www.gov.uk/tribunal/sscs, Description: Information about the Social Security and Child Support Tribunal, Display Name: Benefits, Display External Link: https://www.gov.uk/appeal-benefit-decision","Town: Nottingham, Postcode: NG2 1EE, Address: Nottingham Justice Centre, Carrington Street, Type: Visit or contact us, County: Nottinghamshire, N/A, Description: N/A, EPIM ID: N/A"
"Nottingham Probate Sub-Registry",0.0,0.0,0,0,0,"nottingham-probate-sub-registry",,false,"724784 Manchester 44","Name: Probate, External Link: https://www.gov.uk/wills-probate-inheritance, Description: Information about wills and probate, Display Name: N/A, Display External Link: https://www.gov.uk/applying-for-probate","Town: Manchester, Postcode: M60, Address: Manchester District Probate Registry, Manchester Civil Justice Centre, Ground Floor 1 , Bridge Street West, P.O. BOX 4240, Type: Write to us, County: Greater Manchester, N/A, Description: N/A, EPIM ID: N/A"
"Nottingham Social Security and Child Support Tribunal",52.94718428841048,-1.1494007123326804,0,0,0,"nottingham-social-security-and-child-support-tribunal",Tribunal,false,null,"Name: Social security, External Link: https://www.gov.uk/tribunal/sscs, Description: Information about the Social Security and Child Support Tribunal, Display Name: Benefits, Display External Link: https://www.gov.uk/appeal-benefit-decision","Town: Nottingham, Postcode: NG2 1EE, Address: Carrington Street, Type: Visit us, County: Nottinghamshire, N/A, Description: N/A, EPIM ID: N/A | Town: Birmingham, Postcode: B16 6FR, Address: PO Box 14620, Type: Write to us, County: Nottinghamshire, N/A, Description: N/A, EPIM ID: N/A"
"Nuneaton County Court",52.5229558886295,-1.46259026274798,0,287,0,nuneaton-county-court,"County Court",true,"701940 Nuneaton 2","Name: Housing possession, External Link: https://www.gov.uk/evicting-tenants, Description: Information about evicting tenants, Display Name: Housing, Display External Link: N/A | Name: Money claims, External Link: https://www.gov.uk/make-court-claim-for-money, Description: Information about making a court claim for money, Display Name: N/A, Display External Link: N/A","Town: Nuneaton, Postcode: CV11 4JU, Address: Warwickshire Justice Centre, Vicarage Street, Type: Visit us, County: Warwickshire, N/A, Description: N/A, EPIM ID: N/A | Town: Nuneaton, Postcode: CV11 4WX, Address: Warwickshire Justice Centre, P.O. Box 3878, Vicarage Street, Type: Write to us, County: Warwickshire, N/A, Description: N/A, EPIM ID: N/A"
"Nuneaton Magistrates' Court",52.5229558886295,-1.4625902627479823,0,0,2896,"nuneaton-magistrates-court","Magistrates' Court",true,null,"Name: Crime, External Link: N/A, Description: N/A, Display Name: N/A, Display External Link: N/A | Name: Single justice procedure, External Link: N/A, Description: N/A, Display Name: N/A, Display External Link: N/A","Town: Nuneaton, Postcode: CV11 4JU, Address: Warwickshire Justice Centre, Vicarage Street, Type: Visit us, County: Lancashire, N/A, Description: N/A, EPIM ID: N/A | Town: Nuneaton, Postcode: CV11 4WX, Address: Warwickshire Justice Centre, PO Box 3878, Vicarage Street, Type: Write to us, County: Lancashire, N/A, Description: N/A, EPIM ID: N/A"
"Oldham County Court and Family Court",53.5438242927049,-2.11694468840354,288,288,0,"oldham-county-court-and-family-court","County Court | Family Court",false,"702595 Oldham 2","Name: Bankruptcy, External Link: https://www.gov.uk/apply-for-bankruptcy, Description: Information about applying for bankruptcy, Display Name: N/A, Display External Link: https://www.gov.uk/bankruptcy | Name: Children, External Link: N/A, Description: N/A, Display Name: Childcare arrangements if you separate from your partner, Display External Link: https://www.gov.uk/looking-after-children-divorce | Name: Divorce, External Link: https://www.gov.uk/divorce, Description: Information about getting a divorce, Display Name: N/A, Display External Link: N/A | Name: Domestic violence, External Link: N/A, Description: N/A, Display Name: Domestic abuse, Display External Link: https://www.gov.uk/injunction-domestic-violence | Name: High Court District Registry, External Link: N/A, Description: N/A, Display Name: High Court cases – serious or high profile criminal or civil law cases, Display External Link: N/A | Name: Housing possession, External Link: https://www.gov.uk/evicting-tenants, Description: Information about evicting tenants, Display Name: Housing, Display External Link: N/A | Name: Money claims, External Link: https://www.gov.uk/make-court-claim-for-money, Description: Information about making a court claim for money, Display Name: N/A, Display External Link: N/A | Name: Social security, External Link: https://www.gov.uk/tribunal/sscs, Description: Information about the Social Security and Child Support Tribunal, Display Name: Benefits, Display External Link: https://www.gov.uk/appeal-benefit-decision","Town: Oldham, Postcode: OL1 1NL, Address: New Radcliffe Street, Type: Visit us, County: Essex, N/A, Description: N/A, EPIM ID: N/A | Town: Oldham, Postcode: OL1 1NL, Address: Oldham County Court and Family Court Hearing Centre, New Radcliffe Street, Type: Write to us, County: Essex, N/A, Description: N/A, EPIM ID: N/A"
"Oldham Magistrates' Court",53.54173894287416,-2.116999288008246,0,0,0,oldham-magistrates-court,,false,null,"No areas of law available","No address available"
"Online Civil Money Claims Service Centre",0.0,0.0,0,0,0,"online-civil-money-claims-service-centre",,true,null,"Name: Money claims, External Link: https://www.gov.uk/make-court-claim-for-money, Description: Information about making a court claim for money, Display Name: N/A, Display External Link: N/A","Town: Harlow, Postcode: CM20 9RA, Address: HMCTS CMC , PO Box 12747, Type: Write to us, County: Essex, N/A, Description: N/A, EPIM ID: N/A"
"Ormskirk Magistrates' Court",53.56878055936832,-2.88311554079156,2003,0,0,"ormskirk-magistrates-court",,false,null,"No areas of law available","No address available"
"Oswestry County Court",0.0,0.0,0,0,0,oswestry-county-court,,false,null,"No areas of law available","No address available"
"Oswestry Magistrates' Court",0.0,0.0,0,0,0,"oswestry-magistrates-court",,false,null,"No areas of law available","No address available"
"Oxford Combined Court Centre",51.748170445032535,-1.257072084936972,445,291,0,"oxford-combined-court-centre","County Court | Crown Court | Family Court",true,"96450 Oxford 4","Name: Adoption, External Link: https://www.gov.uk/child-adoption, Description: Information about adopting a child, Display Name: N/A, Display External Link: https://www.gov.uk/child-adoption/applying-for-an-adoption-court-order | Name: Bankruptcy, External Link: https://www.gov.uk/apply-for-bankruptcy, Description: Information about applying for bankruptcy, Display Name: N/A, Display External Link: https://www.gov.uk/bankruptcy | Name: Children, External Link: N/A, Description: N/A, Display Name: Childcare arrangements if you separate from your partner, Display External Link: https://www.gov.uk/looking-after-children-divorce | Name: Crime, External Link: N/A, Description: N/A, Display Name: N/A, Display External Link: N/A | Name: Divorce, External Link: https://www.gov.uk/divorce, Description: Information about getting a divorce, Display Name: N/A, Display External Link: N/A | Name: Domestic violence, External Link: N/A, Description: N/A, Display Name: Domestic abuse, Display External Link: https://www.gov.uk/injunction-domestic-violence | Name: FGM, External Link: https://www.gov.uk/government/collections/female-genital-mutilation, Description: N/A, Display Name: Female Genital Mutilation, Display External Link: N/A | Name: Financial Remedy, External Link: https://www.gov.uk/money-property-when-relationship-ends, Description: N/A, Display Name: If you are making an application to settle your finances following a divorce (Financial Remedy), please refer to the guidance found here, Display External Link: N/A | Name: Forced marriage, External Link: https://www.gov.uk/apply-forced-marriage-protection-order, Description: Information about forced marriage protection orders, Display Name: N/A, Display External Link: N/A | Name: High Court District Registry, External Link: N/A, Description: N/A, Display Name: High Court cases – serious or high profile criminal or civil law cases, Display External Link: N/A | Name: Housing possession, External Link: https://www.gov.uk/evicting-tenants, Description: Information about evicting tenants, Display Name: Housing, Display External Link: N/A | Name: Money claims, External Link: https://www.gov.uk/make-court-claim-for-money, Description: Information about making a court claim for money, Display Name: N/A, Display External Link: N/A | Name: Single justice procedure, External Link: N/A, Description: N/A, Display Name: N/A, Display External Link: N/A | Name: Social security, External Link: https://www.gov.uk/tribunal/sscs, Description: Information about the Social Security and Child Support Tribunal, Display Name: Benefits, Display External Link: https://www.gov.uk/appeal-benefit-decision","Town: Oxford, Postcode: OX1 1TL, Address: St Aldates, Type: Visit or contact us, County: Oxfordshire, N/A, Description: N/A, EPIM ID: N/A | Town: Harlow, Postcode: CM20 9QF, Address: HMCTS Benefit Appeals, PO Box 12626, Type: Write to us, County: Essex, Areas of Law: Social security, Description: N/A, EPIM ID: N/A"
"Oxford District Probate Registry",51.7481704504839,-1.25707212708068,0,0,0,"oxford-district-probate-registry",,true,"96454 Oxford 4","Name: Probate, External Link: https://www.gov.uk/wills-probate-inheritance, Description: Information about wills and probate, Display Name: N/A, Display External Link: https://www.gov.uk/applying-for-probate","Town: Oxford, Postcode: OX1 1LY, Address: Combined Court Building, St Aldates, Type: Visit or contact us, County: Oxfordshire, N/A, Description: N/A, EPIM ID: N/A"
"Oxford Magistrates Court",51.75023110462087,-1.2673667768810715,0,0,1922,oxford-magistrates-court,"Magistrates' Court",true,null,"Name: Adoption, External Link: https://www.gov.uk/child-adoption, Description: Information about adopting a child, Display Name: N/A, Display External Link: https://www.gov.uk/child-adoption/applying-for-an-adoption-court-order | Name: Children, External Link: N/A, Description: N/A, Display Name: Childcare arrangements if you separate from your partner, Display External Link: https://www.gov.uk/looking-after-children-divorce | Name: Crime, External Link: N/A, Description: N/A, Display Name: N/A, Display External Link: N/A | Name: Domestic violence, External Link: N/A, Description: N/A, Display Name: Domestic abuse, Display External Link: https://www.gov.uk/injunction-domestic-violence | Name: Single justice procedure, External Link: N/A, Description: N/A, Display Name: N/A, Display External Link: N/A","Town: Oxford, Postcode: OX1 1RZ, Address: The Court House, Speedwell Street, Type: Visit or contact us, County: , N/A, Description: N/A, EPIM ID: N/A"
"Oxford Social Security & Child Support Tribunal",0.0,0.0,0,0,0,"oxford-social-security-child-support-tribunal",Tribunal,false,null,"Name: Social security, External Link: https://www.gov.uk/tribunal/sscs, Description: Information about the Social Security and Child Support Tribunal, Display Name: Benefits, Display External Link: https://www.gov.uk/appeal-benefit-decision","Town: Oxford, Postcode: OX2 9JU, Address: 4th Floor, Seacout Tower, West Way, Botley Road, Type: Write to us, County: Oxfordshire, N/A, Description: N/A, EPIM ID: N/A"
"Patents Court",51.5158948456476,-0.10967644078207,0,0,0,patents-court,,true,"160040 Strand 4","No areas of law available","Town: London, Postcode: EC4A 1NL, Address: Rolls Building,  7 Rolls Buildings,  Fetter Lane, Type: Visit or contact us, County: Greater London, N/A, Description: N/A, EPIM ID: N/A"
"Penrith County Court",0.0,0.0,0,0,0,penrith-county-court,,false,null,"No areas of law available","No address available"
"Penrith Magistrates' Court",0.0,0.0,0,0,0,"penrith-magistrates-court",,false,null,"No areas of law available","No address available"
"Penzance County Court",0.0,0.0,0,0,0,penzance-county-court,,false,null,"No areas of law available","No address available"
"Penzance Magistrates' Court",0.0,0.0,0,0,0,"penzance-magistrates-court",,false,null,"No areas of law available","No address available"
"Peterborough Combined Court Centre",52.5698906045548,-0.239916760135677,473,294,0,"peterborough-combined-court-centre","County Court | Crown Court | Family Court",true,"702302 Peterborough 8","Name: Adoption, External Link: https://www.gov.uk/child-adoption, Description: Information about adopting a child, Display Name: N/A, Display External Link: https://www.gov.uk/child-adoption/applying-for-an-adoption-court-order | Name: Bankruptcy, External Link: https://www.gov.uk/apply-for-bankruptcy, Description: Information about applying for bankruptcy, Display Name: N/A, Display External Link: https://www.gov.uk/bankruptcy | Name: Children, External Link: N/A, Description: N/A, Display Name: Childcare arrangements if you separate from your partner, Display External Link: https://www.gov.uk/looking-after-children-divorce | Name: Crime, External Link: N/A, Description: N/A, Display Name: N/A, Display External Link: N/A | Name: Divorce, External Link: https://www.gov.uk/divorce, Description: Information about getting a divorce, Display Name: N/A, Display External Link: N/A | Name: Domestic violence, External Link: N/A, Description: N/A, Display Name: Domestic abuse, Display External Link: https://www.gov.uk/injunction-domestic-violence | Name: Financial Remedy, External Link: https://www.gov.uk/money-property-when-relationship-ends, Description: N/A, Display Name: If you are making an application to settle your finances following a divorce (Financial Remedy), please refer to the guidance found here, Display External Link: N/A | Name: High Court District Registry, External Link: N/A, Description: N/A, Display Name: High Court cases – serious or high profile criminal or civil law cases, Display External Link: N/A | Name: Housing possession, External Link: https://www.gov.uk/evicting-tenants, Description: Information about evicting tenants, Display Name: Housing, Display External Link: N/A | Name: Money claims, External Link: https://www.gov.uk/make-court-claim-for-money, Description: Information about making a court claim for money, Display Name: N/A, Display External Link: N/A | Name: Social security, External Link: https://www.gov.uk/tribunal/sscs, Description: Information about the Social Security and Child Support Tribunal, Display Name: Benefits, Display External Link: https://www.gov.uk/appeal-benefit-decision","Town: Peterborough, Postcode: PE1 1EJ, Address: Crown Buildings, Rivergate, Type: Visit or contact us, County: Northamptonshire, N/A, Description: N/A, EPIM ID: N/A"
"Peterborough Magistrates' Court",52.56980687529098,-0.24154322498830783,0,0,1949,"peterborough-magistrates-court","Magistrates' Court",true,null,"Name: Crime, External Link: N/A, Description: N/A, Display Name: N/A, Display External Link: N/A | Name: Domestic violence, External Link: N/A, Description: N/A, Display Name: Domestic abuse, Display External Link: https://www.gov.uk/injunction-domestic-violence | Name: Single justice procedure, External Link: N/A, Description: N/A, Display Name: N/A, Display External Link: N/A | Name: Social security, External Link: https://www.gov.uk/tribunal/sscs, Description: Information about the Social Security and Child Support Tribunal, Display Name: Benefits, Display External Link: https://www.gov.uk/appeal-benefit-decision","Town: Peterborough, Postcode: PE1 1ED, Address: The Court House, Bridge Street, Type: Visit or contact us, County: Northamptonshire, N/A, Description: N/A, EPIM ID: N/A | Town: Harlow, Postcode: CM20 9QF, Address: HMCTS Benefit Appeals, PO Box 12626, Type: Write to us, County: Essex, Areas of Law: Social security, Description: N/A, EPIM ID: N/A"
"Peterborough Probate Sub-Registry",52.5700668997842,-0.240219099331704,0,0,0,"peterborough-probate-sub-registry",,false,"61081 Newcastle upon Tyne 14","Name: Probate, External Link: https://www.gov.uk/wills-probate-inheritance, Description: Information about wills and probate, Display Name: N/A, Display External Link: https://www.gov.uk/applying-for-probate","Town: Peterborough, Postcode: PE1 1EJ, Address: 1st Floor, Crown Building, Rivergate, Type: Visit us, County: Northamptonshire, N/A, Description: N/A, EPIM ID: N/A | Town: Ipswich, Postcode: IP1 1EJ, Address: Ground Floor, 8 Arcade Street, Type: Write to us, County: Northamptonshire, N/A, Description: N/A, EPIM ID: N/A"
"Peterlee Magistrates' Court",54.7557955234905,-1.3369105652739,0,0,1585,"peterlee-magistrates-court","Magistrates' Court",true,"63808 Newton Aycliffe","Name: Crime, External Link: N/A, Description: N/A, Display Name: N/A, Display External Link: N/A | Name: Single justice procedure, External Link: N/A, Description: N/A, Display Name: N/A, Display External Link: N/A","Town: Peterlee, Postcode: SR8 1QR, Address: St Aidans Way, Type: Visit us, County: County Durham, N/A, Description: N/A, EPIM ID: N/A | Town: Newton Aycliffe, Postcode: DL5 5RT, Address: Central Avenue, Newton Aycliffe, Co. Durham, Type: Write to us, County: County Durham, N/A, Description: N/A, EPIM ID: N/A"
"Plymouth Combined Court",50.3691939866746,-4.14169380101798,446,296,0,plymouth-combined-court,"County Court | Crown Court | Family Court",true,"98470 Plymouth 7","Name: Adoption, External Link: https://www.gov.uk/child-adoption, Description: Information about adopting a child, Display Name: N/A, Display External Link: https://www.gov.uk/child-adoption/applying-for-an-adoption-court-order | Name: Bankruptcy, External Link: https://www.gov.uk/apply-for-bankruptcy, Description: Information about applying for bankruptcy, Display Name: N/A, Display External Link: https://www.gov.uk/bankruptcy | Name: Children, External Link: N/A, Description: N/A, Display Name: Childcare arrangements if you separate from your partner, Display External Link: https://www.gov.uk/looking-after-children-divorce | Name: Crime, External Link: N/A, Description: N/A, Display Name: N/A, Display External Link: N/A | Name: Divorce, External Link: https://www.gov.uk/divorce, Description: Information about getting a divorce, Display Name: N/A, Display External Link: N/A | Name: Domestic violence, External Link: N/A, Description: N/A, Display Name: Domestic abuse, Display External Link: https://www.gov.uk/injunction-domestic-violence | Name: FGM, External Link: https://www.gov.uk/government/collections/female-genital-mutilation, Description: N/A, Display Name: Female Genital Mutilation, Display External Link: N/A | Name: Financial Remedy, External Link: https://www.gov.uk/money-property-when-relationship-ends, Description: N/A, Display Name: If you are making an application to settle your finances following a divorce (Financial Remedy), please refer to the guidance found here, Display External Link: N/A | Name: Forced marriage, External Link: https://www.gov.uk/apply-forced-marriage-protection-order, Description: Information about forced marriage protection orders, Display Name: N/A, Display External Link: N/A | Name: High Court District Registry, External Link: N/A, Description: N/A, Display Name: High Court cases – serious or high profile criminal or civil law cases, Display External Link: N/A | Name: Housing possession, External Link: https://www.gov.uk/evicting-tenants, Description: Information about evicting tenants, Display Name: Housing, Display External Link: N/A | Name: Money claims, External Link: https://www.gov.uk/make-court-claim-for-money, Description: Information about making a court claim for money, Display Name: N/A, Display External Link: N/A | Name: Single justice procedure, External Link: N/A, Description: N/A, Display Name: N/A, Display External Link: N/A","Town: Plymouth, Postcode: PL1 2ER, Address: The Law Courts, 10 Armada Way, Type: Visit or contact us, County: Devon, N/A, Description: N/A, EPIM ID: N/A"
"Plymouth Magistrates' Court",50.3692869786784,-4.13957450289232,0,0,1302,"plymouth-magistrates-court","Magistrates' Court",true,"DX 98470 PLY","Name: Children, External Link: N/A, Description: N/A, Display Name: Childcare arrangements if you separate from your partner, Display External Link: https://www.gov.uk/looking-after-children-divorce | Name: Crime, External Link: N/A, Description: N/A, Display Name: N/A, Display External Link: N/A | Name: Domestic violence, External Link: N/A, Description: N/A, Display Name: Domestic abuse, Display External Link: https://www.gov.uk/injunction-domestic-violence | Name: Employment, External Link: https://www.gov.uk/courts-tribunals/employment-tribunal, Description: Information about the Employment Tribunal, Display Name: Claims against employers, Display External Link: https://www.gov.uk/employment-tribunals | Name: Single justice procedure, External Link: N/A, Description: N/A, Display Name: N/A, Display External Link: N/A | Name: Social security, External Link: https://www.gov.uk/tribunal/sscs, Description: Information about the Social Security and Child Support Tribunal, Display Name: Benefits, Display External Link: https://www.gov.uk/appeal-benefit-decision","Town: Plymouth, Postcode: PL1 2DP, Address: St Andrews Street, Type: Visit or contact us, County: Devon, N/A, Description: N/A, EPIM ID: N/A"
"Plymouth Social Security and Child Support Tribunal",50.36847567352244,-4.144066114241909,0,0,0,"plymouth-social-security-and-child-support-tribunal",,true,null,"Name: Social security, External Link: https://www.gov.uk/tribunal/sscs, Description: Information about the Social Security and Child Support Tribunal, Display Name: Benefits, Display External Link: https://www.gov.uk/appeal-benefit-decision","Town: Plymouth, Postcode: PL1 2TS, Address: St Catherines House, 5 Notte Street, Type: Visit us, County: Devon, N/A, Description: N/A, EPIM ID:  | Town: Cardiff, Postcode: CF24 0AB, Address: Eastgate House, 35-43 Newport Road, Type: Write to us, County: Cardiff, N/A, Description: N/A, EPIM ID: N/A"
"Pocock Street Tribunal Hearing Centre",0.0,0.0,0,0,0,"pocock-street-tribunal-hearing-centre",Tribunal,false,null,"Name: Children, External Link: N/A, Description: N/A, Display Name: Childcare arrangements if you separate from your partner, Display External Link: https://www.gov.uk/looking-after-children-divorce | Name: Money claims, External Link: https://www.gov.uk/make-court-claim-for-money, Description: Information about making a court claim for money, Display Name: N/A, Display External Link: N/A | Name: Probate, External Link: https://www.gov.uk/wills-probate-inheritance, Description: Information about wills and probate, Display Name: N/A, Display External Link: https://www.gov.uk/applying-for-probate | Name: Tax, External Link: https://www.gov.uk/tax-tribunal, Description: Information about tax tribunals, Display Name: N/A, Display External Link: N/A","Town: London, Postcode: SE1 0BW, Address: 18 Pocock Street, Type: Write to us, County: Surrey, N/A, Description: N/A, EPIM ID: N/A"
"Pontefract County Court",0.0,0.0,0,0,0,pontefract-county-court,,false,null,"No areas of law available","No address available"
"Pontypool County Court",0.0,0.0,0,0,0,pontypool-county-court,,false,null,"No areas of law available","No address available"
"Pontypridd County Court and Family Court",51.5997755740382,-3.34430326541543,0,299,0,"pontypridd-county-court-and-family-court","County Court",true,"99620 Pontypridd 2","Name: Adoption, External Link: https://www.gov.uk/child-adoption, Description: Information about adopting a child, Display Name: N/A, Display External Link: https://www.gov.uk/child-adoption/applying-for-an-adoption-court-order | Name: Bankruptcy, External Link: https://www.gov.uk/apply-for-bankruptcy, Description: Information about applying for bankruptcy, Display Name: N/A, Display External Link: https://www.gov.uk/bankruptcy | Name: Children, External Link: N/A, Description: N/A, Display Name: Childcare arrangements if you separate from your partner, Display External Link: https://www.gov.uk/looking-after-children-divorce | Name: Domestic violence, External Link: N/A, Description: N/A, Display Name: Domestic abuse, Display External Link: https://www.gov.uk/injunction-domestic-violence | Name: High Court District Registry, External Link: N/A, Description: N/A, Display Name: High Court cases – serious or high profile criminal or civil law cases, Display External Link: N/A | Name: Housing possession, External Link: https://www.gov.uk/evicting-tenants, Description: Information about evicting tenants, Display Name: Housing, Display External Link: N/A | Name: Money claims, External Link: https://www.gov.uk/make-court-claim-for-money, Description: Information about making a court claim for money, Display Name: N/A, Display External Link: N/A","Town: Pontypridd, Postcode: CF37 1JR, Address: The Courthouse, Courthouse Street, Type: Visit or contact us, County: Rhondda Cynon Taff, N/A, Description: N/A, EPIM ID: N/A"
"Pontypridd Magistrates' Court and Family Court",51.59837769352312,-3.34079718441666,0,0,0,"pontypridd-magistrates-court-and-family-court",,false,null,"No areas of law available","No address available"
"Poole Magistrates' Court",50.722064860609656,-1.9609337916686298,0,0,1530,poole-magistrates-court,"Magistrates' Court",true,"98420 Bournemouth 4","Name: Crime, External Link: N/A, Description: N/A, Display Name: N/A, Display External Link: N/A | Name: Single justice procedure, External Link: N/A, Description: N/A, Display Name: N/A, Display External Link: N/A | Name: Social security, External Link: https://www.gov.uk/tribunal/sscs, Description: Information about the Social Security and Child Support Tribunal, Display Name: Benefits, Display External Link: https://www.gov.uk/appeal-benefit-decision","Town: Poole, Postcode: BH15 2NS, Address: The Law Courts, Park Road, Type: Visit us, County: Dorset, N/A, Description: N/A, EPIM ID: N/A | Town: Bournemouth, Postcode: BH7 7DS, Address: Poole Magistrates Court C/O Bournemouth Combined Court, Deansleigh Road, Type: Write to us, County: Dorset, N/A, Description: N/A, EPIM ID: N/A"
"Portsmouth Combined Court Centre",50.7957528058825,-1.0911628562969,447,302,0,"portsmouth-combined-court-centre","County Court | Crown Court | Family Court",true,"98490 Portsmouth 5","Name: Adoption, External Link: https://www.gov.uk/child-adoption, Description: Information about adopting a child, Display Name: N/A, Display External Link: https://www.gov.uk/child-adoption/applying-for-an-adoption-court-order | Name: Bankruptcy, External Link: https://www.gov.uk/apply-for-bankruptcy, Description: Information about applying for bankruptcy, Display Name: N/A, Display External Link: https://www.gov.uk/bankruptcy | Name: Children, External Link: N/A, Description: N/A, Display Name: Childcare arrangements if you separate from your partner, Display External Link: https://www.gov.uk/looking-after-children-divorce | Name: Crime, External Link: N/A, Description: N/A, Display Name: N/A, Display External Link: N/A | Name: Divorce, External Link: https://www.gov.uk/divorce, Description: Information about getting a divorce, Display Name: N/A, Display External Link: N/A | Name: Domestic violence, External Link: N/A, Description: N/A, Display Name: Domestic abuse, Display External Link: https://www.gov.uk/injunction-domestic-violence | Name: FGM, External Link: https://www.gov.uk/government/collections/female-genital-mutilation, Description: N/A, Display Name: Female Genital Mutilation, Display External Link: N/A | Name: Forced marriage, External Link: https://www.gov.uk/apply-forced-marriage-protection-order, Description: Information about forced marriage protection orders, Display Name: N/A, Display External Link: N/A | Name: High Court District Registry, External Link: N/A, Description: N/A, Display Name: High Court cases – serious or high profile criminal or civil law cases, Display External Link: N/A | Name: Housing possession, External Link: https://www.gov.uk/evicting-tenants, Description: Information about evicting tenants, Display Name: Housing, Display External Link: N/A | Name: Money claims, External Link: https://www.gov.uk/make-court-claim-for-money, Description: Information about making a court claim for money, Display Name: N/A, Display External Link: N/A | Name: Single justice procedure, External Link: N/A, Description: N/A, Display Name: N/A, Display External Link: N/A | Name: Social security, External Link: https://www.gov.uk/tribunal/sscs, Description: Information about the Social Security and Child Support Tribunal, Display Name: Benefits, Display External Link: https://www.gov.uk/appeal-benefit-decision","Town: Portsmouth, Postcode: PO1 2EB, Address: The Courts of Justice, Winston Churchill Avenue, Type: Visit or contact us, County: Hampshire, N/A, Description: N/A, EPIM ID: N/A"
"Portsmouth Magistrates' Court",50.7958600747529,-1.0899263371993,0,0,1800,"portsmouth-magistrates-court","Family Court | Magistrates' Court",true,"98494 Portsmouth 5","Name: Crime, External Link: N/A, Description: N/A, Display Name: N/A, Display External Link: N/A | Name: Single justice procedure, External Link: N/A, Description: N/A, Display Name: N/A, Display External Link: N/A | Name: Social security, External Link: https://www.gov.uk/tribunal/sscs, Description: Information about the Social Security and Child Support Tribunal, Display Name: Benefits, Display External Link: https://www.gov.uk/appeal-benefit-decision","Town: Portsmouth, Postcode: PO1 2DQ, Address: The Law Courts, Winston Churchill Avenue, Type: Visit or contact us, County: Hampshire, N/A, Description: N/A, EPIM ID: N/A"
"Port Talbot Justice Centre",51.5906476952164,-3.78594979322548,0,274,0,"port-talbot-justice-centre","County Court | Family Court",true,"745531 Port Talbot 5","Name: Adoption, External Link: https://www.gov.uk/child-adoption, Description: Information about adopting a child, Display Name: N/A, Display External Link: https://www.gov.uk/child-adoption/applying-for-an-adoption-court-order | Name: Bankruptcy, External Link: https://www.gov.uk/apply-for-bankruptcy, Description: Information about applying for bankruptcy, Display Name: N/A, Display External Link: https://www.gov.uk/bankruptcy | Name: Children, External Link: N/A, Description: N/A, Display Name: Childcare arrangements if you separate from your partner, Display External Link: https://www.gov.uk/looking-after-children-divorce | Name: Civil partnership, External Link: https://www.gov.uk/end-civil-partnership, Description: Information about ending a civil partnership, Display Name: N/A, Display External Link: N/A | Name: Domestic violence, External Link: N/A, Description: N/A, Display Name: Domestic abuse, Display External Link: https://www.gov.uk/injunction-domestic-violence | Name: Employment, External Link: https://www.gov.uk/courts-tribunals/employment-tribunal, Description: Information about the Employment Tribunal, Display Name: Claims against employers, Display External Link: https://www.gov.uk/employment-tribunals | Name: High Court District Registry, External Link: N/A, Description: N/A, Display Name: High Court cases – serious or high profile criminal or civil law cases, Display External Link: N/A | Name: Housing possession, External Link: https://www.gov.uk/evicting-tenants, Description: Information about evicting tenants, Display Name: Housing, Display External Link: N/A | Name: Money claims, External Link: https://www.gov.uk/make-court-claim-for-money, Description: Information about making a court claim for money, Display Name: N/A, Display External Link: N/A | Name: Social security, External Link: https://www.gov.uk/tribunal/sscs, Description: Information about the Social Security and Child Support Tribunal, Display Name: Benefits, Display External Link: https://www.gov.uk/appeal-benefit-decision","Town: Port Talbot, Postcode: SA13 1SB, Address: Harbourside Road, Type: Visit or contact us, County: Neath Port Talbot, N/A, Description: N/A, EPIM ID: N/A"
"Port Talbot Regional Divorce Centre",0.0,0.0,0,0,0,"port-talbot-regional-divorce-centre","County Court",false,null,"Name: Civil partnership, External Link: https://www.gov.uk/end-civil-partnership, Description: Information about ending a civil partnership, Display Name: N/A, Display External Link: N/A | Name: Divorce, External Link: https://www.gov.uk/divorce, Description: Information about getting a divorce, Display Name: N/A, Display External Link: N/A","Town: Port Talbot, Postcode: SA13 1SB, Address: Port Talbot Justice Centre, Harbourside Road, Type: Write to us, County: Neath Port Talbot, N/A, Description: N/A, EPIM ID: N/A"
"Prestatyn Justice Centre",53.3365747170128,-3.41643088351925,0,308,0,prestatyn-justice-centre,"County Court | Family Court | Tribunal",true,"702489 Rhyl 2","Name: Adoption, External Link: https://www.gov.uk/child-adoption, Description: Information about adopting a child, Display Name: N/A, Display External Link: https://www.gov.uk/child-adoption/applying-for-an-adoption-court-order | Name: Bankruptcy, External Link: https://www.gov.uk/apply-for-bankruptcy, Description: Information about applying for bankruptcy, Display Name: N/A, Display External Link: https://www.gov.uk/bankruptcy | Name: Children, External Link: N/A, Description: N/A, Display Name: Childcare arrangements if you separate from your partner, Display External Link: https://www.gov.uk/looking-after-children-divorce | Name: Domestic Abuse Protection Order (DAPOs), External Link: https://www.gov.uk/guidance/domestic-abuse-protection-notices-dapns-and-domestic-abuse-protection-orders-dapos, Description: N/A, Display Name: N/A, Display External Link: N/A | Name: Domestic violence, External Link: N/A, Description: N/A, Display Name: Domestic abuse, Display External Link: https://www.gov.uk/injunction-domestic-violence | Name: Employment, External Link: https://www.gov.uk/courts-tribunals/employment-tribunal, Description: Information about the Employment Tribunal, Display Name: Claims against employers, Display External Link: https://www.gov.uk/employment-tribunals | Name: High Court District Registry, External Link: N/A, Description: N/A, Display Name: High Court cases – serious or high profile criminal or civil law cases, Display External Link: N/A | Name: Housing possession, External Link: https://www.gov.uk/evicting-tenants, Description: Information about evicting tenants, Display Name: Housing, Display External Link: N/A | Name: Money claims, External Link: https://www.gov.uk/make-court-claim-for-money, Description: Information about making a court claim for money, Display Name: N/A, Display External Link: N/A | Name: Social security, External Link: https://www.gov.uk/tribunal/sscs, Description: Information about the Social Security and Child Support Tribunal, Display Name: Benefits, Display External Link: https://www.gov.uk/appeal-benefit-decision","Town: Prestatyn, Postcode: LL19 7TE, Address: Victoria Road, Type: Visit or contact us, County: Denbighshire, N/A, Description: N/A, EPIM ID: N/A"
"Preston Combined Court Centre",53.7623852928807,-2.698982792226,448,303,0,"preston-combined-court-centre","County Court | Crown Court | Family Court",true,"702660 Preston 5","Name: Bankruptcy, External Link: https://www.gov.uk/apply-for-bankruptcy, Description: Information about applying for bankruptcy, Display Name: N/A, Display External Link: https://www.gov.uk/bankruptcy | Name: Crime, External Link: N/A, Description: N/A, Display Name: N/A, Display External Link: N/A | Name: High Court District Registry, External Link: N/A, Description: N/A, Display Name: High Court cases – serious or high profile criminal or civil law cases, Display External Link: N/A | Name: Housing possession, External Link: https://www.gov.uk/evicting-tenants, Description: Information about evicting tenants, Display Name: Housing, Display External Link: N/A | Name: Money claims, External Link: https://www.gov.uk/make-court-claim-for-money, Description: Information about making a court claim for money, Display Name: N/A, Display External Link: N/A | Name: Single justice procedure, External Link: N/A, Description: N/A, Display Name: N/A, Display External Link: N/A","Town: Preston, Postcode: PR1 2LL, Address: The Law Courts, Openshaw Place, Ring Way, Type: Visit or contact us, County: Lancashire, N/A, Description: N/A, EPIM ID: N/A"
"Preston Crown Court and Family Court (Sessions House)",53.7595566682158,-2.69852626000431,448,0,0,"preston-crown-court-and-family-court-sessions-house","Crown Court | Family Court",true,"310201 Preston 31","Name: Children, External Link: N/A, Description: N/A, Display Name: Childcare arrangements if you separate from your partner, Display External Link: https://www.gov.uk/looking-after-children-divorce | Name: Crime, External Link: N/A, Description: N/A, Display Name: N/A, Display External Link: N/A | Name: Domestic violence, External Link: N/A, Description: N/A, Display Name: Domestic abuse, Display External Link: https://www.gov.uk/injunction-domestic-violence | Name: FGM, External Link: https://www.gov.uk/government/collections/female-genital-mutilation, Description: N/A, Display Name: Female Genital Mutilation, Display External Link: N/A | Name: Financial Remedy, External Link: https://www.gov.uk/money-property-when-relationship-ends, Description: N/A, Display Name: If you are making an application to settle your finances following a divorce (Financial Remedy), please refer to the guidance found here, Display External Link: N/A | Name: Forced marriage, External Link: https://www.gov.uk/apply-forced-marriage-protection-order, Description: Information about forced marriage protection orders, Display Name: N/A, Display External Link: N/A | Name: Single justice procedure, External Link: N/A, Description: N/A, Display Name: N/A, Display External Link: N/A","Town: Preston, Postcode: PR1 2PD, Address: The Family Court, Sessions House, Lancaster Road, Type: Visit or contact us, County: Lancashire, N/A, Description: N/A, EPIM ID: N/A"
"Preston Magistrates' Court",53.7635338692065,-2.70238471501666,0,0,1790,"preston-magistrates-court","Magistrates' Court",true,"318201 Preston 33","Name: Crime, External Link: N/A, Description: N/A, Display Name: N/A, Display External Link: N/A | Name: Single justice procedure, External Link: N/A, Description: N/A, Display Name: N/A, Display External Link: N/A | Name: Social security, External Link: https://www.gov.uk/tribunal/sscs, Description: Information about the Social Security and Child Support Tribunal, Display Name: Benefits, Display External Link: https://www.gov.uk/appeal-benefit-decision","Town: Preston, Postcode: PR1 2QT, Address: Lawson Street, Type: Visit or contact us, County: Lancashire, N/A, Description: N/A, EPIM ID: N/A"
"Probate Service Centre",51.77173791025515,0.09393137927544327,0,0,0,probate-service-centre,,true,null,"Name: Probate, External Link: https://www.gov.uk/wills-probate-inheritance, Description: Information about wills and probate, Display Name: N/A, Display External Link: https://www.gov.uk/applying-for-probate","Town: Harlow, Postcode: CM20 9QF, Address: HMCTS Probate, PO Box 12625, Type: Write to us, County: Essex, N/A, Description: N/A, EPIM ID: N/A"
"Pwllheli Magistrates' Court",0.0,0.0,0,0,0,"pwllheli-magistrates-court",,false,null,"No areas of law available","No address available"
"Rawtenstall County Court",0.0,0.0,0,0,0,rawtenstall-county-court,,false,null,"No areas of law available","No address available"
"Rawtenstall Magistrates' Court",0.0,0.0,0,0,0,"rawtenstall-magistrates-court",,false,null,"No areas of law available","No address available"
"Reading County Court and Family Court",51.456575443243814,-0.9711788061632074,0,305,0,"reading-county-court-and-family-court","County Court | Family Court",true,"98010 Reading 6","Name: Adoption, External Link: https://www.gov.uk/child-adoption, Description: Information about adopting a child, Display Name: N/A, Display External Link: https://www.gov.uk/child-adoption/applying-for-an-adoption-court-order | Name: Bankruptcy, External Link: https://www.gov.uk/apply-for-bankruptcy, Description: Information about applying for bankruptcy, Display Name: N/A, Display External Link: https://www.gov.uk/bankruptcy | Name: Children, External Link: N/A, Description: N/A, Display Name: Childcare arrangements if you separate from your partner, Display External Link: https://www.gov.uk/looking-after-children-divorce | Name: Divorce, External Link: https://www.gov.uk/divorce, Description: Information about getting a divorce, Display Name: N/A, Display External Link: N/A | Name: Domestic violence, External Link: N/A, Description: N/A, Display Name: Domestic abuse, Display External Link: https://www.gov.uk/injunction-domestic-violence | Name: FGM, External Link: https://www.gov.uk/government/collections/female-genital-mutilation, Description: N/A, Display Name: Female Genital Mutilation, Display External Link: N/A | Name: Forced marriage, External Link: https://www.gov.uk/apply-forced-marriage-protection-order, Description: Information about forced marriage protection orders, Display Name: N/A, Display External Link: N/A | Name: High Court District Registry, External Link: N/A, Description: N/A, Display Name: High Court cases – serious or high profile criminal or civil law cases, Display External Link: N/A | Name: Housing possession, External Link: https://www.gov.uk/evicting-tenants, Description: Information about evicting tenants, Display Name: Housing, Display External Link: N/A | Name: Money claims, External Link: https://www.gov.uk/make-court-claim-for-money, Description: Information about making a court claim for money, Display Name: N/A, Display External Link: N/A","Town: Reading, Postcode: RG1 1HE, Address: 160-163 Friar Street, Type: Visit or contact us, County: Berkshire, N/A, Description: N/A, EPIM ID: N/A"
"Reading Crown Court",51.4561376280813,-0.967403324249227,449,0,0,reading-crown-court,"Crown Court",true,"97440 Reading 5","Name: Crime, External Link: N/A, Description: N/A, Display Name: N/A, Display External Link: N/A | Name: Single justice procedure, External Link: N/A, Description: N/A, Display Name: N/A, Display External Link: N/A","Town: Reading, Postcode: RG1 3EH, Address: Old Shire Hall, The Forbury, Type: Visit or contact us, County: Berkshire, N/A, Description: N/A, EPIM ID: N/A"
"Reading Magistrates' Court and Family Court",51.45334234342427,-0.9757417243584682,0,0,1920,"reading-magistrates-court-and-family-court","Family Court | Magistrates' Court",true,"151160 Reading 25","Name: Children, External Link: N/A, Description: N/A, Display Name: Childcare arrangements if you separate from your partner, Display External Link: https://www.gov.uk/looking-after-children-divorce | Name: Crime, External Link: N/A, Description: N/A, Display Name: N/A, Display External Link: N/A | Name: Domestic violence, External Link: N/A, Description: N/A, Display Name: Domestic abuse, Display External Link: https://www.gov.uk/injunction-domestic-violence | Name: Single justice procedure, External Link: N/A, Description: N/A, Display Name: N/A, Display External Link: N/A | Name: Social security, External Link: https://www.gov.uk/tribunal/sscs, Description: Information about the Social Security and Child Support Tribunal, Display Name: Benefits, Display External Link: https://www.gov.uk/appeal-benefit-decision","Town: Reading, Postcode: RG1 7TQ, Address: Castle Street, Type: Visit or contact us, County: Berkshire, N/A, Description: N/A, EPIM ID: N/A | Town: Harlow, Postcode: CM20 9QF, Address: HMCTS Benefit Appeals, PO Box 12626, Type: Write to us, County: Essex, Areas of Law: Social security, Description: N/A, EPIM ID: N/A"
"Reading Tribunal Hearing Centre",51.4569331631672,-0.974034994184271,0,0,0,"reading-tribunal-hearing-centre",Tribunal,true,"155650 Watford 3","Name: Employment, External Link: https://www.gov.uk/courts-tribunals/employment-tribunal, Description: Information about the Employment Tribunal, Display Name: Claims against employers, Display External Link: https://www.gov.uk/employment-tribunals","Town: Reading, Postcode: RG1 1DX, Address: 2nd Floor, 30-31 Friar Street, Type: Visit us, County: Berkshire, N/A, Description: N/A, EPIM ID: N/A | Town: Watford, Postcode: WD17 1HP, Address: Watford Employment Tribunal, Radius House , 51 Clarendon Road, Type: Write to us, County: Berkshire, N/A, Description: N/A, EPIM ID: N/A"
"Redditch County Court",0.0,0.0,0,0,0,redditch-county-court,,false,null,"No areas of law available","No address available"
"Redditch Magistrates' Court",52.3061223117504,-1.93724203763698,0,380,1894,"redditch-magistrates-court","County Court | Magistrates' Court",true,null,"Name: Bankruptcy, External Link: https://www.gov.uk/apply-for-bankruptcy, Description: Information about applying for bankruptcy, Display Name: N/A, Display External Link: https://www.gov.uk/bankruptcy | Name: Crime, External Link: N/A, Description: N/A, Display Name: N/A, Display External Link: N/A | Name: Domestic violence, External Link: N/A, Description: N/A, Display Name: Domestic abuse, Display External Link: https://www.gov.uk/injunction-domestic-violence | Name: High Court District Registry, External Link: N/A, Description: N/A, Display Name: High Court cases – serious or high profile criminal or civil law cases, Display External Link: N/A | Name: Money claims, External Link: https://www.gov.uk/make-court-claim-for-money, Description: Information about making a court claim for money, Display Name: N/A, Display External Link: N/A | Name: Single justice procedure, External Link: N/A, Description: N/A, Display Name: N/A, Display External Link: N/A","Town: Redditch, Postcode: B98 8DB, Address: Redditch Magistrates' Court, Grove Street, Worcs, Type: Visit us, County: Worcestershire, N/A, Description: N/A, EPIM ID: N/A | Town: Worcester, Postcode: WR1 3QZ, Address: Redditch Magistrates Court, Castle Street, Type: Write to us, County: Worcestershire, N/A, Description: N/A, EPIM ID: N/A"
"Redhill Magistrates' Court and Family Court",0.0,0.0,2856,0,0,"redhill-magistrates-court-and-family-court","Family Court | Magistrates' Court",false,"97865 Guildford 5","Name: Children, External Link: N/A, Description: N/A, Display Name: Childcare arrangements if you separate from your partner, Display External Link: https://www.gov.uk/looking-after-children-divorce | Name: Crime, External Link: N/A, Description: N/A, Display Name: N/A, Display External Link: N/A | Name: Divorce, External Link: https://www.gov.uk/divorce, Description: Information about getting a divorce, Display Name: N/A, Display External Link: N/A | Name: Domestic violence, External Link: N/A, Description: N/A, Display Name: Domestic abuse, Display External Link: https://www.gov.uk/injunction-domestic-violence | Name: Single justice procedure, External Link: N/A, Description: N/A, Display Name: N/A, Display External Link: N/A","Town: Redhill, Postcode: RH1 6DH, Address: The Law Courts, Hatchlands Road, Type: Visit us, County: Surrey, N/A, Description: N/A, EPIM ID: N/A | Town: Guildford, Postcode: GU1 4AS, Address: Surrey Magistrates' Courts and Family Court Hearing Centre, Business Centre, PO Box 36, The Law Courts, Mary Road, Type: Write to us, County: Surrey, N/A, Description: N/A, EPIM ID: N/A"
"Reedley Family Hearing Centre",53.8180502101141,-2.23474013213008,0,130,0,"reedley-family-hearing-centre","Family Court",true,"702650 Blackburn 4 (correspondence) DX 741470 Burnley 7 (bundles for hearings only)","Name: Children, External Link: N/A, Description: N/A, Display Name: Childcare arrangements if you separate from your partner, Display External Link: https://www.gov.uk/looking-after-children-divorce","Town: Burnley, Postcode: BB10 2LJ, Address: The Court House, Colne Road (Junction with Swaledale Avenue), Reedley (Nr Brierfield), Type: Visit us, County: Lancashire, N/A, Description: N/A, EPIM ID: N/A | Town: Blackburn, Postcode: BB1 6DJ, Address: Blackburn Family Court, 64 Victoria Street, Type: Write to us, County: Lancashire, N/A, Description: N/A, EPIM ID: N/A"
"Reigate County Court and Family Court",51.238535547699,-0.182025471835831,307,307,0,"reigate-county-court-and-family-court","County Court | Family Court",false,"97860 Guildford 5","Name: Children, External Link: N/A, Description: N/A, Display Name: Childcare arrangements if you separate from your partner, Display External Link: https://www.gov.uk/looking-after-children-divorce | Name: Divorce, External Link: https://www.gov.uk/divorce, Description: Information about getting a divorce, Display Name: N/A, Display External Link: N/A | Name: Domestic violence, External Link: N/A, Description: N/A, Display Name: Domestic abuse, Display External Link: https://www.gov.uk/injunction-domestic-violence | Name: Housing possession, External Link: https://www.gov.uk/evicting-tenants, Description: Information about evicting tenants, Display Name: Housing, Display External Link: N/A | Name: Money claims, External Link: https://www.gov.uk/make-court-claim-for-money, Description: Information about making a court claim for money, Display Name: N/A, Display External Link: N/A","Town: Redhill, Postcode: RH1 6BL, Address: The Law Courts, Hatchlands Road, Type: Visit us, County: Surrey, N/A, Description: N/A, EPIM ID: N/A | Town: Guildford, Postcode: GU1 4PS, Address: Guildford County Court and Family Court Hearing Centre, The Law Courts , Mary Road, Type: Write to us, County: Surrey, N/A, Description: N/A, EPIM ID: N/A"
"Residential Property Eastern Region - First-tier Tribunal (Property Chamber)",52.203767818883804,0.13199485734132432,0,0,0,"residential-property-eastern-region---first-tier-tribunal-property-chamber",Tribunal,true,"97650 Cambridge 3 ","No areas of law available","Town: Cambridge, Postcode: CB1 1BA, Address: Cambridge County Court, 197 East Road, Type: Write to us, County: , N/A, Description: N/A, EPIM ID: N/A"
"Residential Property London Region - First Tier Tribunal (Property Chamber)",51.51996348562011,-0.1329892080878904,0,0,0,"residential-property-london-region-first-tier-tribunal-property-chamber",Tribunal,true,null,"No areas of law available","Town: London, Postcode: WC1E 7LR, Address: 10 Alfred Place, Type: Write to us, County: Greater London, N/A, Description: N/A, EPIM ID: N/A"
"Residential Property Midlands Region - First Tier Tribunal (Property Chamber)",52.47622407821297,-1.898515825999671,0,0,0,"residential-property-midlands-region---first-tier-tribunal-property-chamber",Tribunal,true,"360601 - Birmingham 5","No areas of law available","Town: Birmingham, Postcode: B5 4UU , Address: Centre City Tower, 13th Floor, 5-7 Hill Street, Type: Write to us, County: , N/A, Description: N/A, EPIM ID: N/A"
"Residential Property Northern Region - First Tier Tribunal (Property Chamber)",53.48048062143129,-2.239108916299376,0,0,0,"residential-property-northern-region---first-tier-tribunal-property-chamber",Tribunal,true,null,"No areas of law available","Town: Manchester, Postcode: M1 4AH , Address: 1st Floor , Piccadilly Exchange , 2 Piccadilly Plaza, Type: Write to us, County: , N/A, Description: N/A, EPIM ID: N/A"
"Residential Property Southern Region - First Tier Tribunal (Property Chamber)",50.85609960524373,-0.9828252598408124,0,0,0,"residential-property-southern-region---first-tier-tribunal-property-chamber",Tribunal,true,null,"No areas of law available","Town: Portsmouth, Postcode: PO9 2AL, Address: Havant Justice Centre, The Court House, Elmleigh Road, Havant, Type: Write to us, County: , N/A, Description: N/A, EPIM ID: N/A"
"Retford Magistrates' Court",0.0,0.0,0,0,0,"retford-magistrates-court",,false,null,"No areas of law available","No address available"
"Rhyl County Court and Family Court",53.3201991468578,-3.48850656980226,308,308,0,"rhyl-county-court-and-family-court",,false,null,"No areas of law available","Town: Rhyl, Postcode: LL18 3LA, Address: Rhyl County Court and Family Court Hearing Centre, The Courthouse, Clwyd Street, Type: Visit us, County: Denbighshire, N/A, Description: N/A, EPIM ID: N/A"
"Richmond-upon-Thames Magistrates' Court",51.46381504387923,-0.3034738317196088,2577,0,0,"richmond-upon-thames-magistrates-court",Tribunal,false,null,"Name: Immigration, External Link: https://www.gov.uk/tribunal/iac, Description: Information about the Immigration and Asylum Tribunal, Display Name: Immigration and asylum, Display External Link: https://www.gov.uk/immigration-asylum-tribunal","Town: Richmond, Postcode: TW9 2RF, Address: Richmond Magistrates Court, Parkshot, Type: Visit us, County: Surrey, N/A, Description: N/A, EPIM ID: N/A | Town: Richmond, Postcode: TW9 2RF, Address: Richmond Magistrates Court, Parkshot,  ,  , Type: Write to us, County: Surrey, N/A, Description: N/A, EPIM ID: N/A"
"Rochdale SSCS Tribunal",53.61659897543161,-2.158898265997331,0,0,0,rochdale-sscs-tribunal,,true,null,"No areas of law available","Town: Rochdale, Postcode: OL16 1AE, Address: The Old Post Office, The Esplanade, Type: Visit us, County: Greater Manchester, N/A, Description: N/A, EPIM ID: N/A"
"Rolls Building, Business and Property Courts of England & Wales",51.5157695807127,-0.110316308301577,0,0,0,"rolls-building-business-and-property-courts-of-england-wales",,true,"160040 Strand 4","Name: Bankruptcy, External Link: https://www.gov.uk/apply-for-bankruptcy, Description: Information about applying for bankruptcy, Display Name: N/A, Display External Link: https://www.gov.uk/bankruptcy | Name: Business and Property, External Link: https://www.judiciary.uk/you-and-the-judiciary/going-to-court/high-court/courts-of-the-chancery-division/the-business-and-property-courts-in-birmingham, Description: N/A, Display Name: N/A, Display External Link: N/A | Name: High Court District Registry, External Link: N/A, Description: N/A, Display Name: High Court cases – serious or high profile criminal or civil law cases, Display External Link: N/A","Town: London, Postcode: EC4A 1NL, Address: 7 Rolls Buildings, Fetter Lane, Type: Visit or contact us, County: Greater London, N/A, Description: N/A, EPIM ID: N/A"
"Romford County Court and Family Court",51.5826059453219,0.187594183732672,0,387,0,"romford-county-court-and-family-court","County Court | Family Court",true,"97530 Romford 2","Name: Adoption, External Link: https://www.gov.uk/child-adoption, Description: Information about adopting a child, Display Name: N/A, Display External Link: https://www.gov.uk/child-adoption/applying-for-an-adoption-court-order | Name: Bankruptcy, External Link: https://www.gov.uk/apply-for-bankruptcy, Description: Information about applying for bankruptcy, Display Name: N/A, Display External Link: https://www.gov.uk/bankruptcy | Name: Children, External Link: N/A, Description: N/A, Display Name: Childcare arrangements if you separate from your partner, Display External Link: https://www.gov.uk/looking-after-children-divorce | Name: Divorce, External Link: https://www.gov.uk/divorce, Description: Information about getting a divorce, Display Name: N/A, Display External Link: N/A | Name: Domestic violence, External Link: N/A, Description: N/A, Display Name: Domestic abuse, Display External Link: https://www.gov.uk/injunction-domestic-violence | Name: High Court District Registry, External Link: N/A, Description: N/A, Display Name: High Court cases – serious or high profile criminal or civil law cases, Display External Link: N/A | Name: Housing possession, External Link: https://www.gov.uk/evicting-tenants, Description: Information about evicting tenants, Display Name: Housing, Display External Link: N/A | Name: Money claims, External Link: https://www.gov.uk/make-court-claim-for-money, Description: Information about making a court claim for money, Display Name: N/A, Display External Link: N/A","Town: Romford, Postcode: RM1 4DP, Address: 2a Oaklands Avenue, Type: Visit or contact us, County: Essex, N/A, Description: N/A, EPIM ID: N/A"
"Romford Magistrates' Court (formerly Havering Magistrates' Court)",51.582147,0.186143,0,0,2573,"romford-magistrates-court-formerly-havering-magistrates-court","Magistrates' Court",true,"157540 Bow 3","Name: Crime, External Link: N/A, Description: N/A, Display Name: N/A, Display External Link: N/A | Name: Single justice procedure, External Link: N/A, Description: N/A, Display Name: N/A, Display External Link: N/A","Town: Romford, Postcode: RM1 3BH, Address: Main Road, Type: Visit us, County: Essex, N/A, Description: N/A, EPIM ID: N/A | Town: London, Postcode: E3 4DJ, Address: Central Administration Centre, Thames Magistrates' Court, 58 Bow Road, Type: Write to us, County: Essex, N/A, Description: N/A, EPIM ID: N/A"
"Romford Social Security and Child Support",51.58175983044482,0.18570598378969824,0,0,0,"romford-social-security-and-child-support",,true,null,"Name: Benefits, External Link: https://www.gov.uk/appeal-benefit-decision, Description: N/A, Display Name: N/A, Display External Link: N/A","Town: Romford, Postcode: RM1 3BH, Address: Main Road, Type: Visit us, County: Greater London, N/A, Description: N/A, EPIM ID:  | Town: Sutton, Postcode: SM1 1DA, Address: Copthall House, 9 The Pavement, Grove Road, Type: Write to us, County: Surrey, N/A, Description: N/A, EPIM ID: N/A"
"Rotherham County Court and Family Court",53.4303397293379,-1.36094487658904,0,0,0,"rotherham-county-court-and-family-court",,false,null,"No areas of law available","No address available"
"Rotherham Magistrates' Court and Family Court",53.43034093233501,-1.36094468445074,0,0,0,"rotherham-magistrates-court-and-family-court",,false,null,"No areas of law available","No address available"
"Royal Courts of Justice",51.5136453784373,-0.113546081010873,0,0,0,royal-courts-of-justice,,true,"44450 Strand","Name: Bankruptcy, External Link: https://www.gov.uk/apply-for-bankruptcy, Description: Information about applying for bankruptcy, Display Name: N/A, Display External Link: https://www.gov.uk/bankruptcy | Name: Civil, External Link: N/A, Description: N/A, Display Name: Making an application to settle finances following a divorce or ending a civil partnership, Display External Link: N/A | Name: Court Of Appeal, External Link: N/A, Description: N/A, Display Name: N/A, Display External Link: N/A | Name: High Court, External Link: N/A, Description: N/A, Display Name: N/A, Display External Link: N/A","Town: London, Postcode: WC2A 2LL, Address: Strand, Type: Visit or contact us, County: Greater London, N/A, Description: N/A, EPIM ID: N/A"
"Rugby County Court",0.0,0.0,0,0,0,rugby-county-court,,false,null,"No areas of law available","No address available"
"Rugby Magistrates' Court",0.0,0.0,0,0,0,rugby-magistrates-court,,false,null,"No areas of law available","No address available"
"Runcorn County Court",0.0,0.0,0,0,0,runcorn-county-court,,false,null,"No areas of law available","No address available"
"Runcorn (Halton) Magistrates' Court",53.32903870553805,-2.696186141861737,1722,0,0,"runcorn-halton-magistrates-court",,false,null,"No areas of law available","No address available"
"Rutland Magistrates' Court",0.0,0.0,0,0,0,"rutland-magistrates-court",,false,null,"No areas of law available","No address available"
"Salford County Court",0.0,0.0,0,0,0,salford-county-court,,false,null,"No areas of law available","No address available"
"Salford Magistrates' Court",0.0,0.0,0,0,0,"salford-magistrates-court",,false,null,"No areas of law available","No address available"
"Salisbury Law Courts",51.0733767631129,-1.81038576058827,480,317,3014,salisbury-law-courts,"County Court | Crown Court | Family Court | Magistrates' Court",true,"98500 Salisbury 2","Name: Bankruptcy, External Link: https://www.gov.uk/apply-for-bankruptcy, Description: Information about applying for bankruptcy, Display Name: N/A, Display External Link: https://www.gov.uk/bankruptcy | Name: Crime, External Link: N/A, Description: N/A, Display Name: N/A, Display External Link: N/A | Name: Divorce, External Link: https://www.gov.uk/divorce, Description: Information about getting a divorce, Display Name: N/A, Display External Link: N/A | Name: Domestic violence, External Link: N/A, Description: N/A, Display Name: Domestic abuse, Display External Link: https://www.gov.uk/injunction-domestic-violence | Name: High Court District Registry, External Link: N/A, Description: N/A, Display Name: High Court cases – serious or high profile criminal or civil law cases, Display External Link: N/A | Name: Housing possession, External Link: https://www.gov.uk/evicting-tenants, Description: Information about evicting tenants, Display Name: Housing, Display External Link: N/A | Name: Money claims, External Link: https://www.gov.uk/make-court-claim-for-money, Description: Information about making a court claim for money, Display Name: N/A, Display External Link: N/A | Name: Single justice procedure, External Link: N/A, Description: N/A, Display Name: N/A, Display External Link: N/A | Name: Social security, External Link: https://www.gov.uk/tribunal/sscs, Description: Information about the Social Security and Child Support Tribunal, Display Name: Benefits, Display External Link: https://www.gov.uk/appeal-benefit-decision","Town: Salisbury, Postcode: SP2 7EP, Address: Salisbury Law Courts, Wilton Road, Type: Visit or contact us, County: Essex, N/A, Description: N/A, EPIM ID: N/A"
"Sandwell Magistrates' Court",52.5022207733855,-2.0113585224652,2923,0,0,"sandwell-magistrates-court","Magistrates' Court",false,"741360 Oldbury 5","Name: Crime, External Link: N/A, Description: N/A, Display Name: N/A, Display External Link: N/A | Name: Single justice procedure, External Link: N/A, Description: N/A, Display Name: N/A, Display External Link: N/A","Town: Oldbury, Postcode: B69 4JN, Address: The Court House, Oldbury Ringway, Type: Visit us, County: West Midlands, N/A, Description: N/A, EPIM ID: N/A"
"Scarborough Justice Centre",54.2815198691116,-0.40803256980978,0,318,2536,"scarborough-justice-centre","County Court | Family Court | Magistrates' Court",true,"65140 Scarborough 2","Name: Bankruptcy, External Link: https://www.gov.uk/apply-for-bankruptcy, Description: Information about applying for bankruptcy, Display Name: N/A, Display External Link: https://www.gov.uk/bankruptcy | Name: Children, External Link: N/A, Description: N/A, Display Name: Childcare arrangements if you separate from your partner, Display External Link: https://www.gov.uk/looking-after-children-divorce | Name: Crime, External Link: N/A, Description: N/A, Display Name: N/A, Display External Link: N/A | Name: Divorce, External Link: https://www.gov.uk/divorce, Description: Information about getting a divorce, Display Name: N/A, Display External Link: N/A | Name: Domestic violence, External Link: N/A, Description: N/A, Display Name: Domestic abuse, Display External Link: https://www.gov.uk/injunction-domestic-violence | Name: High Court District Registry, External Link: N/A, Description: N/A, Display Name: High Court cases – serious or high profile criminal or civil law cases, Display External Link: N/A | Name: Housing possession, External Link: https://www.gov.uk/evicting-tenants, Description: Information about evicting tenants, Display Name: Housing, Display External Link: N/A | Name: Money claims, External Link: https://www.gov.uk/make-court-claim-for-money, Description: Information about making a court claim for money, Display Name: N/A, Display External Link: N/A | Name: Single justice procedure, External Link: N/A, Description: N/A, Display Name: N/A, Display External Link: N/A | Name: Social security, External Link: https://www.gov.uk/tribunal/sscs, Description: Information about the Social Security and Child Support Tribunal, Display Name: Benefits, Display External Link: https://www.gov.uk/appeal-benefit-decision","Town: Scarborough, Postcode: YO12 7AE, Address: The Law Courts, Northway, Type: Visit or contact us, County: Worcestershire, N/A, Description: N/A, EPIM ID: N/A"
"Scunthorpe County Court and Family Court",53.5877,-0.647778,0,0,0,"scunthorpe-county-court-and-family-court",,false,null,"Name: Bankruptcy, External Link: https://www.gov.uk/apply-for-bankruptcy, Description: Information about applying for bankruptcy, Display Name: N/A, Display External Link: https://www.gov.uk/bankruptcy","No address available"
"Scunthorpe Magistrates' Court and Family Court",53.67071,-0.638,0,0,0,"scunthorpe-magistrates-court-and-family-court",,false,null,"No areas of law available","No address available"
"Sefton Magistrates' Court",53.4489214423931,-2.98910161865165,0,0,1810,sefton-magistrates-court,"Magistrates' Court",true,null,"Name: Crime, External Link: N/A, Description: N/A, Display Name: N/A, Display External Link: N/A | Name: Single justice procedure, External Link: N/A, Description: N/A, Display Name: N/A, Display External Link: N/A","Town: Bootle, Postcode: L20 3XX, Address: 29 Merton Road, Type: Visit or contact us, County: Merseyside, N/A, Description: N/A, EPIM ID: N/A"
"Selby Magistrates' Court",0.0,0.0,0,0,0,selby-magistrates-court,,false,null,"No areas of law available","No address available"
"Senior Courts Costs Office",51.5141437926848,-0.113741161911646,0,0,0,"senior-courts-costs-office",,true,"44454 Strand","No areas of law available","Town: London, Postcode: WC2A 2LL, Address: Royal Courts of Justice, Strand, Type: Visit or contact us, County: Greater London, N/A, Description: N/A, EPIM ID: N/A"
"Sevenoaks Magistrates' Court and Family Court",51.28008414214716,0.1772759432021517,0,0,1960,"sevenoaks-magistrates-court-and-family-court","Family Court | Magistrates' Court",true,null,"Name: Adoption, External Link: https://www.gov.uk/child-adoption, Description: Information about adopting a child, Display Name: N/A, Display External Link: https://www.gov.uk/child-adoption/applying-for-an-adoption-court-order | Name: Children, External Link: N/A, Description: N/A, Display Name: Childcare arrangements if you separate from your partner, Display External Link: https://www.gov.uk/looking-after-children-divorce | Name: Crime, External Link: N/A, Description: N/A, Display Name: N/A, Display External Link: N/A | Name: Divorce, External Link: https://www.gov.uk/divorce, Description: Information about getting a divorce, Display Name: N/A, Display External Link: N/A | Name: Domestic violence, External Link: N/A, Description: N/A, Display Name: Domestic abuse, Display External Link: https://www.gov.uk/injunction-domestic-violence | Name: Single justice procedure, External Link: N/A, Description: N/A, Display Name: N/A, Display External Link: N/A","Town: Sevenoaks, Postcode: TN13 2HU, Address: The Courthouse, Morewood Close, London Road, Type: Visit us, County: Greater London, N/A, Description: N/A, EPIM ID: N/A | Town: Chatham, Postcode: ME4 4JZ, Address: Medway Magistrates' Court and Family Court Hearing Centre, The Courthouse, The Brook, Type: Write to us, County: Greater London, Courts: Magistrates' Court, Description: N/A, EPIM ID: N/A | Town: Chatham, Postcode: ME4 4AR, Address: HMCTS Main Entrance, Gun Wharf, Type: Write to us, County: Kent, Courts: Family Court, Description: N/A, EPIM ID: N/A"
"Sheffield Combined Court Centre",53.3855557386011,-1.46873900633777,451,320,0,"sheffield-combined-court-centre","County Court | Crown Court | Family Court",true,"703028 Sheffield 6","Name: Adoption, External Link: https://www.gov.uk/child-adoption, Description: Information about adopting a child, Display Name: N/A, Display External Link: https://www.gov.uk/child-adoption/applying-for-an-adoption-court-order | Name: Bankruptcy, External Link: https://www.gov.uk/apply-for-bankruptcy, Description: Information about applying for bankruptcy, Display Name: N/A, Display External Link: https://www.gov.uk/bankruptcy | Name: Children, External Link: N/A, Description: N/A, Display Name: Childcare arrangements if you separate from your partner, Display External Link: https://www.gov.uk/looking-after-children-divorce | Name: Crime, External Link: N/A, Description: N/A, Display Name: N/A, Display External Link: N/A | Name: Divorce, External Link: https://www.gov.uk/divorce, Description: Information about getting a divorce, Display Name: N/A, Display External Link: N/A | Name: Domestic violence, External Link: N/A, Description: N/A, Display Name: Domestic abuse, Display External Link: https://www.gov.uk/injunction-domestic-violence | Name: Employment, External Link: https://www.gov.uk/courts-tribunals/employment-tribunal, Description: Information about the Employment Tribunal, Display Name: Claims against employers, Display External Link: https://www.gov.uk/employment-tribunals | Name: FGM, External Link: https://www.gov.uk/government/collections/female-genital-mutilation, Description: N/A, Display Name: Female Genital Mutilation, Display External Link: N/A | Name: Financial Remedy, External Link: https://www.gov.uk/money-property-when-relationship-ends, Description: N/A, Display Name: If you are making an application to settle your finances following a divorce (Financial Remedy), please refer to the guidance found here, Display External Link: N/A | Name: Forced marriage, External Link: https://www.gov.uk/apply-forced-marriage-protection-order, Description: Information about forced marriage protection orders, Display Name: N/A, Display External Link: N/A | Name: High Court District Registry, External Link: N/A, Description: N/A, Display Name: High Court cases – serious or high profile criminal or civil law cases, Display External Link: N/A | Name: Housing possession, External Link: https://www.gov.uk/evicting-tenants, Description: Information about evicting tenants, Display Name: Housing, Display External Link: N/A | Name: Money claims, External Link: https://www.gov.uk/make-court-claim-for-money, Description: Information about making a court claim for money, Display Name: N/A, Display External Link: N/A | Name: Single justice procedure, External Link: N/A, Description: N/A, Display Name: N/A, Display External Link: N/A | Name: Social security, External Link: https://www.gov.uk/tribunal/sscs, Description: Information about the Social Security and Child Support Tribunal, Display Name: Benefits, Display External Link: https://www.gov.uk/appeal-benefit-decision","Town: Sheffield, Postcode: S3 8PH, Address: The Law Courts, 50 West Bar, Type: Visit or contact us, County: West Yorkshire, N/A, Description: N/A, EPIM ID: N/A"
"Sheffield Designated Family Court",53.3855557386011,-1.46873900633777,0,320,0,"sheffield-designated-family-court","Family Court",true,"703028 Sheffield 6","Name: Adoption, External Link: https://www.gov.uk/child-adoption, Description: Information about adopting a child, Display Name: N/A, Display External Link: https://www.gov.uk/child-adoption/applying-for-an-adoption-court-order | Name: Children, External Link: N/A, Description: N/A, Display Name: Childcare arrangements if you separate from your partner, Display External Link: https://www.gov.uk/looking-after-children-divorce | Name: Divorce, External Link: https://www.gov.uk/divorce, Description: Information about getting a divorce, Display Name: N/A, Display External Link: N/A | Name: Domestic violence, External Link: N/A, Description: N/A, Display Name: Domestic abuse, Display External Link: https://www.gov.uk/injunction-domestic-violence | Name: FGM, External Link: https://www.gov.uk/government/collections/female-genital-mutilation, Description: N/A, Display Name: Female Genital Mutilation, Display External Link: N/A | Name: Forced marriage, External Link: https://www.gov.uk/apply-forced-marriage-protection-order, Description: Information about forced marriage protection orders, Display Name: N/A, Display External Link: N/A","Town: Sheffield, Postcode: S3 8PH, Address: 48 West Bar, Type: Visit or contact us, County: West Yorkshire, N/A, Description: N/A, EPIM ID: N/A"
"Sheffield Magistrates' Court",53.3851886262905,-1.46502999882914,0,0,2773,"sheffield-magistrates-court","Magistrates' Court",true,"10599 Sheffield 1","Name: Crime, External Link: N/A, Description: N/A, Display Name: N/A, Display External Link: N/A | Name: Single justice procedure, External Link: N/A, Description: N/A, Display Name: N/A, Display External Link: N/A | Name: Social security, External Link: https://www.gov.uk/tribunal/sscs, Description: Information about the Social Security and Child Support Tribunal, Display Name: Benefits, Display External Link: https://www.gov.uk/appeal-benefit-decision","Town: Sheffield, Postcode: S3 8LU, Address: Castle Street, Type: Visit or contact us, County: West Yorkshire, N/A, Description: N/A, EPIM ID: N/A"
"Sheffield Probate Sub-Registry",53.3855557386011,-1.46873900633777,0,0,0,"sheffield-probate-sub-registry",,false,"26451 Leeds Park Square","Name: Probate, External Link: https://www.gov.uk/wills-probate-inheritance, Description: Information about wills and probate, Display Name: N/A, Display External Link: https://www.gov.uk/applying-for-probate","Town: Sheffield, Postcode: S3 8PH, Address: The Law Courts, 50 West Bar, Type: Visit us, County: West Yorkshire, N/A, Description: N/A, EPIM ID: N/A | Town: Leeds, Postcode: LS1 2BA, Address: Leeds District Probate Registry, York House, 31 York Place, Type: Write to us, County: West Yorkshire, N/A, Description: N/A, EPIM ID: N/A"
"Shrewsbury County Court",0.0,0.0,0,0,0,shrewsbury-county-court,,false,null,"No areas of law available","No address available"
"Shrewsbury Crown Court",52.7049493812992,-2.72980948630309,452,0,0,shrewsbury-crown-court,"Crown Court",true,null,"Name: Crime, External Link: N/A, Description: N/A, Display Name: N/A, Display External Link: N/A | Name: Single justice procedure, External Link: N/A, Description: N/A, Display Name: N/A, Display External Link: N/A | Name: Social security, External Link: https://www.gov.uk/tribunal/sscs, Description: Information about the Social Security and Child Support Tribunal, Display Name: Benefits, Display External Link: https://www.gov.uk/appeal-benefit-decision","Town: Shrewsbury, Postcode: SY2 5NX, Address: Shrewsbury Justice Centre, Preston Street, Type: Visit or contact us, County: West Yorkshire, N/A, Description: N/A, EPIM ID: N/A"
"Shrewsbury Magistrates' Court",52.7049493812992,-2.72980948630309,3279,0,0,"shrewsbury-magistrates-court","Magistrates' Court",false,null,"Name: Crime, External Link: N/A, Description: N/A, Display Name: N/A, Display External Link: N/A | Name: Employment, External Link: https://www.gov.uk/courts-tribunals/employment-tribunal, Description: Information about the Employment Tribunal, Display Name: Claims against employers, Display External Link: https://www.gov.uk/employment-tribunals | Name: Single justice procedure, External Link: N/A, Description: N/A, Display Name: N/A, Display External Link: N/A | Name: Social security, External Link: https://www.gov.uk/tribunal/sscs, Description: Information about the Social Security and Child Support Tribunal, Display Name: Benefits, Display External Link: https://www.gov.uk/appeal-benefit-decision","Town: Shrewsbury, Postcode: SY2 5NX, Address: The Court House, Preston Street, Type: Visit us, County: Shropshire, N/A, Description: N/A, EPIM ID: N/A | Town: Telford, Postcode: TF3 4HX, Address: Telford Magistrates' Court,  Telford Square,  Malinsgate, Type: Write to us, County: Shropshire, N/A, Description: N/A, EPIM ID: N/A"
"Single Justice Procedures Service Centre",0.0,0.0,0,0,0,"single-justice-procedures-service-centre",,true,null,"Name: Crime, External Link: N/A, Description: N/A, Display Name: N/A, Display External Link: N/A | Name: Single justice procedure, External Link: N/A, Description: N/A, Display Name: N/A, Display External Link: N/A","No address available"
"Sittingbourne Magistrates' Court",0.0,0.0,0,0,0,"sittingbourne-magistrates-court",,false,null,"No areas of law available","No address available"
"Skegness County Court",0.0,0.0,0,0,0,skegness-county-court,,false,null,"No areas of law available","No address available"
"Skegness Magistrates' Court",0.0,0.0,2051,0,0,"skegness-magistrates-court","Magistrates' Court",false,"DX703232 Lincoln 6","Name: Crime, External Link: N/A, Description: N/A, Display Name: N/A, Display External Link: N/A | Name: Single justice procedure, External Link: N/A, Description: N/A, Display Name: N/A, Display External Link: N/A","Town: Lincoln, Postcode: LN5 7QA, Address: The Court House, 358 High Street, Lincoln, Type: Write to us, County: Lincolnshire, N/A, Description: N/A, EPIM ID: N/A"
"Skipton County Court and Family Court",53.9613117516489,-2.01320839810917,0,325,0,"skipton-county-court-and-family-court","County Court | Family Court",true,"703031 Skipton 2","Name: Children, External Link: N/A, Description: N/A, Display Name: Childcare arrangements if you separate from your partner, Display External Link: https://www.gov.uk/looking-after-children-divorce | Name: Divorce, External Link: https://www.gov.uk/divorce, Description: Information about getting a divorce, Display Name: N/A, Display External Link: N/A | Name: Domestic violence, External Link: N/A, Description: N/A, Display Name: Domestic abuse, Display External Link: https://www.gov.uk/injunction-domestic-violence | Name: High Court District Registry, External Link: N/A, Description: N/A, Display Name: High Court cases – serious or high profile criminal or civil law cases, Display External Link: N/A | Name: Housing possession, External Link: https://www.gov.uk/evicting-tenants, Description: Information about evicting tenants, Display Name: Housing, Display External Link: N/A | Name: Money claims, External Link: https://www.gov.uk/make-court-claim-for-money, Description: Information about making a court claim for money, Display Name: N/A, Display External Link: N/A","Town: Skipton, Postcode: BD23 1RH, Address: The Court House, Otley Street, Type: Visit or contact us, County: Lincolnshire, N/A, Description: N/A, EPIM ID: N/A"
"Skipton Magistrates' Court",53.96124882800868,-2.013254052904659,0,0,2358,"skipton-magistrates-court","Magistrates' Court",true,"742910 Harrogate 3","Name: Crime, External Link: N/A, Description: N/A, Display Name: N/A, Display External Link: N/A | Name: Single justice procedure, External Link: N/A, Description: N/A, Display Name: N/A, Display External Link: N/A","Town: Skipton, Postcode: BD23 1RH, Address: The Court House, Otley Street, Type: Visit us, County: West Yorkshire, N/A, Description: N/A, EPIM ID:  | Town: York, Postcode: YO1 9RE, Address: York Magistrates Court , The Law Courts , Clifford Street, Type: Write to us, County: North Yorkshire, N/A, Description: N/A, EPIM ID: N/A"
"Slough County Court and Family Court",51.507407717797,-0.598103715646149,0,327,0,"slough-county-court-and-family-court","County Court | Family Court",true,"98010 Reading 6","Name: Bankruptcy, External Link: https://www.gov.uk/apply-for-bankruptcy, Description: Information about applying for bankruptcy, Display Name: N/A, Display External Link: https://www.gov.uk/bankruptcy | Name: Children, External Link: N/A, Description: N/A, Display Name: Childcare arrangements if you separate from your partner, Display External Link: https://www.gov.uk/looking-after-children-divorce | Name: Divorce, External Link: https://www.gov.uk/divorce, Description: Information about getting a divorce, Display Name: N/A, Display External Link: N/A | Name: Domestic violence, External Link: N/A, Description: N/A, Display Name: Domestic abuse, Display External Link: https://www.gov.uk/injunction-domestic-violence | Name: Housing possession, External Link: https://www.gov.uk/evicting-tenants, Description: Information about evicting tenants, Display Name: Housing, Display External Link: N/A | Name: Money claims, External Link: https://www.gov.uk/make-court-claim-for-money, Description: Information about making a court claim for money, Display Name: N/A, Display External Link: N/A","Town: Slough, Postcode: SL1 2HE, Address: The Law Courts, Windsor Road, Type: Visit us, County: Berkshire, N/A, Description: N/A, EPIM ID: N/A | Town: Reading, Postcode: RG1 1HE, Address: Administration Centre, Reading County Court, 160-163 Friar Street, Type: Write to us, County: Berkshire, N/A, Description: N/A, EPIM ID: N/A"
"Small Claims Mediation Service (SCMS)",0.0,0.0,0,0,0,"small-claims-mediation-service-scms",,true,null,"Name: Money claims, External Link: https://www.gov.uk/make-court-claim-for-money, Description: Information about making a court claim for money, Display Name: N/A, Display External Link: N/A","Town: Northampton, Postcode: NN1 2LH, Address: SCMS, County Court Business Centre, 21-27 St. Katharine's Street, Type: Write to us, County: Northamptonshire, N/A, Description: N/A, EPIM ID: N/A"
"Snaresbrook Crown Court",51.5810172120785,0.0172837160586598,453,0,0,snaresbrook-crown-court,"Crown Court",true,"98240 Wanstead 2","Name: Crime, External Link: N/A, Description: N/A, Display Name: N/A, Display External Link: N/A | Name: Single justice procedure, External Link: N/A, Description: N/A, Display Name: N/A, Display External Link: N/A","Town: Snaresbrook, Postcode: E11 1QW, Address: 75 Hollybush Hill, Type: Visit or contact us, County: Greater London, N/A, Description: N/A, EPIM ID: N/A"
"Solihull Magistrates' Court",0.0,0.0,2916,0,0,"solihull-magistrates-court","Magistrates' Court",false,"715205 Birmingham 39","Name: Crime, External Link: N/A, Description: N/A, Display Name: N/A, Display External Link: N/A | Name: Single justice procedure, External Link: N/A, Description: N/A, Display Name: N/A, Display External Link: N/A","Town: Birmingham, Postcode: B4 6QA, Address: Victoria Law Courts, Corporation Street, Type: Write to us, County: West Midlands, N/A, Description: N/A, EPIM ID: N/A"
"Southampton Combined Court Centre",50.913705657263,-1.40297689389965,454,328,0,"southampton-combined-court-centre","County Court | Crown Court | Family Court",true,"111000 Southampton 11","Name: Bankruptcy, External Link: https://www.gov.uk/apply-for-bankruptcy, Description: Information about applying for bankruptcy, Display Name: N/A, Display External Link: https://www.gov.uk/bankruptcy | Name: Business and Property, External Link: https://www.judiciary.uk/you-and-the-judiciary/going-to-court/high-court/courts-of-the-chancery-division/the-business-and-property-courts-in-birmingham, Description: N/A, Display Name: N/A, Display External Link: N/A | Name: Children, External Link: N/A, Description: N/A, Display Name: Childcare arrangements if you separate from your partner, Display External Link: https://www.gov.uk/looking-after-children-divorce | Name: Civil, External Link: N/A, Description: N/A, Display Name: Making an application to settle finances following a divorce or ending a civil partnership, Display External Link: N/A | Name: Crime, External Link: N/A, Description: N/A, Display Name: N/A, Display External Link: N/A | Name: Divorce, External Link: https://www.gov.uk/divorce, Description: Information about getting a divorce, Display Name: N/A, Display External Link: N/A | Name: Domestic violence, External Link: N/A, Description: N/A, Display Name: Domestic abuse, Display External Link: https://www.gov.uk/injunction-domestic-violence | Name: Employment, External Link: https://www.gov.uk/courts-tribunals/employment-tribunal, Description: Information about the Employment Tribunal, Display Name: Claims against employers, Display External Link: https://www.gov.uk/employment-tribunals | Name: Financial Remedy, External Link: https://www.gov.uk/money-property-when-relationship-ends, Description: N/A, Display Name: If you are making an application to settle your finances following a divorce (Financial Remedy), please refer to the guidance found here, Display External Link: N/A | Name: High Court District Registry, External Link: N/A, Description: N/A, Display Name: High Court cases – serious or high profile criminal or civil law cases, Display External Link: N/A | Name: Housing possession, External Link: https://www.gov.uk/evicting-tenants, Description: Information about evicting tenants, Display Name: Housing, Display External Link: N/A | Name: Money claims, External Link: https://www.gov.uk/make-court-claim-for-money, Description: Information about making a court claim for money, Display Name: N/A, Display External Link: N/A | Name: Single justice procedure, External Link: N/A, Description: N/A, Display Name: N/A, Display External Link: N/A | Name: Social security, External Link: https://www.gov.uk/tribunal/sscs, Description: Information about the Social Security and Child Support Tribunal, Display Name: Benefits, Display External Link: https://www.gov.uk/appeal-benefit-decision","Town: Southampton, Postcode: SO15 2XQ, Address: The Courts of Justice, London Road, Type: Visit or contact us, County: Hampshire, N/A, Description: N/A, EPIM ID: N/A"
"Southampton (West Hampshire) Magistrates' Court",50.9143347981915,-1.40291194900405,0,0,1304,"southampton-west-hampshire-magistrates-court","Family Court | Magistrates' Court",true,"111001 Southampton 11","Name: Crime, External Link: N/A, Description: N/A, Display Name: N/A, Display External Link: N/A | Name: Employment, External Link: https://www.gov.uk/courts-tribunals/employment-tribunal, Description: Information about the Employment Tribunal, Display Name: Claims against employers, Display External Link: https://www.gov.uk/employment-tribunals | Name: Single justice procedure, External Link: N/A, Description: N/A, Display Name: N/A, Display External Link: N/A | Name: Social security, External Link: https://www.gov.uk/tribunal/sscs, Description: Information about the Social Security and Child Support Tribunal, Display Name: Benefits, Display External Link: https://www.gov.uk/appeal-benefit-decision","Town: Southampton, Postcode: SO17 1EY, Address: Southampton Courthouse, 100 The Avenue, Type: Visit or contact us, County: Hampshire, N/A, Description: N/A, EPIM ID: N/A"
"South East Regional Confiscation Unit",0.0,0.0,0,0,0,"south-east-regional-confiscation-unit",,true,null,"No areas of law available","Town: Kent, Postcode: CT20 2DH, Address: HMCTS , The Magistrates Court, Castle Hill Avenue, Folkestone, Type: Write to us, County: , N/A, Description: N/A, EPIM ID: N/A"
"South East Region Reciprocal Enforcement Unit",52.2425763305409,0.71947995791558,0,0,0,"south-east-region-reciprocal-enforcement-unit",,false,"741460 Bury St Edmunds 7","No areas of law available","Town: Bury St Edmunds, Postcode: IP33 1HF, Address: Bury St Edmunds Magistrates' Court, Shire Hall, Type: Visit us, County: Suffolk, N/A, Description: N/A, EPIM ID: N/A"
"Southend County Court and Family Court",51.54372841446951,0.7097287455510651,0,329,0,"southend-county-court-and-family-court","County Court | Family Court",true,"97780 Southend 2","Name: Adoption, External Link: https://www.gov.uk/child-adoption, Description: Information about adopting a child, Display Name: N/A, Display External Link: https://www.gov.uk/child-adoption/applying-for-an-adoption-court-order | Name: Bankruptcy, External Link: https://www.gov.uk/apply-for-bankruptcy, Description: Information about applying for bankruptcy, Display Name: N/A, Display External Link: https://www.gov.uk/bankruptcy | Name: Children, External Link: N/A, Description: N/A, Display Name: Childcare arrangements if you separate from your partner, Display External Link: https://www.gov.uk/looking-after-children-divorce | Name: Divorce, External Link: https://www.gov.uk/divorce, Description: Information about getting a divorce, Display Name: N/A, Display External Link: N/A | Name: Domestic violence, External Link: N/A, Description: N/A, Display Name: Domestic abuse, Display External Link: https://www.gov.uk/injunction-domestic-violence | Name: High Court District Registry, External Link: N/A, Description: N/A, Display Name: High Court cases – serious or high profile criminal or civil law cases, Display External Link: N/A | Name: Housing possession, External Link: https://www.gov.uk/evicting-tenants, Description: Information about evicting tenants, Display Name: Housing, Display External Link: N/A | Name: Money claims, External Link: https://www.gov.uk/make-court-claim-for-money, Description: Information about making a court claim for money, Display Name: N/A, Display External Link: N/A | Name: Social security, External Link: https://www.gov.uk/tribunal/sscs, Description: Information about the Social Security and Child Support Tribunal, Display Name: Benefits, Display External Link: https://www.gov.uk/appeal-benefit-decision","Town: Southend-on-Sea, Postcode: SS2 6EU, Address: The Court House, 80 Victoria Avenue, Type: Visit or contact us, County: Essex, N/A, Description: N/A, EPIM ID: N/A | Town: Harlow, Postcode: CM20 9QF, Address: HMCTS Benefit Appeals, PO Box 12626, Type: Write to us, County: Essex, Areas of Law: Social security, Description: N/A, EPIM ID: N/A"
"Southend Crown Court",51.5437284218003,0.709728704045279,772,0,0,southend-crown-court,"Crown Court",true,null,"Name: Crime, External Link: N/A, Description: N/A, Display Name: N/A, Display External Link: N/A | Name: Single justice procedure, External Link: N/A, Description: N/A, Display Name: N/A, Display External Link: N/A","Town: Southend-on-Sea, Postcode: SS2 6EG, Address: The Court House, Victoria Avenue, Type: Visit us, County: Essex, N/A, Description: N/A, EPIM ID: N/A | Town: Basildon, Postcode: SS14 2EW, Address: Basildon Crown Court, The Gore, Type: Write to us, County: Essex, N/A, Description: N/A, EPIM ID: N/A"
"Southend Magistrates' Court",51.5437284218003,0.709728704045279,0,0,1624,"southend-magistrates-court","Magistrates' Court",true,"151020 Chelmsford 17","Name: Children, External Link: N/A, Description: N/A, Display Name: Childcare arrangements if you separate from your partner, Display External Link: https://www.gov.uk/looking-after-children-divorce | Name: Crime, External Link: N/A, Description: N/A, Display Name: N/A, Display External Link: N/A | Name: Domestic violence, External Link: N/A, Description: N/A, Display Name: Domestic abuse, Display External Link: https://www.gov.uk/injunction-domestic-violence | Name: Single justice procedure, External Link: N/A, Description: N/A, Display Name: N/A, Display External Link: N/A","Town: Southend-on-Sea, Postcode: SS2 6EU, Address: The Court House, 80 Victoria Avenue, Type: Visit us, County: Essex, N/A, Description: N/A, EPIM ID: N/A | Town: Chelmsford, Postcode: CM1 9PZ, Address: Southend Magistrates' Court and Family Court Hearing Centre, Court Administration Centre, P.O. Box 10754, Type: Write to us, County: Essex, N/A, Description: N/A, EPIM ID: N/A"
"Southport County Court",0.0,0.0,0,0,0,southport-county-court,,false,null,"No areas of law available","No address available"
"Southport Magistrates' Court",53.65241256333132,-2.997385233796136,2269,0,0,"southport-magistrates-court","Magistrates' Court",false,708200/1/2,"Name: Crime, External Link: N/A, Description: N/A, Display Name: N/A, Display External Link: N/A | Name: Single justice procedure, External Link: N/A, Description: N/A, Display Name: N/A, Display External Link: N/A","Town: Southport, Postcode: PR9 0LJ, Address: Law Courts, Albert Road, Type: Visit us, County: Lancashire, N/A, Description: N/A, EPIM ID: N/A"
"South Regional Fixed Penalty Office",51.54372842180033,0.7097287040452791,0,0,0,"south-regional-fixed-penalty-office",,true,null,"No areas of law available","Town: Southend-on-Sea, Postcode: SS2 6EU, Address: Southend Magistrates' Court, 80 Victoria Avenue, Type: Write to us, County: Essex, N/A, Description: N/A, EPIM ID: N/A"
"South Tyneside County Court and Family Court",54.9931217577632,-1.43888146969133,0,331,0,"south-tyneside-county-court-and-family-court","County Court | Family Court",true,"65143 South Shields 3","Name: Children, External Link: N/A, Description: N/A, Display Name: Childcare arrangements if you separate from your partner, Display External Link: https://www.gov.uk/looking-after-children-divorce | Name: Divorce, External Link: https://www.gov.uk/divorce, Description: Information about getting a divorce, Display Name: N/A, Display External Link: N/A | Name: Domestic violence, External Link: N/A, Description: N/A, Display Name: Domestic abuse, Display External Link: https://www.gov.uk/injunction-domestic-violence | Name: High Court District Registry, External Link: N/A, Description: N/A, Display Name: High Court cases – serious or high profile criminal or civil law cases, Display External Link: N/A | Name: Housing possession, External Link: https://www.gov.uk/evicting-tenants, Description: Information about evicting tenants, Display Name: Housing, Display External Link: N/A | Name: Money claims, External Link: https://www.gov.uk/make-court-claim-for-money, Description: Information about making a court claim for money, Display Name: N/A, Display External Link: N/A | Name: Social security, External Link: https://www.gov.uk/tribunal/sscs, Description: Information about the Social Security and Child Support Tribunal, Display Name: Benefits, Display External Link: https://www.gov.uk/appeal-benefit-decision","Town: South Shields, Postcode: NE33 1RG, Address: Millbank, Secretan Way, Tyne & Wear, Type: Visit or contact us, County: Tyne & Wear, N/A, Description: N/A, EPIM ID: N/A"
"South Tyneside Magistrates' Court",54.9937594565963,-1.43881005610168,0,0,2853,"south-tyneside-magistrates-court","Magistrates' Court",true,"65143 South Shields 3","Name: Crime, External Link: N/A, Description: N/A, Display Name: N/A, Display External Link: N/A | Name: Single justice procedure, External Link: N/A, Description: N/A, Display Name: N/A, Display External Link: N/A | Name: Social security, External Link: https://www.gov.uk/tribunal/sscs, Description: Information about the Social Security and Child Support Tribunal, Display Name: Benefits, Display External Link: https://www.gov.uk/appeal-benefit-decision","Town: South Shields, Postcode: NE33 1RG, Address: Millbank, Secretan Way, Tyne & Wear, Type: Visit or contact us, County: Tyne & Wear, N/A, Description: N/A, EPIM ID: N/A"
"Southwark Crown Court",51.5057183553614,-0.0821715532269808,471,0,0,southwark-crown-court,"Crown Court",true,"39913 London Bridge South","Name: Crime, External Link: N/A, Description: N/A, Display Name: N/A, Display External Link: N/A | Name: Single justice procedure, External Link: N/A, Description: N/A, Display Name: N/A, Display External Link: N/A","Town: Southwark, Postcode: SE1 2HU, Address: 1 English Grounds, (off Battlebridge Lane), Type: Visit or contact us, County: Surrey, N/A, Description: N/A, EPIM ID: N/A"
"South West Regional Divorce Centre",50.91923996673761,-1.4307895324271838,0,0,0,"south-west-regional-divorce-centre","Family Court",false,null,"Name: Civil partnership, External Link: https://www.gov.uk/end-civil-partnership, Description: Information about ending a civil partnership, Display Name: N/A, Display External Link: N/A | Name: Divorce, External Link: https://www.gov.uk/divorce, Description: Information about getting a divorce, Display Name: N/A, Display External Link: N/A | Name: Financial Remedy, External Link: https://www.gov.uk/money-property-when-relationship-ends, Description: N/A, Display Name: If you are making an application to settle your finances following a divorce (Financial Remedy), please refer to the guidance found here, Display External Link: N/A","Town: Bury St Edmunds, Postcode: IP33 1TR, Address: 2nd Floor , Triton House, St Andrews Street North, Type: Write to us, County: West Sussex, N/A, Description: N/A, EPIM ID: N/A"
"South Worcestershire Magistrates' Court",52.1969266332076,-2.22432650036785,0,0,1894,"south-worcestershire-magistrates-court","Magistrates' Court",false,null,"Name: Crime, External Link: N/A, Description: N/A, Display Name: N/A, Display External Link: N/A | Name: Single justice procedure, External Link: N/A, Description: N/A, Display Name: N/A, Display External Link: N/A","Town: Worcester, Postcode: WR1 3QZ, Address: Castle Street, Type: Visit or contact us, County: Worcestershire, N/A, Description: N/A, EPIM ID: N/A"
"South Yorkshire Enforcement Unit",0.0,0.0,0,0,0,"south-yorkshire-enforcement-unit",,true,null,"No areas of law available","Town: Sheffield, Postcode: S3 8LU, Address: Sheffield Magistrates Court, Castle Street, Type: Write to us, County: , N/A, Description: N/A, EPIM ID: N/A"
"Spalding Magistrates' Court",52.786623,-0.154159,2105,0,0,"spalding-magistrates-court","Magistrates' Court",false,"711100 Grantham 4","Name: Crime, External Link: N/A, Description: N/A, Display Name: N/A, Display External Link: N/A | Name: Single justice procedure, External Link: N/A, Description: N/A, Display Name: N/A, Display External Link: N/A","Town: Spalding, Postcode: PE11 1BB, Address: The Sessions House, Sheepmarket, Type: Visit us, County: Lincolnshire, N/A, Description: N/A, EPIM ID: N/A | Town: Grantham, Postcode: NG31 7SB, Address: Harlaxton Road, Type: Write to us, County: Lincolnshire, N/A, Description: N/A, EPIM ID: N/A"
"Special Educational Needs and Disability - SEND (First-tier Tribunal)",0.0,0.0,0,0,0,"special-educational-needs-and-disability---send-first-tier-tribunal",Tribunal,true,null,"No areas of law available","Town: Darlington, Postcode: DL1 1ZD, Address: 1st Floor, Darlington Magistrates' Court, Parkgate, Type: Write to us, County: , N/A, Description: N/A, EPIM ID: N/A"
"SSCS Benefit Appeals Service Centre",0.0,0.0,0,0,0,"social-security-and-child-support-appeals-service-centre",,true,null,"Name: Social security, External Link: https://www.gov.uk/tribunal/sscs, Description: Information about the Social Security and Child Support Tribunal, Display Name: Benefits, Display External Link: https://www.gov.uk/appeal-benefit-decision","Town: Harlow, Postcode: CM20 9QF, Address: HMCTS SSCS Benefits Appeals, PO Box 12626, Type: Write to us, County: Essex, N/A, Description: N/A, EPIM ID: N/A"
"Stafford Combined Court Centre",52.8054282557118,-2.11942919486724,455,333,0,"stafford-combined-court-centre","Crown Court",true,"703360 Hanley 3(County Court)703190 Stafford 4(Crown Court)","Name: Adoption, External Link: https://www.gov.uk/child-adoption, Description: Information about adopting a child, Display Name: N/A, Display External Link: https://www.gov.uk/child-adoption/applying-for-an-adoption-court-order | Name: Bankruptcy, External Link: https://www.gov.uk/apply-for-bankruptcy, Description: Information about applying for bankruptcy, Display Name: N/A, Display External Link: https://www.gov.uk/bankruptcy | Name: Children, External Link: N/A, Description: N/A, Display Name: Childcare arrangements if you separate from your partner, Display External Link: https://www.gov.uk/looking-after-children-divorce | Name: Crime, External Link: N/A, Description: N/A, Display Name: N/A, Display External Link: N/A | Name: Divorce, External Link: https://www.gov.uk/divorce, Description: Information about getting a divorce, Display Name: N/A, Display External Link: N/A | Name: Domestic violence, External Link: N/A, Description: N/A, Display Name: Domestic abuse, Display External Link: https://www.gov.uk/injunction-domestic-violence | Name: High Court District Registry, External Link: N/A, Description: N/A, Display Name: High Court cases – serious or high profile criminal or civil law cases, Display External Link: N/A | Name: Housing possession, External Link: https://www.gov.uk/evicting-tenants, Description: Information about evicting tenants, Display Name: Housing, Display External Link: N/A | Name: Money claims, External Link: https://www.gov.uk/make-court-claim-for-money, Description: Information about making a court claim for money, Display Name: N/A, Display External Link: N/A | Name: Single justice procedure, External Link: N/A, Description: N/A, Display Name: N/A, Display External Link: N/A","Town: Stafford, Postcode: ST16 2QQ, Address: Victoria Square, Type: Visit or contact us, County: Staffordshire, N/A, Description: N/A, EPIM ID: N/A"
"Staffordshire Central Finance and Enforcement Unit",52.7618165069655,-1.93238315149823,0,0,0,"staffordshire-central-finance-and-enforcement-unit",,true,null,"Name: Crime, External Link: N/A, Description: N/A, Display Name: N/A, Display External Link: N/A | Name: Single justice procedure, External Link: N/A, Description: N/A, Display Name: N/A, Display External Link: N/A","Town: Rugeley, Postcode: WS15 2FX, Address: The Court House, Bryans Lane, Type: Visit us, County: Staffordshire, N/A, Description: N/A, EPIM ID: N/A"
"Staffordshire Magistrates' Adminstration Team",52.8054282557118,-2.11942919486724,0,0,2790,"staffordshire-magistrates-adminstration-team","Magistrates' Court",false,null,"Name: Crime, External Link: N/A, Description: N/A, Display Name: N/A, Display External Link: N/A | Name: Single justice procedure, External Link: N/A, Description: N/A, Display Name: N/A, Display External Link: N/A","Town: Stafford, Postcode: ST16 2QQ, Address: Staffordshire Magistrates Administration Team, The Combined Court Centre, Victoria Square, Type: Visit us, County: Staffordshire, N/A, Description: N/A, EPIM ID: N/A | Town: Stafford, Postcode: ST16 2QQ, Address: Staffordshire Magistrates Administration Team, The Combined Court Centre, Victoria Square, Type: Write to us, County: Staffordshire, N/A, Description: N/A, EPIM ID: N/A"
"Staines County Court and Family Court",51.4290977182733,-0.498095603138963,0,334,0,"staines-county-court-and-family-court","County Court | Family Court",true,"DX97860 Guildford 5","Name: Children, External Link: N/A, Description: N/A, Display Name: Childcare arrangements if you separate from your partner, Display External Link: https://www.gov.uk/looking-after-children-divorce | Name: Divorce, External Link: https://www.gov.uk/divorce, Description: Information about getting a divorce, Display Name: N/A, Display External Link: N/A | Name: Domestic violence, External Link: N/A, Description: N/A, Display Name: Domestic abuse, Display External Link: https://www.gov.uk/injunction-domestic-violence | Name: Housing possession, External Link: https://www.gov.uk/evicting-tenants, Description: Information about evicting tenants, Display Name: Housing, Display External Link: N/A | Name: Money claims, External Link: https://www.gov.uk/make-court-claim-for-money, Description: Information about making a court claim for money, Display Name: N/A, Display External Link: N/A","Town: Staines, Postcode: TW18 1XH, Address: The Law Courts, Knowle Green, Type: Visit us, County: Greater London, N/A, Description: N/A, EPIM ID: N/A | Town: Guildford, Postcode: GU1 4PS, Address: Guildford County Court and Family Court Hearing Centre, The Law Courts, Mary Road, Type: Write to us, County: Greater London, N/A, Description: N/A, EPIM ID: N/A"
"Staines Magistrates' Court and Family Court",51.4290977182733,-0.498095603138963,0,0,2849,"staines-magistrates-court-and-family-court","Family Court | Magistrates' Court",true,"97865 Guildford 5","Name: Children, External Link: N/A, Description: N/A, Display Name: Childcare arrangements if you separate from your partner, Display External Link: https://www.gov.uk/looking-after-children-divorce | Name: Crime, External Link: N/A, Description: N/A, Display Name: N/A, Display External Link: N/A | Name: Divorce, External Link: https://www.gov.uk/divorce, Description: Information about getting a divorce, Display Name: N/A, Display External Link: N/A | Name: Domestic violence, External Link: N/A, Description: N/A, Display Name: Domestic abuse, Display External Link: https://www.gov.uk/injunction-domestic-violence | Name: Single justice procedure, External Link: N/A, Description: N/A, Display Name: N/A, Display External Link: N/A","Town: Staines, Postcode: TW18 1XH, Address: The Law Courts, Knowle Green, Type: Visit us, County: Greater London, N/A, Description: N/A, EPIM ID: N/A | Town: Guildford, Postcode: GU1 4AS, Address: PO Box 36, The Law Courts, Mary Road, Type: Write to us, County: Greater London, N/A, Description: N/A, EPIM ID: N/A"
"St Albans County Court",51.7518474281179,-0.335151395822079,313,313,0,st-albans-county-court,"County Court",false,"97770 St Albans 2","Name: Bankruptcy, External Link: https://www.gov.uk/apply-for-bankruptcy, Description: Information about applying for bankruptcy, Display Name: N/A, Display External Link: https://www.gov.uk/bankruptcy | Name: Housing possession, External Link: https://www.gov.uk/evicting-tenants, Description: Information about evicting tenants, Display Name: Housing, Display External Link: N/A | Name: Money claims, External Link: https://www.gov.uk/make-court-claim-for-money, Description: Information about making a court claim for money, Display Name: N/A, Display External Link: N/A","Town: St. Albans, Postcode: AL13JW, Address: The Court Building, Bricket Road, Type: Visit us, County: Hertfordshire, N/A, Description: N/A, EPIM ID: N/A | Town: St. Albans, Postcode: AL1 3JW, Address: St Albans County Court, The Court Building, Bricket Road, Type: Write to us, County: Hertfordshire, N/A, Description: N/A, EPIM ID: N/A"
"St Albans Crown Court",51.7518474281179,-0.335151395822079,450,0,0,st-albans-crown-court,"Crown Court",true,"99700 St Albans 3","Name: Crime, External Link: N/A, Description: N/A, Display Name: N/A, Display External Link: N/A | Name: Single justice procedure, External Link: N/A, Description: N/A, Display Name: N/A, Display External Link: N/A","Town: St. Albans, Postcode: AL1 3JW, Address: Bricket Road, Type: Visit us, County: Hertfordshire, N/A, Description: N/A, EPIM ID: N/A | Town: Luton, Postcode: LU1 2AA, Address: c/o Luton Crown Court, 7 George Street, Type: Write to us, County: Hertfordshire, N/A, Description: N/A, EPIM ID: N/A"
"St Albans Magistrates' Court",51.7524911265822,-0.336793819080024,0,0,1910,"st-albans-magistrates-court","Family Court | Magistrates' Court",true,null,"Name: Crime, External Link: N/A, Description: N/A, Display Name: N/A, Display External Link: N/A | Name: Domestic violence, External Link: N/A, Description: N/A, Display Name: Domestic abuse, Display External Link: https://www.gov.uk/injunction-domestic-violence | Name: Single justice procedure, External Link: N/A, Description: N/A, Display Name: N/A, Display External Link: N/A","Town: St. Albans, Postcode: AL1 3LB, Address: The Civic Centre, St Peter's Street, Type: Visit us, County: Hertfordshire, N/A, Description: N/A, EPIM ID: N/A | Town: Luton, Postcode: LU1 5BL, Address: C/O Luton Magistrates' Court, Stuart Street, Type: Write to us, County: Hertfordshire, N/A, Description: N/A, EPIM ID: N/A"
"Stevenage Magistrates' Court",51.90115495175496,-0.20413618267877565,0,0,1911,"stevenage-magistrates-court","Magistrates' Court",true,null,"Name: Crime, External Link: N/A, Description: N/A, Display Name: N/A, Display External Link: N/A | Name: Single justice procedure, External Link: N/A, Description: N/A, Display Name: N/A, Display External Link: N/A | Name: Social security, External Link: https://www.gov.uk/tribunal/sscs, Description: Information about the Social Security and Child Support Tribunal, Display Name: Benefits, Display External Link: https://www.gov.uk/appeal-benefit-decision","Town: Stevenage, Postcode: SG1 1XH, Address: The Court House, Danesgate, Type: Visit us, County: Hertfordshire, N/A, Description: N/A, EPIM ID: N/A | Town: Luton, Postcode: LU1 5BL, Address: C/O Luton Magistrates' Court, Stuart Street, Type: Write to us, County: Hertfordshire, N/A, Description: N/A, EPIM ID: N/A | Town: Harlow, Postcode: CM20 9QF, Address: HMCTS Benefit Appeals, PO Box 12626, Type: Write to us, County: Essex, N/A, Description: N/A, EPIM ID: N/A"
"St Helens County Court and Family Court",53.4549334566112,-2.73675122710729,0,315,0,"st-helens-county-court-and-family-court","County Court | Family Court",true,"725020 St Helens 4","Name: Children, External Link: N/A, Description: N/A, Display Name: Childcare arrangements if you separate from your partner, Display External Link: https://www.gov.uk/looking-after-children-divorce | Name: Divorce, External Link: https://www.gov.uk/divorce, Description: Information about getting a divorce, Display Name: N/A, Display External Link: N/A | Name: Domestic violence, External Link: N/A, Description: N/A, Display Name: Domestic abuse, Display External Link: https://www.gov.uk/injunction-domestic-violence | Name: Financial Remedy, External Link: https://www.gov.uk/money-property-when-relationship-ends, Description: N/A, Display Name: If you are making an application to settle your finances following a divorce (Financial Remedy), please refer to the guidance found here, Display External Link: N/A | Name: High Court District Registry, External Link: N/A, Description: N/A, Display Name: High Court cases – serious or high profile criminal or civil law cases, Display External Link: N/A | Name: Housing possession, External Link: https://www.gov.uk/evicting-tenants, Description: Information about evicting tenants, Display Name: Housing, Display External Link: N/A | Name: Money claims, External Link: https://www.gov.uk/make-court-claim-for-money, Description: Information about making a court claim for money, Display Name: N/A, Display External Link: N/A | Name: Social security, External Link: https://www.gov.uk/tribunal/sscs, Description: Information about the Social Security and Child Support Tribunal, Display Name: Benefits, Display External Link: https://www.gov.uk/appeal-benefit-decision","Town: St. Helens, Postcode: WA10 1SZ, Address: Corporation Street, Type: Visit or contact us, County: Merseyside, N/A, Description: N/A, EPIM ID: N/A"
"St Helen's Magistrates' Court",0.0,0.0,2268,0,0,"st-helen-s-magistrates-court",,false,null,"No areas of law available","No address available"
"Stirling Tribunal Hearing Centre",56.1204258567276,-3.93737144552312,0,0,0,"stirling-tribunal-hearing-centre",Tribunal,true,551940,"Name: Social security, External Link: https://www.gov.uk/tribunal/sscs, Description: Information about the Social Security and Child Support Tribunal, Display Name: Benefits, Display External Link: https://www.gov.uk/appeal-benefit-decision","Town: Stirling, Postcode: FK8 1JU, Address: Wallace House, Maxwell Place, Type: Visit us, County: Stirling, N/A, Description: N/A, EPIM ID: N/A | Town: Glasgow, Postcode: G2 8GT, Address: The Glasgow Tribunals Centre, 20 York Street, Type: Write to us, County: Stirling, N/A, Description: N/A, EPIM ID: N/A"
"Stockport County Court and Family Court",53.4063651470571,-2.15525458266186,0,336,0,"stockport-county-court-and-family-court","County Court | Family Court",true,"702620 Stockport 4","Name: Adoption, External Link: https://www.gov.uk/child-adoption, Description: Information about adopting a child, Display Name: N/A, Display External Link: https://www.gov.uk/child-adoption/applying-for-an-adoption-court-order | Name: Bankruptcy, External Link: https://www.gov.uk/apply-for-bankruptcy, Description: Information about applying for bankruptcy, Display Name: N/A, Display External Link: https://www.gov.uk/bankruptcy | Name: Children, External Link: N/A, Description: N/A, Display Name: Childcare arrangements if you separate from your partner, Display External Link: https://www.gov.uk/looking-after-children-divorce | Name: Divorce, External Link: https://www.gov.uk/divorce, Description: Information about getting a divorce, Display Name: N/A, Display External Link: N/A | Name: Domestic Abuse Protection Order (DAPOs), External Link: https://www.gov.uk/guidance/domestic-abuse-protection-notices-dapns-and-domestic-abuse-protection-orders-dapos, Description: N/A, Display Name: N/A, Display External Link: N/A | Name: Domestic violence, External Link: N/A, Description: N/A, Display Name: Domestic abuse, Display External Link: https://www.gov.uk/injunction-domestic-violence | Name: High Court District Registry, External Link: N/A, Description: N/A, Display Name: High Court cases – serious or high profile criminal or civil law cases, Display External Link: N/A | Name: Housing possession, External Link: https://www.gov.uk/evicting-tenants, Description: Information about evicting tenants, Display Name: Housing, Display External Link: N/A | Name: Money claims, External Link: https://www.gov.uk/make-court-claim-for-money, Description: Information about making a court claim for money, Display Name: N/A, Display External Link: N/A | Name: Social security, External Link: https://www.gov.uk/tribunal/sscs, Description: Information about the Social Security and Child Support Tribunal, Display Name: Benefits, Display External Link: https://www.gov.uk/appeal-benefit-decision","Town: Stockport, Postcode: SK1 3DQ, Address: The Courthouse, Edward Street, Type: Visit us, County: Greater Manchester, N/A, Description: N/A, EPIM ID: N/A | Town: Stockport, Postcode: SK1 3NF, Address: The Courthouse, Edward Street, Type: Write to us, County: Greater Manchester, N/A, Description: N/A, EPIM ID: N/A"
"Stockport Magistrates' Court",53.4063015013956,-2.15581090417226,0,0,1739,"stockport-magistrates-court","Family Court | Magistrates' Court",true,"702620 Stockport 4","Name: Children, External Link: N/A, Description: N/A, Display Name: Childcare arrangements if you separate from your partner, Display External Link: https://www.gov.uk/looking-after-children-divorce | Name: Crime, External Link: N/A, Description: N/A, Display Name: N/A, Display External Link: N/A | Name: Domestic Abuse Protection Order (DAPOs), External Link: https://www.gov.uk/guidance/domestic-abuse-protection-notices-dapns-and-domestic-abuse-protection-orders-dapos, Description: N/A, Display Name: N/A, Display External Link: N/A | Name: Single justice procedure, External Link: N/A, Description: N/A, Display Name: N/A, Display External Link: N/A | Name: Social security, External Link: https://www.gov.uk/tribunal/sscs, Description: Information about the Social Security and Child Support Tribunal, Display Name: Benefits, Display External Link: https://www.gov.uk/appeal-benefit-decision","Town: Stockport, Postcode: SK1 3NF, Address: The Courthouse, Edward Street, Type: Visit or contact us, County: Greater Manchester, N/A, Description: N/A, EPIM ID: N/A"
"Stoke-on-Trent Combined Court",53.0220363536651,-2.17575390744261,456,338,0,"stoke-on-trent-combined-court","County Court | Crown Court | Family Court",true,"(County Court: 703360 Hanley 3) (Crown Court: 703190 Hanley 3)","Name: Adoption, External Link: https://www.gov.uk/child-adoption, Description: Information about adopting a child, Display Name: N/A, Display External Link: https://www.gov.uk/child-adoption/applying-for-an-adoption-court-order | Name: Bankruptcy, External Link: https://www.gov.uk/apply-for-bankruptcy, Description: Information about applying for bankruptcy, Display Name: N/A, Display External Link: https://www.gov.uk/bankruptcy | Name: Children, External Link: N/A, Description: N/A, Display Name: Childcare arrangements if you separate from your partner, Display External Link: https://www.gov.uk/looking-after-children-divorce | Name: Crime, External Link: N/A, Description: N/A, Display Name: N/A, Display External Link: N/A | Name: Divorce, External Link: https://www.gov.uk/divorce, Description: Information about getting a divorce, Display Name: N/A, Display External Link: N/A | Name: Domestic violence, External Link: N/A, Description: N/A, Display Name: Domestic abuse, Display External Link: https://www.gov.uk/injunction-domestic-violence | Name: High Court District Registry, External Link: N/A, Description: N/A, Display Name: High Court cases – serious or high profile criminal or civil law cases, Display External Link: N/A | Name: Housing possession, External Link: https://www.gov.uk/evicting-tenants, Description: Information about evicting tenants, Display Name: Housing, Display External Link: N/A | Name: Money claims, External Link: https://www.gov.uk/make-court-claim-for-money, Description: Information about making a court claim for money, Display Name: N/A, Display External Link: N/A | Name: Single justice procedure, External Link: N/A, Description: N/A, Display Name: N/A, Display External Link: N/A","Town: Stoke-on-Trent, Postcode: ST1 3BP, Address: Bethesda Street, Hanley, Type: Visit or contact us, County: Staffordshire, N/A, Description: N/A, EPIM ID: N/A"
"Stoke on Trent Magistrates' Court",0.0,0.0,0,0,0,"stoke-on-trent-magistrates-court",,false,null,"No areas of law available","No address available"
"Stoke-on-Trent Probate Sub-Registry",53.0220363536651,-2.17575390744261,0,0,0,"stoke-on-trent-probate-sub-registry",,false,"724784 Manchester 44","Name: Probate, External Link: https://www.gov.uk/wills-probate-inheritance, Description: Information about wills and probate, Display Name: N/A, Display External Link: https://www.gov.uk/applying-for-probate","Town: Manchester, Postcode: M60 1WJ, Address: Manchester District Probate Registry, Civil Justice Centre, PO BOX 4240 , Ground Floor, 1 Bridge Street West, Type: Write to us, County: Greater Manchester, N/A, Description: N/A, EPIM ID: N/A"
"Stourbridge County Court",52.4540213035203,-2.14296073675072,339,339,0,stourbridge-county-court,"County Court",false,"701889 Stourbridge 2","Name: Bankruptcy, External Link: https://www.gov.uk/apply-for-bankruptcy, Description: Information about applying for bankruptcy, Display Name: N/A, Display External Link: https://www.gov.uk/bankruptcy","Town: Stourbridge, Postcode: DY8 1QL, Address:  7 Hagley Road, Type: Visit us, County: Worcestershire, N/A, Description: N/A, EPIM ID: N/A"
"Stratford Housing Centre",51.5391594985399,3.050307000231E-4,0,0,0,stratford-housing-centre,"County Court",true,"157553 Stratford, London (5)","Name: Housing possession, External Link: https://www.gov.uk/evicting-tenants, Description: Information about evicting tenants, Display Name: Housing, Display External Link: N/A","Town: London, Postcode: E15 4SB, Address: 389 – 397 Stratford High Street, Stratford, Type: Visit or contact us, County: Essex, N/A, Description: N/A, EPIM ID: N/A"
"Stratford Magistrates' Court",51.5391594985399,3.050307000231E-4,0,0,0,"stratford-magistrates-court","Family Court | Magistrates' Court",true,"157540 Bow 3","Name: Crime, External Link: N/A, Description: N/A, Display Name: N/A, Display External Link: N/A | Name: Single justice procedure, External Link: N/A, Description: N/A, Display Name: N/A, Display External Link: N/A","Town: London, Postcode: E15 4SB, Address: The Court House, 389-397 High Street, Stratford, Type: Visit us, County: Essex, N/A, Description: N/A, EPIM ID: N/A | Town: London, Postcode: E3 4DJ, Address: Central Administration Centre, Thames Magistrates' Court, 58 Bow Road, Type: Write to us, County: Essex, N/A, Description: N/A, EPIM ID: N/A"
"Stratford upon Avon County Court",0.0,0.0,0,0,0,"stratford-upon-avon-county-court",,false,null,"No areas of law available","No address available"
"Stroud Magistrates' Court",51.74558351094947,-2.214158632997737,1684,0,0,stroud-magistrates-court,"Magistrates' Court",false,"7598 Gloucester 3","Name: Crime, External Link: N/A, Description: N/A, Display Name: N/A, Display External Link: N/A | Name: Single justice procedure, External Link: N/A, Description: N/A, Display Name: N/A, Display External Link: N/A","Town: Stroud, Postcode: GL5 1ET, Address: Stroud Courthouse, Parliament Street, Type: Visit us, County: Gloucestershire, N/A, Description: N/A, EPIM ID: N/A | Town: Gloucester, Postcode: GL1 2XG, Address: HMCTS Gloucestershire, PO Box 9051, Type: Write to us, County: Gloucestershire, N/A, Description: N/A, EPIM ID: N/A"
"Sudbury Magistrates' Court",0.0,0.0,0,0,0,"sudbury-magistrates-court",,false,null,"No areas of law available","No address available"
"Sunderland County, Family, Magistrates’ and Tribunal Hearings",54.9071799428429,-1.38754774218286,0,343,2365,"sunderland-county-family-magistrates-and-tribunal-hearings","County Court | Family Court | Magistrates' Court",true,"742740 Sunderland 17","Name: Adoption, External Link: https://www.gov.uk/child-adoption, Description: Information about adopting a child, Display Name: N/A, Display External Link: https://www.gov.uk/child-adoption/applying-for-an-adoption-court-order | Name: Bankruptcy, External Link: https://www.gov.uk/apply-for-bankruptcy, Description: Information about applying for bankruptcy, Display Name: N/A, Display External Link: https://www.gov.uk/bankruptcy | Name: Children, External Link: N/A, Description: N/A, Display Name: Childcare arrangements if you separate from your partner, Display External Link: https://www.gov.uk/looking-after-children-divorce | Name: Crime, External Link: N/A, Description: N/A, Display Name: N/A, Display External Link: N/A | Name: Divorce, External Link: https://www.gov.uk/divorce, Description: Information about getting a divorce, Display Name: N/A, Display External Link: N/A | Name: Domestic violence, External Link: N/A, Description: N/A, Display Name: Domestic abuse, Display External Link: https://www.gov.uk/injunction-domestic-violence | Name: High Court District Registry, External Link: N/A, Description: N/A, Display Name: High Court cases – serious or high profile criminal or civil law cases, Display External Link: N/A | Name: Housing possession, External Link: https://www.gov.uk/evicting-tenants, Description: Information about evicting tenants, Display Name: Housing, Display External Link: N/A | Name: Money claims, External Link: https://www.gov.uk/make-court-claim-for-money, Description: Information about making a court claim for money, Display Name: N/A, Display External Link: N/A | Name: Single justice procedure, External Link: N/A, Description: N/A, Display Name: N/A, Display External Link: N/A | Name: Social security, External Link: https://www.gov.uk/tribunal/sscs, Description: Information about the Social Security and Child Support Tribunal, Display Name: Benefits, Display External Link: https://www.gov.uk/appeal-benefit-decision","Town: Sunderland, Postcode: SR1 3AP, Address: Gillbridge Avenue, Type: Visit or contact us, County: Tyne & Wear, N/A, Description: N/A, EPIM ID: N/A"
"Surrey Fines and Enforcement Unit",51.24529207246317,-0.5823175221210912,0,0,0,"surrey-fines-and-enforcement-unit",,false,"97866 Guildford 5","No areas of law available","Town: Guildford, Postcode: GU1 4GB, Address: P.O. Box 88, Law Courts, Mary Road, Type: Visit us, County: Surrey, N/A, Description: N/A, EPIM ID: N/A"
"Surrey Fixed Penalty Office",51.24529207246317,-0.5823175221210912,0,0,0,"surrey-fixed-penalty-office",,false,"97866 Guildford 5","No areas of law available","Town: Guildford, Postcode: GU1 4GB, Address: P.O. Box 470, Law Courts, Mary Road, Type: Visit us, County: Surrey, N/A, Description: N/A, EPIM ID: N/A"
"Sussex Fines & Enforcement Unit",50.82633412044432,-0.1408178801553836,0,0,0,"sussex-fines-enforcement-unit",,false,"153460 Brighton 17","No areas of law available","Town: Brighton, Postcode: BN2 0TF, Address: Sussex Central Fines Unit, P.O. Box 2989, Brighton, Type: Visit us, County: Nottinghamshire, N/A, Description: N/A, EPIM ID: N/A"
"Sutton Coldfield Magistrates' Court",0.0,0.0,0,0,0,"sutton-coldfield-magistrates-court",,false,null,"No areas of law available","No address available"
"Sutton Magistrates' Court",0.0,0.0,0,0,0,sutton-magistrates-court,,false,null,"No areas of law available","No address available"
"Sutton Social Security and Child Support Tribunal",51.3597975615442,-0.193890346662714,0,0,0,"sutton-social-security-and-child-support-tribunal",,true,null,"Name: Children, External Link: N/A, Description: N/A, Display Name: Childcare arrangements if you separate from your partner, Display External Link: https://www.gov.uk/looking-after-children-divorce | Name: Social security, External Link: https://www.gov.uk/tribunal/sscs, Description: Information about the Social Security and Child Support Tribunal, Display Name: Benefits, Display External Link: https://www.gov.uk/appeal-benefit-decision","Town: Sutton, Postcode: SM1 1DA, Address: Copthall House, 9 The Pavement, Grove Road, Type: Visit or contact us, County: Surrey, N/A, Description: N/A, EPIM ID: N/A"
"Swaffham Magistrates' Court",0.0,0.0,0,0,0,"swaffham-magistrates-court",,false,null,"No areas of law available","No address available"
"Swansea Civil Justice Centre",51.6201755414137,-3.93802569185216,0,344,0,"swansea-civil-justice-centre","County Court | Family Court",true,"99740 Abertawe/ Swansea 5","Name: Adoption, External Link: https://www.gov.uk/child-adoption, Description: Information about adopting a child, Display Name: N/A, Display External Link: https://www.gov.uk/child-adoption/applying-for-an-adoption-court-order | Name: Bankruptcy, External Link: https://www.gov.uk/apply-for-bankruptcy, Description: Information about applying for bankruptcy, Display Name: N/A, Display External Link: https://www.gov.uk/bankruptcy | Name: Children, External Link: N/A, Description: N/A, Display Name: Childcare arrangements if you separate from your partner, Display External Link: https://www.gov.uk/looking-after-children-divorce | Name: Domestic violence, External Link: N/A, Description: N/A, Display Name: Domestic abuse, Display External Link: https://www.gov.uk/injunction-domestic-violence | Name: Employment, External Link: https://www.gov.uk/courts-tribunals/employment-tribunal, Description: Information about the Employment Tribunal, Display Name: Claims against employers, Display External Link: https://www.gov.uk/employment-tribunals | Name: Financial Remedy, External Link: https://www.gov.uk/money-property-when-relationship-ends, Description: N/A, Display Name: If you are making an application to settle your finances following a divorce (Financial Remedy), please refer to the guidance found here, Display External Link: N/A | Name: Housing possession, External Link: https://www.gov.uk/evicting-tenants, Description: Information about evicting tenants, Display Name: Housing, Display External Link: N/A | Name: Money claims, External Link: https://www.gov.uk/make-court-claim-for-money, Description: Information about making a court claim for money, Display Name: N/A, Display External Link: N/A | Name: Social security, External Link: https://www.gov.uk/tribunal/sscs, Description: Information about the Social Security and Child Support Tribunal, Display Name: Benefits, Display External Link: https://www.gov.uk/appeal-benefit-decision","Town: Swansea, Postcode: SA1 1SP, Address: Caravella House, Quay West, Quay Parade, Type: Visit or contact us, County: Swansea, N/A, Description: N/A, EPIM ID: N/A"
"Swansea Crown Court",51.61443816626,-3.9575409584348,457,0,0,swansea-crown-court,"Crown Court",true,"99540 Abertawe/Swansea 4","Name: Crime, External Link: N/A, Description: N/A, Display Name: N/A, Display External Link: N/A","Town: Swansea, Postcode: SA1 4PF, Address: The Law Courts, St Helen's Road, Type: Visit or contact us, County: Swansea, N/A, Description: N/A, EPIM ID: N/A"
"Swansea Magistrates' Court",51.6218793403957,-3.94537940035142,0,0,3319,"swansea-magistrates-court","Magistrates' Court",true,"740605 Abertawe/Swansea 17/SA","Name: Crime, External Link: N/A, Description: N/A, Display Name: N/A, Display External Link: N/A | Name: Employment, External Link: https://www.gov.uk/courts-tribunals/employment-tribunal, Description: Information about the Employment Tribunal, Display Name: Claims against employers, Display External Link: https://www.gov.uk/employment-tribunals | Name: Single justice procedure, External Link: N/A, Description: N/A, Display Name: N/A, Display External Link: N/A","Town: Swansea, Postcode: SA1 5DB, Address: Grove Place, Type: Visit or contact us, County: Swansea, N/A, Description: N/A, EPIM ID: N/A"
"Swindon Combined Court",51.5611031967241,-1.78191090228549,458,345,0,swindon-combined-court,"County Court | Crown Court | Family Court",true,"98430 Swindon 5","Name: Adoption, External Link: https://www.gov.uk/child-adoption, Description: Information about adopting a child, Display Name: N/A, Display External Link: https://www.gov.uk/child-adoption/applying-for-an-adoption-court-order | Name: Bankruptcy, External Link: https://www.gov.uk/apply-for-bankruptcy, Description: Information about applying for bankruptcy, Display Name: N/A, Display External Link: https://www.gov.uk/bankruptcy | Name: Children, External Link: N/A, Description: N/A, Display Name: Childcare arrangements if you separate from your partner, Display External Link: https://www.gov.uk/looking-after-children-divorce | Name: Crime, External Link: N/A, Description: N/A, Display Name: N/A, Display External Link: N/A | Name: Domestic violence, External Link: N/A, Description: N/A, Display Name: Domestic abuse, Display External Link: https://www.gov.uk/injunction-domestic-violence | Name: High Court District Registry, External Link: N/A, Description: N/A, Display Name: High Court cases – serious or high profile criminal or civil law cases, Display External Link: N/A | Name: Housing possession, External Link: https://www.gov.uk/evicting-tenants, Description: Information about evicting tenants, Display Name: Housing, Display External Link: N/A | Name: Money claims, External Link: https://www.gov.uk/make-court-claim-for-money, Description: Information about making a court claim for money, Display Name: N/A, Display External Link: N/A | Name: Single justice procedure, External Link: N/A, Description: N/A, Display Name: N/A, Display External Link: N/A","Town: Swindon, Postcode: SN1 2HG, Address: The Law Courts, Islington Street, Type: Visit or contact us, County: Wiltshire, N/A, Description: N/A, EPIM ID: N/A"
"Swindon Magistrates' Court",51.5610117546727,-1.78108908865683,0,0,3021,"swindon-magistrates-court","Magistrates' Court",true,"118725 Swindon 7","Name: Crime, External Link: N/A, Description: N/A, Display Name: N/A, Display External Link: N/A | Name: Employment, External Link: https://www.gov.uk/courts-tribunals/employment-tribunal, Description: Information about the Employment Tribunal, Display Name: Claims against employers, Display External Link: https://www.gov.uk/employment-tribunals | Name: Single justice procedure, External Link: N/A, Description: N/A, Display Name: N/A, Display External Link: N/A | Name: Social security, External Link: https://www.gov.uk/tribunal/sscs, Description: Information about the Social Security and Child Support Tribunal, Display Name: Benefits, Display External Link: https://www.gov.uk/appeal-benefit-decision","Town: Swindon, Postcode: SN1 2JB, Address: Princes Street, Type: Visit us, County: Wiltshire, N/A, Description: N/A, EPIM ID: N/A | Town: Swindon, Postcode: SN1 2HG, Address: The Law Courts, Islington Street, Type: Write to us, County: Wiltshire, N/A, Description: N/A, EPIM ID: N/A"
"Tameside County Court and Family Court",53.4855763931831,-2.10212097252492,112,112,0,"tameside-county-court-and-family-court",,false,null,"No areas of law available","No address available"
"Tameside Magistrates' Court",53.4857009478661,-2.10219659535344,0,0,1720,"tameside-magistrates-court","Magistrates' Court",true,"702625 Ashton-under-Lyne 2","Name: Crime, External Link: N/A, Description: N/A, Display Name: N/A, Display External Link: N/A | Name: Domestic Abuse Protection Order (DAPOs), External Link: https://www.gov.uk/guidance/domestic-abuse-protection-notices-dapns-and-domestic-abuse-protection-orders-dapos, Description: N/A, Display Name: N/A, Display External Link: N/A | Name: Single justice procedure, External Link: N/A, Description: N/A, Display Name: N/A, Display External Link: N/A","Town: Ashton-under-Lyne, Postcode: OL6 7TP, Address: Henry Square, Type: Visit or contact us, County: Lancashire, N/A, Description: N/A, EPIM ID: N/A"
"Tamworth County Court",0.0,0.0,0,0,0,tamworth-county-court,,false,null,"No areas of law available","No address available"
"Tamworth Magistrates' Court",0.0,0.0,0,0,0,"tamworth-magistrates-court",,false,null,"No areas of law available","No address available"
"Taunton Crown, County and Family Court",51.01276840208385,-3.1077090163736383,459,347,0,"taunton-crown-county-and-family-court","County Court | Crown Court | Family Court",true,"98410 Taunton 2","Name: Adoption, External Link: https://www.gov.uk/child-adoption, Description: Information about adopting a child, Display Name: N/A, Display External Link: https://www.gov.uk/child-adoption/applying-for-an-adoption-court-order | Name: Bankruptcy, External Link: https://www.gov.uk/apply-for-bankruptcy, Description: Information about applying for bankruptcy, Display Name: N/A, Display External Link: https://www.gov.uk/bankruptcy | Name: Children, External Link: N/A, Description: N/A, Display Name: Childcare arrangements if you separate from your partner, Display External Link: https://www.gov.uk/looking-after-children-divorce | Name: Crime, External Link: N/A, Description: N/A, Display Name: N/A, Display External Link: N/A | Name: Divorce, External Link: https://www.gov.uk/divorce, Description: Information about getting a divorce, Display Name: N/A, Display External Link: N/A | Name: Domestic violence, External Link: N/A, Description: N/A, Display Name: Domestic abuse, Display External Link: https://www.gov.uk/injunction-domestic-violence | Name: High Court District Registry, External Link: N/A, Description: N/A, Display Name: High Court cases – serious or high profile criminal or civil law cases, Display External Link: N/A | Name: Housing possession, External Link: https://www.gov.uk/evicting-tenants, Description: Information about evicting tenants, Display Name: Housing, Display External Link: N/A | Name: Money claims, External Link: https://www.gov.uk/make-court-claim-for-money, Description: Information about making a court claim for money, Display Name: N/A, Display External Link: N/A | Name: Single justice procedure, External Link: N/A, Description: N/A, Display Name: N/A, Display External Link: N/A","Town: Taunton, Postcode: TA1 4EU, Address: (Currently Closed for building works), The Shire Hall, Type: Visit or contact us, County: Somerset, N/A, Description: N/A, EPIM ID: N/A"
"Taunton Magistrates' Court, Tribunals and Family Hearing Centre",51.0142965150269,-3.10966999369977,0,0,1450,"taunton-magistrates-court-tribunals-and-family-hearing-centre","Magistrates' Court | Tribunal",true,"122473 Taunton 7","Name: Crime, External Link: N/A, Description: N/A, Display Name: N/A, Display External Link: N/A | Name: Employment, External Link: https://www.gov.uk/courts-tribunals/employment-tribunal, Description: Information about the Employment Tribunal, Display Name: Claims against employers, Display External Link: https://www.gov.uk/employment-tribunals | Name: Single justice procedure, External Link: N/A, Description: N/A, Display Name: N/A, Display External Link: N/A | Name: Social security, External Link: https://www.gov.uk/tribunal/sscs, Description: Information about the Social Security and Child Support Tribunal, Display Name: Benefits, Display External Link: https://www.gov.uk/appeal-benefit-decision","Town: Taunton, Postcode: TA1 4AX, Address: The Magistrates' Court, St John's Road, Type: Visit or contact us, County: Somerset, N/A, Description: N/A, EPIM ID: N/A"
"Tax Chamber (First-tier Tribunal)",52.4733702070942,-1.9302922126318172,0,0,0,"tax-chamber-first-tier-tribunal",Tribunal,true,null,"No areas of law available","Town: Birmingham, Postcode: B16 6TZ, Address: PO Box 16972, Type: Write to us, County: West Midlands, N/A, Description: N/A, EPIM ID: N/A"
"Taylor House Tribunal Hearing Centre",51.5273955420962,-0.107441827965064,0,0,0,"taylor-house-tribunal-hearing-centre",Tribunal,true,null,"Name: Immigration, External Link: https://www.gov.uk/tribunal/iac, Description: Information about the Immigration and Asylum Tribunal, Display Name: Immigration and asylum, Display External Link: https://www.gov.uk/immigration-asylum-tribunal | Name: Tax, External Link: https://www.gov.uk/tax-tribunal, Description: Information about tax tribunals, Display Name: N/A, Display External Link: N/A","Town: London, Postcode: EC1R 4QU, Address: Taylor House, 88 Rosebery Avenue, Type: Visit or contact us, County: Greater London, N/A, Description: N/A, EPIM ID: N/A"
"Technology & Construction Court",51.5158948456476,-0.10967644078207,0,0,0,"technology-construction-court",,true,"160040 Strand 4","No areas of law available","Town: London, Postcode: EC4A 1NL, Address: Rolls Building,  7 Rolls Buildings,  Fetter Lane, Type: Visit or contact us, County: Greater London, N/A, Description: N/A, EPIM ID: N/A"
"Teesside Combined Court Centre",54.5752089185394,-1.23123218048167,460,270,0,"teesside-combined-court-centre","Crown Court | Family Court",true,"65152 Middlesbrough 2","Name: Adoption, External Link: https://www.gov.uk/child-adoption, Description: Information about adopting a child, Display Name: N/A, Display External Link: https://www.gov.uk/child-adoption/applying-for-an-adoption-court-order | Name: Bankruptcy, External Link: https://www.gov.uk/apply-for-bankruptcy, Description: Information about applying for bankruptcy, Display Name: N/A, Display External Link: https://www.gov.uk/bankruptcy | Name: Children, External Link: N/A, Description: N/A, Display Name: Childcare arrangements if you separate from your partner, Display External Link: https://www.gov.uk/looking-after-children-divorce | Name: Crime, External Link: N/A, Description: N/A, Display Name: N/A, Display External Link: N/A | Name: Divorce, External Link: https://www.gov.uk/divorce, Description: Information about getting a divorce, Display Name: N/A, Display External Link: N/A | Name: Domestic Abuse Protection Order (DAPOs), External Link: https://www.gov.uk/guidance/domestic-abuse-protection-notices-dapns-and-domestic-abuse-protection-orders-dapos, Description: N/A, Display Name: N/A, Display External Link: N/A | Name: Domestic violence, External Link: N/A, Description: N/A, Display Name: Domestic abuse, Display External Link: https://www.gov.uk/injunction-domestic-violence | Name: FGM, External Link: https://www.gov.uk/government/collections/female-genital-mutilation, Description: N/A, Display Name: Female Genital Mutilation, Display External Link: N/A | Name: Forced marriage, External Link: https://www.gov.uk/apply-forced-marriage-protection-order, Description: Information about forced marriage protection orders, Display Name: N/A, Display External Link: N/A | Name: High Court District Registry, External Link: N/A, Description: N/A, Display Name: High Court cases – serious or high profile criminal or civil law cases, Display External Link: N/A | Name: Housing possession, External Link: https://www.gov.uk/evicting-tenants, Description: Information about evicting tenants, Display Name: Housing, Display External Link: N/A | Name: Money claims, External Link: https://www.gov.uk/make-court-claim-for-money, Description: Information about making a court claim for money, Display Name: N/A, Display External Link: N/A | Name: Single justice procedure, External Link: N/A, Description: N/A, Display Name: N/A, Display External Link: N/A","Town: Middlesbrough, Postcode: TS1 2AE, Address: Centre Square, Type: Visit or contact us, County: Tyne & Wear, N/A, Description: N/A, EPIM ID: N/A"
"Teesside Magistrates' Court",54.5735225552215,-1.23457428201213,0,0,1249,"teesside-magistrates-court","Magistrates' Court",true,"60562 Middlesbrough","Name: Crime, External Link: N/A, Description: N/A, Display Name: N/A, Display External Link: N/A | Name: Domestic Abuse Protection Order (DAPOs), External Link: https://www.gov.uk/guidance/domestic-abuse-protection-notices-dapns-and-domestic-abuse-protection-orders-dapos, Description: N/A, Display Name: N/A, Display External Link: N/A | Name: Domestic violence, External Link: N/A, Description: N/A, Display Name: Domestic abuse, Display External Link: https://www.gov.uk/injunction-domestic-violence | Name: Employment, External Link: https://www.gov.uk/courts-tribunals/employment-tribunal, Description: Information about the Employment Tribunal, Display Name: Claims against employers, Display External Link: https://www.gov.uk/employment-tribunals | Name: Single justice procedure, External Link: N/A, Description: N/A, Display Name: N/A, Display External Link: N/A | Name: Social security, External Link: https://www.gov.uk/tribunal/sscs, Description: Information about the Social Security and Child Support Tribunal, Display Name: Benefits, Display External Link: https://www.gov.uk/appeal-benefit-decision","Town: Middlesbrough, Postcode: TS1 2AS, Address: Teesside Justice Centre, Teesside Magistrates Court, , SSCS and Employment Tribunal Hearing Centre, Victoria Square, Type: Visit or contact us, County: Tyne & Wear, N/A, Description: N/A, EPIM ID: N/A"
"Telford County Court and Family Court",52.67795838641637,-2.450848976774009,0,364,0,"telford-county-court-and-family-court","County Court | Family Court",true,"701976 Telford 3","Name: Adoption, External Link: https://www.gov.uk/child-adoption, Description: Information about adopting a child, Display Name: N/A, Display External Link: https://www.gov.uk/child-adoption/applying-for-an-adoption-court-order | Name: Bankruptcy, External Link: https://www.gov.uk/apply-for-bankruptcy, Description: Information about applying for bankruptcy, Display Name: N/A, Display External Link: https://www.gov.uk/bankruptcy | Name: Children, External Link: N/A, Description: N/A, Display Name: Childcare arrangements if you separate from your partner, Display External Link: https://www.gov.uk/looking-after-children-divorce | Name: Divorce, External Link: https://www.gov.uk/divorce, Description: Information about getting a divorce, Display Name: N/A, Display External Link: N/A | Name: Domestic violence, External Link: N/A, Description: N/A, Display Name: Domestic abuse, Display External Link: https://www.gov.uk/injunction-domestic-violence | Name: Employment, External Link: https://www.gov.uk/courts-tribunals/employment-tribunal, Description: Information about the Employment Tribunal, Display Name: Claims against employers, Display External Link: https://www.gov.uk/employment-tribunals | Name: High Court District Registry, External Link: N/A, Description: N/A, Display Name: High Court cases – serious or high profile criminal or civil law cases, Display External Link: N/A | Name: Housing possession, External Link: https://www.gov.uk/evicting-tenants, Description: Information about evicting tenants, Display Name: Housing, Display External Link: N/A | Name: Money claims, External Link: https://www.gov.uk/make-court-claim-for-money, Description: Information about making a court claim for money, Display Name: N/A, Display External Link: N/A","Town: Telford, Postcode: TF3 4HX, Address: Telford Justice Centre, Telford Square, Malinsgate, Type: Visit us, County: Shropshire, N/A, Description: N/A, EPIM ID: N/A | Town: Stoke-on-Trent, Postcode: ST1 3BP, Address: Stoke-on Trent Combined Court, Bethesda Street, Hanley, Type: Write to us, County: Shropshire, Areas of Law: Civil, Description: N/A, EPIM ID: N/A | Town: Wolverhampton, Postcode: WV1 3LQ, Address: Wolverhampton Combined Court, Pipers Row, Type: Write to us, County: Shropshire, Courts: Family Court, Description: N/A, EPIM ID: N/A"
"Telford Magistrates' Court",52.6779583864164,-2.45084897677401,0,0,3285,"telford-magistrates-court","Magistrates' Court",true,null,"Name: Crime, External Link: N/A, Description: N/A, Display Name: N/A, Display External Link: N/A | Name: Employment, External Link: https://www.gov.uk/courts-tribunals/employment-tribunal, Description: Information about the Employment Tribunal, Display Name: Claims against employers, Display External Link: https://www.gov.uk/employment-tribunals | Name: Single justice procedure, External Link: N/A, Description: N/A, Display Name: N/A, Display External Link: N/A","Town: Telford, Postcode: TF3 4HX, Address: Telford Justice Centre, Telford Square, Malinsgate, Shropshire, Type: Visit us, County: Shropshire, N/A, Description: N/A, EPIM ID: N/A | Town: Stafford, Postcode: ST16 2QQ, Address: Staffordshire Administration Team, Stafford Combined Court Centre, Victoria Square, Type: Write to us, County: Shropshire, N/A, Description: N/A, EPIM ID: N/A"
"Thames Magistrates' Court",51.5271362623685,-0.0235625845814253,0,0,2574,thames-magistrates-court,"Magistrates' Court",true,"157540 Bow 3","Name: Crime, External Link: N/A, Description: N/A, Display Name: N/A, Display External Link: N/A | Name: Single justice procedure, External Link: N/A, Description: N/A, Display Name: N/A, Display External Link: N/A","Town: London, Postcode: E3 4DJ, Address: 58 Bow Road, Type: Visit or contact us, County: Greater London, N/A, Description: N/A, EPIM ID: N/A"
"Thanet County Court and Family Court",51.3875640176391,1.38180703337416,0,348,0,"thanet-county-court-and-family-court","County Court | Family Court",true,"99710 Canterbury 3","Name: Adoption, External Link: https://www.gov.uk/child-adoption, Description: Information about adopting a child, Display Name: N/A, Display External Link: https://www.gov.uk/child-adoption/applying-for-an-adoption-court-order | Name: Children, External Link: N/A, Description: N/A, Display Name: Childcare arrangements if you separate from your partner, Display External Link: https://www.gov.uk/looking-after-children-divorce | Name: Divorce, External Link: https://www.gov.uk/divorce, Description: Information about getting a divorce, Display Name: N/A, Display External Link: N/A | Name: Domestic violence, External Link: N/A, Description: N/A, Display Name: Domestic abuse, Display External Link: https://www.gov.uk/injunction-domestic-violence | Name: High Court District Registry, External Link: N/A, Description: N/A, Display Name: High Court cases – serious or high profile criminal or civil law cases, Display External Link: N/A | Name: Housing possession, External Link: https://www.gov.uk/evicting-tenants, Description: Information about evicting tenants, Display Name: Housing, Display External Link: N/A | Name: Money claims, External Link: https://www.gov.uk/make-court-claim-for-money, Description: Information about making a court claim for money, Display Name: N/A, Display External Link: N/A","Town: Margate, Postcode: CT9 1RL, Address: The Court House, 2nd Floor, Cecil Square, Type: Visit us, County: Kent, N/A, Description: N/A, EPIM ID: N/A | Town: Canterbury, Postcode: CT1 1ZA, Address: Canterbury Combined Court, The Law Courts, Chaucer Road, Type: Write to us, County: Kent, N/A, Description: N/A, EPIM ID: N/A"
"Thetford Magistrates' Court",0.0,0.0,0,0,0,"thetford-magistrates-court",,false,null,"No areas of law available","No address available"
"Torquay and Newton Abbot County and Family Court",50.4867674571693,-3.55182130949135,0,352,0,"torquay-and-newton-abbot-county-court-and-family-court","County Court | Family Court",true,"98740 Torquay 4","Name: Bankruptcy, External Link: https://www.gov.uk/apply-for-bankruptcy, Description: Information about applying for bankruptcy, Display Name: N/A, Display External Link: https://www.gov.uk/bankruptcy | Name: Children, External Link: N/A, Description: N/A, Display Name: Childcare arrangements if you separate from your partner, Display External Link: https://www.gov.uk/looking-after-children-divorce | Name: Divorce, External Link: https://www.gov.uk/divorce, Description: Information about getting a divorce, Display Name: N/A, Display External Link: N/A | Name: Housing possession, External Link: https://www.gov.uk/evicting-tenants, Description: Information about evicting tenants, Display Name: Housing, Display External Link: N/A | Name: Money claims, External Link: https://www.gov.uk/make-court-claim-for-money, Description: Information about making a court claim for money, Display Name: N/A, Display External Link: N/A","Town: Torquay, Postcode: TQ2 7AZ, Address: The Willows, Nicholson Road, Type: Visit or contact us, County: Devon, N/A, Description: N/A, EPIM ID: N/A"
"Torquay Magistrates' Court",50.469431014174,-3.53393493784707,1302,0,0,"torquay-magistrates-court","Magistrates' Court",false,"98740 Torquay 4","Name: Crime, External Link: N/A, Description: N/A, Display Name: N/A, Display External Link: N/A | Name: Single justice procedure, External Link: N/A, Description: N/A, Display Name: N/A, Display External Link: N/A","Town: Torquay, Postcode: TQ1 4BP, Address: The Court House, Union Street, Type: Visit us, County: Devon, N/A, Description: N/A, EPIM ID: N/A | Town: Torquay, Postcode: TQ2 7AZ, Address: HMCTS South Devon, Nicholson Road, Type: Write to us, County: Devon, N/A, Description: N/A, EPIM ID: N/A"
"Totnes Magistrates' Court",0.0,0.0,0,0,0,totnes-magistrates-court,,false,null,"No areas of law available","No address available"
"Tottenham Magistrates' Court ",0.0,0.0,2752,0,0,"tottenham-magistrates-court",,false,null,"Name: Crime, External Link: N/A, Description: N/A, Display Name: N/A, Display External Link: N/A | Name: Single justice procedure, External Link: N/A, Description: N/A, Display Name: N/A, Display External Link: N/A","No address available"
"Towcester Magistrates' Court",0.0,0.0,0,0,0,"towcester-magistrates-court",,false,null,"No areas of law available","No address available"
"Tower Bridge Magistrates' Court",51.50230993396067,-0.0766664452608928,2576,0,0,"tower-bridge-magistrates-court","Magistrates' Court",false,"157730 Camberwell Green 3","Name: Crime, External Link: N/A, Description: N/A, Display Name: N/A, Display External Link: N/A | Name: Single justice procedure, External Link: N/A, Description: N/A, Display Name: N/A, Display External Link: N/A","Town: London, Postcode: SE1 2JY, Address: 211 Tooley Street, Type: Visit us, County: Surrey, N/A, Description: N/A, EPIM ID: N/A | Town: Camberwell Green, Postcode: SE5 7UP, Address: 15 D'Eynsford Road, Type: Write to us, County: Surrey, N/A, Description: N/A, EPIM ID: N/A"
"Traffic Enforcement Centre (TEC)",52.2373017985822,-0.899965457604417,0,0,0,"traffic-enforcement-centre-tec",,true,null,"No areas of law available","Town: Northampton, Postcode: NN1 2LH, Address: 5th Floor,  St Katharine's House,  21-27 St Katharine's Street, Type: Write to us, County: Northamptonshire, N/A, Description: N/A, EPIM ID: "
"Traffic Enforcement Centre (TEC) (OLD)",52.2373017985822,-0.899965457604417,0,0,0,"traffic-enforcement-centre-tec-old",,false,"702885 Northampton 7","No areas of law available","Town: Northampton, Postcode: NN1 2LH, Address: 5th Floor,  St Katharine's House,  21-27 St Katharine's Street, Type: Write to us, County: Northamptonshire, N/A, Description: N/A, EPIM ID: N/A"
"Trafford Magistrates' Court",0.0,0.0,1742,0,0,"trafford-magistrates-court",,false,null,"No areas of law available","No address available"
"Truro Combined Court",50.2656259934983,-5.05640827560069,477,354,0,"truro-county-court-and-family-court","County Court | Crown Court | Family Court",true,"135396 Truro 2","Name: Adoption, External Link: https://www.gov.uk/child-adoption, Description: Information about adopting a child, Display Name: N/A, Display External Link: https://www.gov.uk/child-adoption/applying-for-an-adoption-court-order | Name: Bankruptcy, External Link: https://www.gov.uk/apply-for-bankruptcy, Description: Information about applying for bankruptcy, Display Name: N/A, Display External Link: https://www.gov.uk/bankruptcy | Name: Children, External Link: N/A, Description: N/A, Display Name: Childcare arrangements if you separate from your partner, Display External Link: https://www.gov.uk/looking-after-children-divorce | Name: Crime, External Link: N/A, Description: N/A, Display Name: N/A, Display External Link: N/A | Name: Divorce, External Link: https://www.gov.uk/divorce, Description: Information about getting a divorce, Display Name: N/A, Display External Link: N/A | Name: Domestic violence, External Link: N/A, Description: N/A, Display Name: Domestic abuse, Display External Link: https://www.gov.uk/injunction-domestic-violence | Name: High Court District Registry, External Link: N/A, Description: N/A, Display Name: High Court cases – serious or high profile criminal or civil law cases, Display External Link: N/A | Name: Housing possession, External Link: https://www.gov.uk/evicting-tenants, Description: Information about evicting tenants, Display Name: Housing, Display External Link: N/A | Name: Money claims, External Link: https://www.gov.uk/make-court-claim-for-money, Description: Information about making a court claim for money, Display Name: N/A, Display External Link: N/A | Name: Single justice procedure, External Link: N/A, Description: N/A, Display Name: N/A, Display External Link: N/A | Name: Social security, External Link: https://www.gov.uk/tribunal/sscs, Description: Information about the Social Security and Child Support Tribunal, Display Name: Benefits, Display External Link: https://www.gov.uk/appeal-benefit-decision","Town: Truro, Postcode: TR1 2PB, Address: Edward Street, Type: Visit or contact us, County: Cornwall, N/A, Description: N/A, EPIM ID: N/A"
"Truro Crown Court",50.2656259934983,-5.05640827560069,477,0,0,truro-crown-court,"Crown Court",false,"135396 Truro 2","Name: Crime, External Link: N/A, Description: N/A, Display Name: N/A, Display External Link: N/A | Name: Single justice procedure, External Link: N/A, Description: N/A, Display Name: N/A, Display External Link: N/A","Town: Truro, Postcode: TR1 2PB, Address: Courts of Justice, Edward Street, Type: Visit or contact us, County: Cornwall, N/A, Description: N/A, EPIM ID: N/A"
"Truro Magistrates' Court",50.2688088656179,-5.04379822883298,0,0,1301,truro-magistrates-court,"Magistrates' Court",true,"136846 Bodmin 2","Name: Crime, External Link: N/A, Description: N/A, Display Name: N/A, Display External Link: N/A | Name: Employment, External Link: https://www.gov.uk/courts-tribunals/employment-tribunal, Description: Information about the Employment Tribunal, Display Name: Claims against employers, Display External Link: https://www.gov.uk/employment-tribunals | Name: Single justice procedure, External Link: N/A, Description: N/A, Display Name: N/A, Display External Link: N/A | Name: Social security, External Link: https://www.gov.uk/tribunal/sscs, Description: Information about the Social Security and Child Support Tribunal, Display Name: Benefits, Display External Link: https://www.gov.uk/appeal-benefit-decision","Town: Truro, Postcode: TR1 1HZ, Address: The Court House, Tremorvah Wood Lane, Mitchell Hill, Type: Visit us, County: Cornwall, N/A, Description: N/A, EPIM ID: N/A | Town: Bodmin, Postcode: PL31 2AL, Address: Bodmin Law Courts, Launceston Road, Type: Write to us, County: Cornwall, N/A, Description: N/A, EPIM ID: N/A"
"Tunbridge Wells County Court and Family Court",51.1299138434878,0.260207695635675,355,355,0,"tunbridge-wells-county-court-and-family-court","County Court",false,"98220 Tunbridge Wells 3","Name: Bankruptcy, External Link: https://www.gov.uk/apply-for-bankruptcy, Description: Information about applying for bankruptcy, Display Name: N/A, Display External Link: https://www.gov.uk/bankruptcy | Name: Children, External Link: N/A, Description: N/A, Display Name: Childcare arrangements if you separate from your partner, Display External Link: https://www.gov.uk/looking-after-children-divorce | Name: Divorce, External Link: https://www.gov.uk/divorce, Description: Information about getting a divorce, Display Name: N/A, Display External Link: N/A | Name: Domestic violence, External Link: N/A, Description: N/A, Display Name: Domestic abuse, Display External Link: https://www.gov.uk/injunction-domestic-violence | Name: High Court District Registry, External Link: N/A, Description: N/A, Display Name: High Court cases – serious or high profile criminal or civil law cases, Display External Link: N/A | Name: Housing possession, External Link: https://www.gov.uk/evicting-tenants, Description: Information about evicting tenants, Display Name: Housing, Display External Link: N/A | Name: Money claims, External Link: https://www.gov.uk/make-court-claim-for-money, Description: Information about making a court claim for money, Display Name: N/A, Display External Link: N/A","Town: Tunbridge Wells, Postcode: TN1 1DP, Address: Merevale House, 42-46 London Road, Type: Visit us, County: Kent, N/A, Description: N/A, EPIM ID: N/A | Town: Tunbridge Wells, Postcode: TN1 1DP, Address: Tunbridge Wells County Court and Family Court Hearing Centre, Merevale House, 42-46 London Road, Type: Write to us, County: Kent, N/A, Description: N/A, EPIM ID: N/A"
"Tynedale (Hexham) Magistrates' Court",0.0,0.0,0,0,0,"tynedale-hexham-magistrates-court",,false,null,"No areas of law available","No address available"
"Upper Tribunal (Administrative Appeals Chamber)",51.51576958071265,-0.11031630830157654,0,0,0,"upper-tribunal-administrative-appeals-chamber",Tribunal,true,null,"No areas of law available","Town: London, Postcode: EC4A 1NL, Address: 5th Floor Rolls Building, 7 Rolls Buildings, Fetter Lane, Type: Write to us, County: Greater London, N/A, Description: N/A, EPIM ID: N/A"
"Upper Tribunal (Lands Chamber)",51.5157695807127,-0.110316308301577,0,0,0,"upper-tribunal-lands-chamber",Tribunal,true,"160042 Strand 4","No areas of law available","Town: London, Postcode: EC4A 1NL, Address: 7 Rolls Building, Fetter Lane, Type: Visit or contact us, County: Greater London, N/A, Description: N/A, EPIM ID: N/A"
"Upper Tribunal (Tax and Chancery Chamber)",51.51576958071265,-0.11031630830157654,0,0,0,"upper-tribunal-tax-and-chancery-chamber",Tribunal,true,null,"No areas of law available","Town: London, Postcode: EC4A 1NL, Address: 5th Floor, Rolls Building, 7 Rolls Buildings, Fetter Lane, Type: Write to us, County: Greater London, N/A, Description: N/A, EPIM ID: N/A"
"Uxbridge County Court and Family Court",51.5222580002738,-0.421476542731002,0,356,0,"uxbridge-county-court-and-family-court","County Court | Family Court",true,"DX 44658 Hayes (Middlesex)","Name: Divorce, External Link: https://www.gov.uk/divorce, Description: Information about getting a divorce, Display Name: N/A, Display External Link: N/A | Name: Domestic violence, External Link: N/A, Description: N/A, Display Name: Domestic abuse, Display External Link: https://www.gov.uk/injunction-domestic-violence | Name: Housing possession, External Link: https://www.gov.uk/evicting-tenants, Description: Information about evicting tenants, Display Name: Housing, Display External Link: N/A | Name: Money claims, External Link: https://www.gov.uk/make-court-claim-for-money, Description: Information about making a court claim for money, Display Name: N/A, Display External Link: N/A","Town: Hayes, Postcode: UB4 8HL, Address: 501 Uxbridge Road, Type: Visit us, County: Greater London, N/A, Description: N/A, EPIM ID: N/A | Town: Hayes, Postcode: UB4 8HL, Address: Hearing Centre, 501 Uxbridge Road, Type: Write to us, County: Greater London, N/A, Description: N/A, EPIM ID: N/A"
"Uxbridge Magistrates' Court",51.5494702716169,-0.481587316967409,0,0,2578,"uxbridge-magistrates-court","Magistrates' Court",true,"110850 Willesden 2","Name: Crime, External Link: N/A, Description: N/A, Display Name: N/A, Display External Link: N/A | Name: Single justice procedure, External Link: N/A, Description: N/A, Display Name: N/A, Display External Link: N/A","Town: Uxbridge, Postcode: UB8 1PQ, Address: The Court House, Harefield Road, Type: Visit or contact us, County: Greater London, N/A, Description: N/A, EPIM ID: N/A"
"Vale of Glamorgan Magistrates' Court",51.4043600424719,-3.26948322120589,3349,0,0,"vale-of-glamorgan-magistrates-court",,false,null,"No areas of law available","Town: Barry, Postcode: CF63 4SX, Address: Thompson Street, Type: Visit us, County: Cardiff, N/A, Description: N/A, EPIM ID: N/A"
"Wakefield Civil and Family Justice Centre",53.68327912686083,-1.506198900085291,0,357,0,"wakefield-civil-and-family-justice-centre","County Court | Family Court | Tribunal",true,"703022 Wakefield 24","Name: Bankruptcy, External Link: https://www.gov.uk/apply-for-bankruptcy, Description: Information about applying for bankruptcy, Display Name: N/A, Display External Link: https://www.gov.uk/bankruptcy | Name: Divorce, External Link: https://www.gov.uk/divorce, Description: Information about getting a divorce, Display Name: N/A, Display External Link: N/A | Name: Domestic violence, External Link: N/A, Description: N/A, Display Name: Domestic abuse, Display External Link: https://www.gov.uk/injunction-domestic-violence | Name: High Court District Registry, External Link: N/A, Description: N/A, Display Name: High Court cases – serious or high profile criminal or civil law cases, Display External Link: N/A | Name: Housing possession, External Link: https://www.gov.uk/evicting-tenants, Description: Information about evicting tenants, Display Name: Housing, Display External Link: N/A | Name: Money claims, External Link: https://www.gov.uk/make-court-claim-for-money, Description: Information about making a court claim for money, Display Name: N/A, Display External Link: N/A | Name: Social security, External Link: https://www.gov.uk/tribunal/sscs, Description: Information about the Social Security and Child Support Tribunal, Display Name: Benefits, Display External Link: https://www.gov.uk/appeal-benefit-decision","Town: Wakefield, Postcode: WF1 2QN, Address: 1 Mulberry Way, Type: Visit or contact us, County: West Yorkshire, N/A, Description: N/A, EPIM ID: N/A"
"Wakefield & Pontefract Magistrates' Court",53.6839819286625,-1.50226918666401,0,0,0,"wakefield-pontefract-magistrates-court",,false,null,"No areas of law available","No address available"
"Wakefield Social Security and Child Support Tribunal",53.68398320075974,-1.502269035982297,0,0,0,"wakefield-social-security-and-child-support-tribunal",Tribunal,false,null,"Name: Social security, External Link: https://www.gov.uk/tribunal/sscs, Description: Information about the Social Security and Child Support Tribunal, Display Name: Benefits, Display External Link: https://www.gov.uk/appeal-benefit-decision","Town: Wakefield, Postcode: WF1 2TW, Address: Ground Floor, Pioneer House, Type: Visit us, County: West Yorkshire, N/A, Description: N/A, EPIM ID: N/A | Town: Leeds, Postcode: LS1 2ED, Address: York House, 31 York Place, Type: Write to us, County: West Yorkshire, N/A, Description: N/A, EPIM ID: N/A"
"Wales and South West Confiscation Unit",0.0,0.0,0,0,0,"wales-and-south-west-confiscation-unit",,true,null,"No areas of law available","Town: Port Talbot, Postcode: SA13 1SB, Address: Port Talbot Justice Centre, Harbourside Road, Type: Write to us, County: , N/A, Description: N/A, EPIM ID: N/A"
"Wales Employment Tribunal",51.4821045881533,-3.16648312194617,0,0,0,"wales-employment-tribunal",Tribunal,true,null,"Name: Employment, External Link: https://www.gov.uk/courts-tribunals/employment-tribunal, Description: Information about the Employment Tribunal, Display Name: Claims against employers, Display External Link: https://www.gov.uk/employment-tribunals","Town: Cardiff, Postcode: CF24 0RZ, Address: 3rd Floor, Cardiff and the Vale Magistrates Court, Fitzalan Place, Type: Visit us, County: Cardiff, N/A, Description: N/A, EPIM ID: N/A"
"Wales Enforcement  Office",51.5918109791699,-3.78514366176877,0,0,0,wales-enforcement-office,,true,null,"No areas of law available","Town: Port Talbot, Postcode: SA13 1SB, Address: Port Talbot Justice Centre, Harbourside Road, Type: Write to us, County: Neath Port Talbot, N/A, Description: N/A, EPIM ID: N/A"
"Walsall County and Family Court",52.5848091933884,-1.97796553759255,0,358,0,"walsall-county-and-family-court","County Court | Family Court",true,"701943 Walsall 2","Name: Bankruptcy, External Link: https://www.gov.uk/apply-for-bankruptcy, Description: Information about applying for bankruptcy, Display Name: N/A, Display External Link: https://www.gov.uk/bankruptcy | Name: Children, External Link: N/A, Description: N/A, Display Name: Childcare arrangements if you separate from your partner, Display External Link: https://www.gov.uk/looking-after-children-divorce | Name: Divorce, External Link: https://www.gov.uk/divorce, Description: Information about getting a divorce, Display Name: N/A, Display External Link: N/A | Name: Domestic violence, External Link: N/A, Description: N/A, Display Name: Domestic abuse, Display External Link: https://www.gov.uk/injunction-domestic-violence | Name: High Court District Registry, External Link: N/A, Description: N/A, Display Name: High Court cases – serious or high profile criminal or civil law cases, Display External Link: N/A | Name: Housing possession, External Link: https://www.gov.uk/evicting-tenants, Description: Information about evicting tenants, Display Name: Housing, Display External Link: N/A | Name: Money claims, External Link: https://www.gov.uk/make-court-claim-for-money, Description: Information about making a court claim for money, Display Name: N/A, Display External Link: N/A | Name: Social security, External Link: https://www.gov.uk/tribunal/sscs, Description: Information about the Social Security and Child Support Tribunal, Display Name: Benefits, Display External Link: https://www.gov.uk/appeal-benefit-decision","Town: Walsall, Postcode: WS1 1JQ, Address: Bridge House, Bridge Street, Type: Visit or contact us, County: Staffordshire, N/A, Description: N/A, EPIM ID: N/A"
"Walsall Magistrates' Court",52.5890904724748,-1.98563894137711,0,0,2923,"walsall-magistrates-court","Magistrates' Court",true,null,"Name: Crime, External Link: N/A, Description: N/A, Display Name: N/A, Display External Link: N/A | Name: Single justice procedure, External Link: N/A, Description: N/A, Display Name: N/A, Display External Link: N/A","Town: Walsall, Postcode: WS2 8HA, Address: Stafford Street, Type: Visit us, County: Staffordshire, N/A, Description: N/A, EPIM ID: N/A | Town: Dudley, Postcode: DY1 1RY, Address: Dudley Courthouse, The Inhedge, Type: Write to us, County: Staffordshire, N/A, Description: N/A, EPIM ID: N/A"
"Waltham Forest Magistrates' Court",51.59069156289233,-0.01478499036130696,2574,0,0,"waltham-forest-magistrates-court","Magistrates' Court",false,"157540 Bow 3","Name: Crime, External Link: N/A, Description: N/A, Display Name: N/A, Display External Link: N/A | Name: Single justice procedure, External Link: N/A, Description: N/A, Display Name: N/A, Display External Link: N/A","Town: Walthamstow, Postcode: E17 4NX, Address: The Court House, 1 Farnan Avenue, Type: Visit us, County: Essex, N/A, Description: N/A, EPIM ID: N/A | Town: London, Postcode: E3 4DJ, Address: Central Administration Unit, Thames Magistrates' Court, 58 Bow Road, Type: Write to us, County: Essex, N/A, Description: N/A, EPIM ID: N/A"
"Wandsworth County Court and Family Court",51.4591490093168,-0.209217124212627,0,359,0,"wandsworth-county-court-and-family-court","County Court | Family Court",true,"97540 Putney 2","Name: Housing possession, External Link: https://www.gov.uk/evicting-tenants, Description: Information about evicting tenants, Display Name: Housing, Display External Link: N/A | Name: Money claims, External Link: https://www.gov.uk/make-court-claim-for-money, Description: Information about making a court claim for money, Display Name: N/A, Display External Link: N/A","Town: Putney, Postcode: SW15 2SU, Address: 76-78 Upper Richmond Road, Type: Visit or contact us, County: Surrey, N/A, Description: N/A, EPIM ID: N/A"
"Wantage Magistrates' Court",0.0,0.0,0,0,0,"wantage-magistrates-court",,false,null,"No areas of law available","No address available"
"War Pensions & Armed Forces Compensation Chamber",51.51913083650755,-0.11075369730696792,0,0,0,"war-pensions-armed-forces-compensation-chamber",Tribunal,true,null,"No areas of law available","Town: London, Postcode: EC1N 7RS, Address: Fox Court, 30 Brooke Street, Type: Visit us, County: Leicestershire, N/A, Description: N/A, EPIM ID: N/A | Town: Loughborough, Postcode: LE11 9PT, Address: War Pensions And Armed Forces Compensation, PO Box 11206, Type: Write to us, County: Leicestershire, N/A, Description: N/A, EPIM ID: N/A"
"Warrington County Court and Family Court",53.3906177548681,-2.59882047870647,0,0,0,"warrington-county-court-and-family-court",,false,null,"No areas of law available","No address available"
"Warrington Crown Court",53.3906717587845,-2.59880620027556,462,0,0,warrington-crown-court,"Crown Court",true,null,"Name: Crime, External Link: N/A, Description: N/A, Display Name: N/A, Display External Link: N/A | Name: Single justice procedure, External Link: N/A, Description: N/A, Display Name: N/A, Display External Link: N/A","Town: Warrington, Postcode: WA1 1UR, Address: Law Courts, Legh Street, Type: Visit us, County: Lancashire, N/A, Description: N/A, EPIM ID: N/A | Town: Chester, Postcode: CH1 2AN, Address: The Castle, Type: Write to us, County: Lancashire, N/A, Description: N/A, EPIM ID: N/A"
"Warrington Magistrates' Court",53.3906717587845,-2.59880620027556,0,0,1722,"warrington-magistrates-court","Magistrates' Court",true,"17793 Warrington 1","Name: Crime, External Link: N/A, Description: N/A, Display Name: N/A, Display External Link: N/A | Name: Single justice procedure, External Link: N/A, Description: N/A, Display Name: N/A, Display External Link: N/A","Town: Warrington, Postcode: WA1 1UR, Address: Warrington Law Courts, Legh Street, Type: Visit or contact us, County: Lancashire, N/A, Description: N/A, EPIM ID: N/A"
"Warwick Combined Court",52.2883886845691,-1.53345710604887,463,361,2905,warwick-combined-court,"County Court | Crown Court | Magistrates' Court",true,"701964:Leamington Spa 7","Name: Bankruptcy, External Link: https://www.gov.uk/apply-for-bankruptcy, Description: Information about applying for bankruptcy, Display Name: N/A, Display External Link: https://www.gov.uk/bankruptcy | Name: Crime, External Link: N/A, Description: N/A, Display Name: N/A, Display External Link: N/A | Name: Housing possession, External Link: https://www.gov.uk/evicting-tenants, Description: Information about evicting tenants, Display Name: Housing, Display External Link: N/A | Name: Money claims, External Link: https://www.gov.uk/make-court-claim-for-money, Description: Information about making a court claim for money, Display Name: N/A, Display External Link: N/A | Name: Single justice procedure, External Link: N/A, Description: N/A, Display Name: N/A, Display External Link: N/A","Town: Leamington Spa, Postcode: CV32 4EL, Address: Warwickshire Justice Centre, Newbold Terrace, Type: Visit or contact us, County: Warwickshire, N/A, Description: N/A, EPIM ID: N/A"
"Watford County Court and Family Court",51.65348333400694,-0.39454408946285924,0,362,0,"watford-county-court-and-family-court","County Court | Family Court",true,"122740 Watford 5","Name: Adoption, External Link: https://www.gov.uk/child-adoption, Description: Information about adopting a child, Display Name: N/A, Display External Link: https://www.gov.uk/child-adoption/applying-for-an-adoption-court-order | Name: Children, External Link: N/A, Description: N/A, Display Name: Childcare arrangements if you separate from your partner, Display External Link: https://www.gov.uk/looking-after-children-divorce | Name: Divorce, External Link: https://www.gov.uk/divorce, Description: Information about getting a divorce, Display Name: N/A, Display External Link: N/A | Name: Domestic violence, External Link: N/A, Description: N/A, Display Name: Domestic abuse, Display External Link: https://www.gov.uk/injunction-domestic-violence | Name: Housing possession, External Link: https://www.gov.uk/evicting-tenants, Description: Information about evicting tenants, Display Name: Housing, Display External Link: N/A | Name: Money claims, External Link: https://www.gov.uk/make-court-claim-for-money, Description: Information about making a court claim for money, Display Name: N/A, Display External Link: N/A","Town: Watford, Postcode: WD18 0BW, Address: 10 King Street, Type: Visit or contact us, County: Hertfordshire, N/A, Description: N/A, EPIM ID: N/A"
"Watford Family Court ",51.6618079699505,-0.397691060924419,1910,0,0,"watford-magistrates-court-and-family-court","Family Court",false,null,"Name: Adoption, External Link: https://www.gov.uk/child-adoption, Description: Information about adopting a child, Display Name: N/A, Display External Link: https://www.gov.uk/child-adoption/applying-for-an-adoption-court-order | Name: Children, External Link: N/A, Description: N/A, Display Name: Childcare arrangements if you separate from your partner, Display External Link: https://www.gov.uk/looking-after-children-divorce | Name: Domestic violence, External Link: N/A, Description: N/A, Display Name: Domestic abuse, Display External Link: https://www.gov.uk/injunction-domestic-violence | Name: FGM, External Link: https://www.gov.uk/government/collections/female-genital-mutilation, Description: N/A, Display Name: Female Genital Mutilation, Display External Link: N/A | Name: Forced marriage, External Link: https://www.gov.uk/apply-forced-marriage-protection-order, Description: Information about forced marriage protection orders, Display Name: N/A, Display External Link: N/A","Town: Watford, Postcode: WD17 1ST, Address: The Court House, 61 Clarendon Road, Type: Visit us, County: Hertfordshire, N/A, Description: N/A, EPIM ID: N/A | Town: Watford, Postcode: WD17 1EZ, Address: Watford County Court and Family Court Hearing Centre, 3rd Floor Cassiobury House, 11-19 Station Road, Type: Write to us, County: Hertfordshire, N/A, Description: N/A, EPIM ID: N/A"
"Watford Tribunal Hearing Centre",51.659764404490275,-0.39751731180288474,0,0,0,"watford-tribunal-hearing-centre",Tribunal,true,"155650 Watford 3","Name: Children, External Link: N/A, Description: N/A, Display Name: Childcare arrangements if you separate from your partner, Display External Link: https://www.gov.uk/looking-after-children-divorce | Name: Employment, External Link: https://www.gov.uk/courts-tribunals/employment-tribunal, Description: Information about the Employment Tribunal, Display Name: Claims against employers, Display External Link: https://www.gov.uk/employment-tribunals | Name: Social security, External Link: https://www.gov.uk/tribunal/sscs, Description: Information about the Social Security and Child Support Tribunal, Display Name: Benefits, Display External Link: https://www.gov.uk/appeal-benefit-decision","Town: Watford, Postcode: WD17 1HP, Address: Radius House, 51 Clarendon Road, Type: Visit us, County: Hertfordshire, N/A, Description: N/A, EPIM ID: N/A | Town: Harlow, Postcode: CM20 9QF, Address: HMCTS Benefit Appeals, PO Box 12626, Type: Write to us, County: Essex, Areas of Law: Social security, Description: N/A, EPIM ID: N/A"
"Wellingborough County Court",0.0,0.0,0,0,0,"wellingborough-county-court",,false,null,"No areas of law available","No address available"
"Wellingborough Magistrates' Court",52.30157333826395,-0.6891093505534182,0,0,2328,"wellingborough-magistrates-court","Magistrates' Court",true,"DX: 725380 Northampton 21","Name: Crime, External Link: N/A, Description: N/A, Display Name: N/A, Display External Link: N/A | Name: Single justice procedure, External Link: N/A, Description: N/A, Display Name: N/A, Display External Link: N/A | Name: Social security, External Link: https://www.gov.uk/tribunal/sscs, Description: Information about the Social Security and Child Support Tribunal, Display Name: Benefits, Display External Link: https://www.gov.uk/appeal-benefit-decision","Town: Wellingborough, Postcode: NN8 1HF, Address: The Court House, Midland Road, Type: Visit us, County: Northamptonshire, N/A, Description: N/A, EPIM ID: N/A | Town: Northampton, Postcode: NN1 3HQ, Address: 85-87 Lady's Lane, Type: Write to us, County: Northamptonshire, N/A, Description: N/A, EPIM ID: N/A"
"Welshpool Magistrates' Court",52.659022105233156,-3.146283302595518,0,366,3355,"welshpool-magistrates-court","County Court | Magistrates' Court",true,"745320 Wrexham 9","Name: Bankruptcy, External Link: https://www.gov.uk/apply-for-bankruptcy, Description: Information about applying for bankruptcy, Display Name: N/A, Display External Link: https://www.gov.uk/bankruptcy | Name: Children, External Link: N/A, Description: N/A, Display Name: Childcare arrangements if you separate from your partner, Display External Link: https://www.gov.uk/looking-after-children-divorce | Name: Crime, External Link: N/A, Description: N/A, Display Name: N/A, Display External Link: N/A | Name: Divorce, External Link: https://www.gov.uk/divorce, Description: Information about getting a divorce, Display Name: N/A, Display External Link: N/A | Name: Employment, External Link: https://www.gov.uk/courts-tribunals/employment-tribunal, Description: Information about the Employment Tribunal, Display Name: Claims against employers, Display External Link: https://www.gov.uk/employment-tribunals | Name: Housing possession, External Link: https://www.gov.uk/evicting-tenants, Description: Information about evicting tenants, Display Name: Housing, Display External Link: N/A | Name: Money claims, External Link: https://www.gov.uk/make-court-claim-for-money, Description: Information about making a court claim for money, Display Name: N/A, Display External Link: N/A | Name: Single justice procedure, External Link: N/A, Description: N/A, Display Name: N/A, Display External Link: N/A | Name: Social security, External Link: https://www.gov.uk/tribunal/sscs, Description: Information about the Social Security and Child Support Tribunal, Display Name: Benefits, Display External Link: https://www.gov.uk/appeal-benefit-decision","Town: Welshpool, Postcode: SY21 7UX, Address: Mansion House, 24 Severn Street, Type: Visit or contact us, County: Denbighshire, N/A, Description: N/A, EPIM ID: N/A | Town: Wrexham, Postcode: LL12 7PB, Address: For Civil and Family, Wrexham County Court, Bodhyfryd,, Wrexham, Type: Write to us, County: Denbighshire, N/A, Description: N/A, EPIM ID: N/A"
"West Berkshire Magistrates' Court, Newbury",51.40092842819847,-1.317982620736303,1069,0,0,"west-berkshire-magistrates-court-newbury","Magistrates' Court",false,"151160 Reading 25","Name: Crime, External Link: N/A, Description: N/A, Display Name: N/A, Display External Link: N/A | Name: Single justice procedure, External Link: N/A, Description: N/A, Display Name: N/A, Display External Link: N/A","Town: Newbury, Postcode: RG14 5QS, Address: The Court House, Mill Lane, Type: Visit us, County: Berkshire, N/A, Description: N/A, EPIM ID: N/A | Town: Reading, Postcode: RG1 7TQ, Address: Admin Centre, Reading Magistrates' Court, Castle Street, Type: Write to us, County: Berkshire, N/A, Description: N/A, EPIM ID: N/A"
"West Bromwich Magistrates' Court",0.0,0.0,0,0,0,"west-bromwich-magistrates-court",,false,null,"No areas of law available","No address available"
"West Cumbria Courthouse",54.6439704287508,-3.54234020589208,0,373,1752,west-cumbria-courthouse,"County Court | Family Court | Magistrates' Court",true,"743420 Workington 5","Name: Adoption, External Link: https://www.gov.uk/child-adoption, Description: Information about adopting a child, Display Name: N/A, Display External Link: https://www.gov.uk/child-adoption/applying-for-an-adoption-court-order | Name: Bankruptcy, External Link: https://www.gov.uk/apply-for-bankruptcy, Description: Information about applying for bankruptcy, Display Name: N/A, Display External Link: https://www.gov.uk/bankruptcy | Name: Children, External Link: N/A, Description: N/A, Display Name: Childcare arrangements if you separate from your partner, Display External Link: https://www.gov.uk/looking-after-children-divorce | Name: Crime, External Link: N/A, Description: N/A, Display Name: N/A, Display External Link: N/A | Name: Divorce, External Link: https://www.gov.uk/divorce, Description: Information about getting a divorce, Display Name: N/A, Display External Link: N/A | Name: Domestic violence, External Link: N/A, Description: N/A, Display Name: Domestic abuse, Display External Link: https://www.gov.uk/injunction-domestic-violence | Name: Employment, External Link: https://www.gov.uk/courts-tribunals/employment-tribunal, Description: Information about the Employment Tribunal, Display Name: Claims against employers, Display External Link: https://www.gov.uk/employment-tribunals | Name: Housing possession, External Link: https://www.gov.uk/evicting-tenants, Description: Information about evicting tenants, Display Name: Housing, Display External Link: N/A | Name: Money claims, External Link: https://www.gov.uk/make-court-claim-for-money, Description: Information about making a court claim for money, Display Name: N/A, Display External Link: N/A | Name: Single justice procedure, External Link: N/A, Description: N/A, Display Name: N/A, Display External Link: N/A | Name: Social security, External Link: https://www.gov.uk/tribunal/sscs, Description: Information about the Social Security and Child Support Tribunal, Display Name: Benefits, Display External Link: https://www.gov.uk/appeal-benefit-decision","Town: Workington, Postcode: CA14 4AS, Address: Hall Park, Ramsay Brow, Type: Visit us, County: Cumbria, N/A, Description: N/A, EPIM ID: N/A"
"West London Family Court",51.458536317928,-0.412620876581387,0,0,0,west-london-family-court,"Family Court",true,"310601 Feltham 4","Name: Adoption, External Link: https://www.gov.uk/child-adoption, Description: Information about adopting a child, Display Name: N/A, Display External Link: https://www.gov.uk/child-adoption/applying-for-an-adoption-court-order | Name: Children, External Link: N/A, Description: N/A, Display Name: Childcare arrangements if you separate from your partner, Display External Link: https://www.gov.uk/looking-after-children-divorce | Name: Domestic violence, External Link: N/A, Description: N/A, Display Name: Domestic abuse, Display External Link: https://www.gov.uk/injunction-domestic-violence | Name: FGM, External Link: https://www.gov.uk/government/collections/female-genital-mutilation, Description: N/A, Display Name: Female Genital Mutilation, Display External Link: N/A | Name: Forced marriage, External Link: https://www.gov.uk/apply-forced-marriage-protection-order, Description: Information about forced marriage protection orders, Display Name: N/A, Display External Link: N/A","Town: Feltham, Postcode: TW14 0LR, Address: Gloucester House, 4 Dukes Green Avenue, Type: Visit or contact us, County: Greater London, N/A, Description: N/A, EPIM ID: N/A"
"West Midlands Regional Divorce Centre",0.0,0.0,0,0,0,"west-midlands-regional-divorce-centre","Family Court",false,"317101, Newcastle Under Lyme 14 ","Name: Civil partnership, External Link: https://www.gov.uk/end-civil-partnership, Description: Information about ending a civil partnership, Display Name: N/A, Display External Link: N/A | Name: Divorce, External Link: https://www.gov.uk/divorce, Description: Information about getting a divorce, Display Name: N/A, Display External Link: N/A","Town: Newcastle-under-Lyme, Postcode: ST5 2AA, Address: PO Box 4683, North Staffordshire Justice Centre, Ryecroft, Type: Write to us, County: Staffordshire, N/A, Description: N/A, EPIM ID: N/A"
"Westminster Magistrates' Court",51.5207076010328,-0.164180318928971,0,0,2570,"westminster-magistrates-court","Magistrates' Court",true,"120551 Marylebone 9","Name: Crime, External Link: N/A, Description: N/A, Display Name: N/A, Display External Link: N/A | Name: Single justice procedure, External Link: N/A, Description: N/A, Display Name: N/A, Display External Link: N/A","Town: London, Postcode: NW1 5BR, Address: 181 Marylebone Road, Type: Visit or contact us, County: Greater London, N/A, Description: N/A, EPIM ID: N/A"
"Weston-Super-Mare County Court and Family Court",51.3607133647749,-2.9050785995106,0,370,0,"weston-super-mare-county-court-and-family-court","County Court | Family Court | Magistrates' Court",true,"152361 Weston-super-Mare 5","Name: Divorce, External Link: https://www.gov.uk/divorce, Description: Information about getting a divorce, Display Name: N/A, Display External Link: N/A | Name: Housing possession, External Link: https://www.gov.uk/evicting-tenants, Description: Information about evicting tenants, Display Name: Housing, Display External Link: N/A | Name: Money claims, External Link: https://www.gov.uk/make-court-claim-for-money, Description: Information about making a court claim for money, Display Name: N/A, Display External Link: N/A","Town: Weston-Super-Mare, Postcode: BS22 7BB, Address: North Somerset Courthouse, The Hedges, St Georges, Type: Visit or contact us, County: Somerset, N/A, Description: N/A, EPIM ID: N/A"
"West Somerset Magistrates' Court",51.0142965150269,-3.10966999369977,2711,0,0,"west-somerset-magistrates-court","Magistrates' Court",false,"122473 Taunton 7","Name: Crime, External Link: N/A, Description: N/A, Display Name: N/A, Display External Link: N/A | Name: Single justice procedure, External Link: N/A, Description: N/A, Display Name: N/A, Display External Link: N/A","Town: Taunton, Postcode: TA1 4AX, Address: St John's Road, Type: Visit us, County: Somerset, N/A, Description: N/A, EPIM ID: N/A"
"West Yorkshire Enforcement Office",53.74356847051462,-1.5992866723158008,0,0,0,"west-yorkshire-enforcement-office",,true,null,"No areas of law available","Town: Leeds, Postcode: LS27 7ZT, Address: Collection and Enforcement Centre, P.O. Box 135, Type: Write to us, County: South Yorkshire, N/A, Description: N/A, EPIM ID: N/A"
"Weymouth and Dorchester Combined Court Centre",50.6084015925856,-2.46010503387581,371,371,0,"weymouth-and-dorchester-combined-court-centre","County Court | Crown Court | Family Court",false,"98820 Weymouth 3","Name: Bankruptcy, External Link: https://www.gov.uk/apply-for-bankruptcy, Description: Information about applying for bankruptcy, Display Name: N/A, Display External Link: https://www.gov.uk/bankruptcy | Name: Children, External Link: N/A, Description: N/A, Display Name: Childcare arrangements if you separate from your partner, Display External Link: https://www.gov.uk/looking-after-children-divorce | Name: Crime, External Link: N/A, Description: N/A, Display Name: N/A, Display External Link: N/A | Name: Divorce, External Link: https://www.gov.uk/divorce, Description: Information about getting a divorce, Display Name: N/A, Display External Link: N/A | Name: Domestic violence, External Link: N/A, Description: N/A, Display Name: Domestic abuse, Display External Link: https://www.gov.uk/injunction-domestic-violence | Name: High Court District Registry, External Link: N/A, Description: N/A, Display Name: High Court cases – serious or high profile criminal or civil law cases, Display External Link: N/A | Name: Housing possession, External Link: https://www.gov.uk/evicting-tenants, Description: Information about evicting tenants, Display Name: Housing, Display External Link: N/A | Name: Money claims, External Link: https://www.gov.uk/make-court-claim-for-money, Description: Information about making a court claim for money, Display Name: N/A, Display External Link: N/A | Name: Single justice procedure, External Link: N/A, Description: N/A, Display Name: N/A, Display External Link: N/A | Name: Social security, External Link: https://www.gov.uk/tribunal/sscs, Description: Information about the Social Security and Child Support Tribunal, Display Name: Benefits, Display External Link: https://www.gov.uk/appeal-benefit-decision","Town: Weymouth, Postcode: DT4 8BS, Address: Weymouth and Dorchester Combined Court Centre, Westwey Road, Type: Visit us, County: Dorset, N/A, Description: N/A, EPIM ID: N/A"
"Weymouth Combined Court",50.6084015925856,-2.46010503387581,0,371,1530,weymouth-combined-court,"County Court | Family Court | Magistrates' Court",true,"98820 Weymouth 3","Name: Children, External Link: N/A, Description: N/A, Display Name: Childcare arrangements if you separate from your partner, Display External Link: https://www.gov.uk/looking-after-children-divorce | Name: Crime, External Link: N/A, Description: N/A, Display Name: N/A, Display External Link: N/A | Name: High Court District Registry, External Link: N/A, Description: N/A, Display Name: High Court cases – serious or high profile criminal or civil law cases, Display External Link: N/A | Name: Housing possession, External Link: https://www.gov.uk/evicting-tenants, Description: Information about evicting tenants, Display Name: Housing, Display External Link: N/A | Name: Money claims, External Link: https://www.gov.uk/make-court-claim-for-money, Description: Information about making a court claim for money, Display Name: N/A, Display External Link: N/A | Name: Single justice procedure, External Link: N/A, Description: N/A, Display Name: N/A, Display External Link: N/A | Name: Social security, External Link: https://www.gov.uk/tribunal/sscs, Description: Information about the Social Security and Child Support Tribunal, Display Name: Benefits, Display External Link: https://www.gov.uk/appeal-benefit-decision","Town: Weymouth, Postcode: DT4 8BS, Address: The Law Courts, Westwey Road, Type: Visit or contact us, County: Dorset, N/A, Description: N/A, EPIM ID: N/A"
"Whitehaven Magistrates' Court",0.0,0.0,0,0,0,"whitehaven-magistrates-court",,false,null,"No areas of law available","No address available"
"Wigan and Leigh Magistrates' Court",53.5429948109786,-2.62642773762857,0,0,1720,"wigan-and-leigh-magistrates-court","Magistrates' Court",true,"724820 Wigan 9","Name: Crime, External Link: N/A, Description: N/A, Display Name: N/A, Display External Link: N/A | Name: Domestic Abuse Protection Order (DAPOs), External Link: https://www.gov.uk/guidance/domestic-abuse-protection-notices-dapns-and-domestic-abuse-protection-orders-dapos, Description: N/A, Display Name: N/A, Display External Link: N/A | Name: Single justice procedure, External Link: N/A, Description: N/A, Display Name: N/A, Display External Link: N/A","Town: Wigan, Postcode: WN1 1DW, Address: Darlington Street, Type: Visit or contact us, County: Lancashire, N/A, Description: N/A, EPIM ID: N/A"
"Wigan County Court and Family Court",53.54299481097857,-2.626427737628567,0,374,0,"wigan-county-court-and-family-court","County Court | Family Court",true,"724820 Wigan 9","Name: Bankruptcy, External Link: https://www.gov.uk/apply-for-bankruptcy, Description: Information about applying for bankruptcy, Display Name: N/A, Display External Link: https://www.gov.uk/bankruptcy | Name: Children, External Link: N/A, Description: N/A, Display Name: Childcare arrangements if you separate from your partner, Display External Link: https://www.gov.uk/looking-after-children-divorce | Name: Divorce, External Link: https://www.gov.uk/divorce, Description: Information about getting a divorce, Display Name: N/A, Display External Link: N/A | Name: Domestic Abuse Protection Order (DAPOs), External Link: https://www.gov.uk/guidance/domestic-abuse-protection-notices-dapns-and-domestic-abuse-protection-orders-dapos, Description: N/A, Display Name: N/A, Display External Link: N/A | Name: Domestic violence, External Link: N/A, Description: N/A, Display Name: Domestic abuse, Display External Link: https://www.gov.uk/injunction-domestic-violence | Name: Housing possession, External Link: https://www.gov.uk/evicting-tenants, Description: Information about evicting tenants, Display Name: Housing, Display External Link: N/A | Name: Money claims, External Link: https://www.gov.uk/make-court-claim-for-money, Description: Information about making a court claim for money, Display Name: N/A, Display External Link: N/A | Name: Social security, External Link: https://www.gov.uk/tribunal/sscs, Description: Information about the Social Security and Child Support Tribunal, Display Name: Benefits, Display External Link: https://www.gov.uk/appeal-benefit-decision","Town: Wigan, Postcode: WN1 1DW, Address: Darlington Street, Type: Visit or contact us, County: , N/A, Description: N/A, EPIM ID: N/A"
"Willesden County Court and Family Court",51.5353911448027,-0.248805377010328,0,375,0,"willesden-county-court-and-family-court","County Court | Family Court",true,"97560 Harlesden 2","Name: Children, External Link: N/A, Description: N/A, Display Name: Childcare arrangements if you separate from your partner, Display External Link: https://www.gov.uk/looking-after-children-divorce | Name: Divorce, External Link: https://www.gov.uk/divorce, Description: Information about getting a divorce, Display Name: N/A, Display External Link: N/A | Name: Domestic violence, External Link: N/A, Description: N/A, Display Name: Domestic abuse, Display External Link: https://www.gov.uk/injunction-domestic-violence | Name: Housing possession, External Link: https://www.gov.uk/evicting-tenants, Description: Information about evicting tenants, Display Name: Housing, Display External Link: N/A | Name: Money claims, External Link: https://www.gov.uk/make-court-claim-for-money, Description: Information about making a court claim for money, Display Name: N/A, Display External Link: N/A","Town: Harlesden, Postcode: NW10 8SB, Address: 9 Acton Lane, Type: Visit us, County: Greater London, N/A, Description: N/A, EPIM ID: N/A | Town: Harlesden, Postcode: NW10 8SB, Address: Hearing Centre, 9 Acton Lane, Type: Write to us, County: Greater London, N/A, Description: N/A, EPIM ID: N/A"
"Willesden Magistrates' Court",51.54935891371,-0.247778701357833,0,0,2571,"willesden-magistrates-court","Magistrates' Court",true,"110850 Willesden 2","Name: Crime, External Link: N/A, Description: N/A, Display Name: N/A, Display External Link: N/A | Name: Single justice procedure, External Link: N/A, Description: N/A, Display Name: N/A, Display External Link: N/A","Town: London, Postcode: NW10 2DZ, Address: 448 High Road, Type: Visit or contact us, County: Greater London, N/A, Description: N/A, EPIM ID: N/A"
"Wimbledon Magistrates' Court",51.4236325000507,-0.203600951701077,0,0,2577,"wimbledon-magistrates-court","Magistrates' Court",true,"58559 Clapham Junction","Name: Crime, External Link: N/A, Description: N/A, Display Name: N/A, Display External Link: N/A | Name: Single justice procedure, External Link: N/A, Description: N/A, Display Name: N/A, Display External Link: N/A","Town: Wimbledon, Postcode: SW19 7JP, Address: The Court House, Alexandra Road, Type: Visit us, County: Surrey, N/A, Description: N/A, EPIM ID: N/A | Town: Battersea, Postcode: SW 11 1JU, Address: South West Administration Centre, 176a Lavender Hill, Type: Write to us, County: Surrey, N/A, Description: N/A, EPIM ID: N/A"
"Wimbourne Magistrates' Court",0.0,0.0,0,0,0,"wimbourne-magistrates-court",,false,null,"No areas of law available","No address available"
"Winchester Combined Court Centre",51.0624478484897,-1.31898486042345,465,376,0,"winchester-combined-court-centre","County Court | Crown Court | Family Court",true,"98520 Winchester 3","Name: Bankruptcy, External Link: https://www.gov.uk/apply-for-bankruptcy, Description: Information about applying for bankruptcy, Display Name: N/A, Display External Link: https://www.gov.uk/bankruptcy | Name: Crime, External Link: N/A, Description: N/A, Display Name: N/A, Display External Link: N/A | Name: Divorce, External Link: https://www.gov.uk/divorce, Description: Information about getting a divorce, Display Name: N/A, Display External Link: N/A | Name: Domestic violence, External Link: N/A, Description: N/A, Display Name: Domestic abuse, Display External Link: https://www.gov.uk/injunction-domestic-violence | Name: High Court District Registry, External Link: N/A, Description: N/A, Display Name: High Court cases – serious or high profile criminal or civil law cases, Display External Link: N/A | Name: Housing possession, External Link: https://www.gov.uk/evicting-tenants, Description: Information about evicting tenants, Display Name: Housing, Display External Link: N/A | Name: Money claims, External Link: https://www.gov.uk/make-court-claim-for-money, Description: Information about making a court claim for money, Display Name: N/A, Display External Link: N/A | Name: Single justice procedure, External Link: N/A, Description: N/A, Display Name: N/A, Display External Link: N/A","Town: Winchester, Postcode: SO23 9EL, Address: Winchester Combined Court, The Law Courts, Type: Visit or contact us, County: Hampshire, N/A, Description: N/A, EPIM ID: N/A"
"Winchester District Probate Registry",51.0624478484897,-1.31898486042345,0,0,0,"winchester-district-probate-registry","Family Court",true,"96900 Winchester 2","Name: Probate, External Link: https://www.gov.uk/wills-probate-inheritance, Description: Information about wills and probate, Display Name: N/A, Display External Link: https://www.gov.uk/applying-for-probate","Town: Winchester, Postcode: SO23 9EL, Address: 1st Floor, Southside Offices, The Law Courts, Type: Visit or contact us, County: Hampshire, N/A, Description: N/A, EPIM ID: N/A"
"Wirral Magistrates' Court",53.3929587771574,-3.01347302452909,0,0,2271,wirral-magistrates-court,"Magistrates' Court",true,"17888 Birkenhead","Name: Crime, External Link: N/A, Description: N/A, Display Name: N/A, Display External Link: N/A | Name: Single justice procedure, External Link: N/A, Description: N/A, Display Name: N/A, Display External Link: N/A","Town: Birkenhead, Postcode: CH41 5HW, Address: Chester Street, Type: Visit or contact us, County: Merseyside, N/A, Description: N/A, EPIM ID: N/A"
"Wisbech Magistrates' Court",0.0,0.0,0,0,0,"wisbech-magistrates-court",,false,null,"No areas of law available","No address available"
"Woking Magistrates' Court",0.0,0.0,0,0,0,woking-magistrates-court,,false,null,"No areas of law available","No address available"
"Wolverhampton Combined Court Centre",52.5843613876214,-2.12213213490178,421,378,0,"wolverhampton-combined-court-centre","County Court | Crown Court | Family Court",true,"702019 Wolverhampton 4","Name: Adoption, External Link: https://www.gov.uk/child-adoption, Description: Information about adopting a child, Display Name: N/A, Display External Link: https://www.gov.uk/child-adoption/applying-for-an-adoption-court-order | Name: Bankruptcy, External Link: https://www.gov.uk/apply-for-bankruptcy, Description: Information about applying for bankruptcy, Display Name: N/A, Display External Link: https://www.gov.uk/bankruptcy | Name: Children, External Link: N/A, Description: N/A, Display Name: Childcare arrangements if you separate from your partner, Display External Link: https://www.gov.uk/looking-after-children-divorce | Name: Civil partnership, External Link: https://www.gov.uk/end-civil-partnership, Description: Information about ending a civil partnership, Display Name: N/A, Display External Link: N/A | Name: Crime, External Link: N/A, Description: N/A, Display Name: N/A, Display External Link: N/A | Name: Divorce, External Link: https://www.gov.uk/divorce, Description: Information about getting a divorce, Display Name: N/A, Display External Link: N/A | Name: Domestic violence, External Link: N/A, Description: N/A, Display Name: Domestic abuse, Display External Link: https://www.gov.uk/injunction-domestic-violence | Name: High Court District Registry, External Link: N/A, Description: N/A, Display Name: High Court cases – serious or high profile criminal or civil law cases, Display External Link: N/A | Name: Housing possession, External Link: https://www.gov.uk/evicting-tenants, Description: Information about evicting tenants, Display Name: Housing, Display External Link: N/A | Name: Money claims, External Link: https://www.gov.uk/make-court-claim-for-money, Description: Information about making a court claim for money, Display Name: N/A, Display External Link: N/A | Name: Single justice procedure, External Link: N/A, Description: N/A, Display Name: N/A, Display External Link: N/A","Town: Wolverhampton, Postcode: WV1 3LQ, Address: Pipers Row, Type: Visit or contact us, County: West Midlands, N/A, Description: N/A, EPIM ID: N/A"
"Wolverhampton Magistrates' Court",52.5861694498579,-2.13041737685247,0,0,2923,"wolverhampton-magistrates-court","Crown Court | Family Court | Magistrates' Court",true,null,"Name: Crime, External Link: N/A, Description: N/A, Display Name: N/A, Display External Link: N/A | Name: Single justice procedure, External Link: N/A, Description: N/A, Display Name: N/A, Display External Link: N/A","Town: Wolverhampton, Postcode: WV1 1RA, Address: The Law Courts, North Street, Type: Visit us, County: West Midlands, N/A, Description: N/A, EPIM ID: N/A | Town: Dudley, Postcode: DY1 1RY, Address: Dudley Court House, The Inhedge, Type: Write to us, County: West Midlands, N/A, Description: N/A, EPIM ID: N/A"
"Wolverhampton SSCS",52.58671440014412,-2.1326181353364717,0,0,0,wolverhampton-sscs,,true,null,"Name: Benefits, External Link: https://www.gov.uk/appeal-benefit-decision, Description: N/A, Display Name: N/A, Display External Link: N/A","Town: Wolverhampton, Postcode: WV1 4DJ, Address: Social Security and Child Support (SSCS) and Specialist Tribunal , Ground Floor, 31 Waterloo Road, Type: Visit us, County: West Midlands, N/A, Description: N/A, EPIM ID: "
"Wood Green Crown Court",51.598840719306,-0.105165586070411,469,0,0,wood-green-crown-court,"Crown Court",true,"130346 Wood Green 3","Name: Crime, External Link: N/A, Description: N/A, Display Name: N/A, Display External Link: N/A | Name: Single justice procedure, External Link: N/A, Description: N/A, Display Name: N/A, Display External Link: N/A","Town: Wood Green, Postcode: N22 5LF, Address: Woodall House, Lordship Lane, Type: Visit or contact us, County: Greater London, N/A, Description: N/A, EPIM ID: N/A"
"Woolwich County Court and Family Court",0.0,0.0,379,379,0,"woolwich-county-court-and-family-court",,false,null,"Name: Children, External Link: N/A, Description: N/A, Display Name: Childcare arrangements if you separate from your partner, Display External Link: https://www.gov.uk/looking-after-children-divorce | Name: Domestic violence, External Link: N/A, Description: N/A, Display Name: Domestic abuse, Display External Link: https://www.gov.uk/injunction-domestic-violence | Name: Housing possession, External Link: https://www.gov.uk/evicting-tenants, Description: Information about evicting tenants, Display Name: Housing, Display External Link: N/A | Name: Money claims, External Link: https://www.gov.uk/make-court-claim-for-money, Description: Information about making a court claim for money, Display Name: N/A, Display External Link: N/A","No address available"
"Woolwich Crown Court",51.4964968815164,0.0901384001026491,472,0,0,woolwich-crown-court,"Crown Court",true,"117650 Woolwich 7","Name: Crime, External Link: N/A, Description: N/A, Display Name: N/A, Display External Link: N/A | Name: Single justice procedure, External Link: N/A, Description: N/A, Display Name: N/A, Display External Link: N/A","Town: London, Postcode: SE28 0EY, Address: 2 Belmarsh Road, Type: Visit or contact us, County: Kent, N/A, Description: N/A, EPIM ID: N/A"
"Woolwich Magistrates' Court",0.0,0.0,0,0,0,"woolwich-magistrates-court",,false,null,"No areas of law available","No address available"
"Worcester Combined Court",52.196949238584,-2.22188333457011,466,380,0,worcester-combined-court,"County Court | Crown Court | Family Court",true,"721120 Worcester 11","Name: Adoption, External Link: https://www.gov.uk/child-adoption, Description: Information about adopting a child, Display Name: N/A, Display External Link: https://www.gov.uk/child-adoption/applying-for-an-adoption-court-order | Name: Bankruptcy, External Link: https://www.gov.uk/apply-for-bankruptcy, Description: Information about applying for bankruptcy, Display Name: N/A, Display External Link: https://www.gov.uk/bankruptcy | Name: Children, External Link: N/A, Description: N/A, Display Name: Childcare arrangements if you separate from your partner, Display External Link: https://www.gov.uk/looking-after-children-divorce | Name: Crime, External Link: N/A, Description: N/A, Display Name: N/A, Display External Link: N/A | Name: Divorce, External Link: https://www.gov.uk/divorce, Description: Information about getting a divorce, Display Name: N/A, Display External Link: N/A | Name: Domestic violence, External Link: N/A, Description: N/A, Display Name: Domestic abuse, Display External Link: https://www.gov.uk/injunction-domestic-violence | Name: High Court District Registry, External Link: N/A, Description: N/A, Display Name: High Court cases – serious or high profile criminal or civil law cases, Display External Link: N/A | Name: Housing possession, External Link: https://www.gov.uk/evicting-tenants, Description: Information about evicting tenants, Display Name: Housing, Display External Link: N/A | Name: Money claims, External Link: https://www.gov.uk/make-court-claim-for-money, Description: Information about making a court claim for money, Display Name: N/A, Display External Link: N/A | Name: Single justice procedure, External Link: N/A, Description: N/A, Display Name: N/A, Display External Link: N/A","Town: Worcester, Postcode: WR1 1EQ, Address: The Shirehall, Foregate Street, Type: Visit or contact us, County: Worcestershire, N/A, Description: N/A, EPIM ID: N/A"
"Worcester Justice Centre",52.1969266053622,-2.22434113063793,0,0,1894,worcester-justice-centre,"Magistrates' Court",true,null,"Name: Crime, External Link: N/A, Description: N/A, Display Name: N/A, Display External Link: N/A | Name: Single justice procedure, External Link: N/A, Description: N/A, Display Name: N/A, Display External Link: N/A","Town: Worcester, Postcode: WR1 3QZ, Address: Castle Street, Type: Visit or contact us, County: Worcestershire, N/A, Description: N/A, EPIM ID: N/A"
"Worksop County Court",0.0,0.0,0,0,0,worksop-county-court,,false,null,"No areas of law available","No address available"
"Worksop Magistrates' Court",53.3019742001744,-1.12223104477811,2095,0,0,"worksop-magistrates-court","Magistrates' Court",false,"743240 Worksop 4","Name: Crime, External Link: N/A, Description: N/A, Display Name: N/A, Display External Link: N/A | Name: Single justice procedure, External Link: N/A, Description: N/A, Display Name: N/A, Display External Link: N/A","Town: Mansfield, Postcode: NG19 6EE, Address: Mansfield Magistrates' Court, The Court House, Rosemary Street, Type: Write to us, County: Nottinghamshire, N/A, Description: N/A, EPIM ID: N/A"
"Worthing County Court and Family Court",50.8141600182066,-0.374064809338082,0,383,0,"worthing-county-court-and-family-court","County Court | Family Court",true,"98230 Worthing 4","Name: Children, External Link: N/A, Description: N/A, Display Name: Childcare arrangements if you separate from your partner, Display External Link: https://www.gov.uk/looking-after-children-divorce | Name: Divorce, External Link: https://www.gov.uk/divorce, Description: Information about getting a divorce, Display Name: N/A, Display External Link: N/A | Name: Domestic violence, External Link: N/A, Description: N/A, Display Name: Domestic abuse, Display External Link: https://www.gov.uk/injunction-domestic-violence | Name: High Court District Registry, External Link: N/A, Description: N/A, Display Name: High Court cases – serious or high profile criminal or civil law cases, Display External Link: N/A | Name: Housing possession, External Link: https://www.gov.uk/evicting-tenants, Description: Information about evicting tenants, Display Name: Housing, Display External Link: N/A | Name: Money claims, External Link: https://www.gov.uk/make-court-claim-for-money, Description: Information about making a court claim for money, Display Name: N/A, Display External Link: N/A","Town: Worthing, Postcode: BN11 1JD, Address: The Law Courts, Christchurch Road, Type: Visit or contact us, County: Neath Port Talbot, N/A, Description: N/A, EPIM ID: N/A"
"Worthing Magistrates' Court",50.8140517559121,-0.374040177927471,0,0,2949,"worthing-magistrates-court","Magistrates' Court",true,"DX 153460 Brighton 17","Name: Crime, External Link: N/A, Description: N/A, Display Name: N/A, Display External Link: N/A | Name: Single justice procedure, External Link: N/A, Description: N/A, Display Name: N/A, Display External Link: N/A","Town: Worthing, Postcode: BN11 1JE, Address: The Law Courts, Christchurch Road, Type: Visit us, County: East Sussex, N/A, Description: N/A, EPIM ID: N/A | Town: Brighton, Postcode: BN2 0LG, Address: Sussex Magistrates' Court Administration Centre, Edward Street, Type: Write to us, County: East Sussex, N/A, Description: N/A, EPIM ID: N/A"
"Wrexham County and Family  Court",53.0484595408962,-2.98952792283808,0,384,0,"wrexham-county-and-family--court","County Court | Family Court",true,"745320 Wrecsam/Wrexham 9","Name: Adoption, External Link: https://www.gov.uk/child-adoption, Description: Information about adopting a child, Display Name: N/A, Display External Link: https://www.gov.uk/child-adoption/applying-for-an-adoption-court-order | Name: Bankruptcy, External Link: https://www.gov.uk/apply-for-bankruptcy, Description: Information about applying for bankruptcy, Display Name: N/A, Display External Link: https://www.gov.uk/bankruptcy | Name: Children, External Link: N/A, Description: N/A, Display Name: Childcare arrangements if you separate from your partner, Display External Link: https://www.gov.uk/looking-after-children-divorce | Name: Civil partnership, External Link: https://www.gov.uk/end-civil-partnership, Description: Information about ending a civil partnership, Display Name: N/A, Display External Link: N/A | Name: Divorce, External Link: https://www.gov.uk/divorce, Description: Information about getting a divorce, Display Name: N/A, Display External Link: N/A | Name: Domestic Abuse Protection Order (DAPOs), External Link: https://www.gov.uk/guidance/domestic-abuse-protection-notices-dapns-and-domestic-abuse-protection-orders-dapos, Description: N/A, Display Name: N/A, Display External Link: N/A | Name: Domestic violence, External Link: N/A, Description: N/A, Display Name: Domestic abuse, Display External Link: https://www.gov.uk/injunction-domestic-violence | Name: Financial Remedy, External Link: https://www.gov.uk/money-property-when-relationship-ends, Description: N/A, Display Name: If you are making an application to settle your finances following a divorce (Financial Remedy), please refer to the guidance found here, Display External Link: N/A | Name: Housing possession, External Link: https://www.gov.uk/evicting-tenants, Description: Information about evicting tenants, Display Name: Housing, Display External Link: N/A | Name: Money claims, External Link: https://www.gov.uk/make-court-claim-for-money, Description: Information about making a court claim for money, Display Name: N/A, Display External Link: N/A","Town: Wrexham, Postcode: LL12 7BP, Address: The Law Courts, Bodhyfryd, Type: Visit or contact us, County: , N/A, Description: N/A, EPIM ID: N/A"
"Wrexham Magistrates' Court",53.0484595408962,-2.98952792283808,0,0,3058,"wrexham-magistrates-court","Family Court | Magistrates' Court",true,"702521 Yr Wyddgrug/Mold 2","Name: Crime, External Link: N/A, Description: N/A, Display Name: N/A, Display External Link: N/A | Name: Domestic Abuse Protection Order (DAPOs), External Link: https://www.gov.uk/guidance/domestic-abuse-protection-notices-dapns-and-domestic-abuse-protection-orders-dapos, Description: N/A, Display Name: N/A, Display External Link: N/A | Name: Employment, External Link: https://www.gov.uk/courts-tribunals/employment-tribunal, Description: Information about the Employment Tribunal, Display Name: Claims against employers, Display External Link: https://www.gov.uk/employment-tribunals | Name: Single justice procedure, External Link: N/A, Description: N/A, Display Name: N/A, Display External Link: N/A","Town: Wrexham, Postcode: LL12 7BP, Address: Bodhyfryd, Type: Visit us, County: Denbighshire, N/A, Description: N/A, EPIM ID: N/A | Town: Mold, Postcode: CH7 1AE, Address: The Law Courts, Civic Centre, Type: Write to us, County: Denbighshire, N/A, Description: N/A, EPIM ID: N/A"
"Wrexham Regional Divorce Centre",0.0,0.0,0,0,0,"wrexham-regional-divorce-centre","County Court",false,null,"Name: Civil partnership, External Link: https://www.gov.uk/end-civil-partnership, Description: Information about ending a civil partnership, Display Name: N/A, Display External Link: N/A | Name: Divorce, External Link: https://www.gov.uk/divorce, Description: Information about getting a divorce, Display Name: N/A, Display External Link: N/A","Town: Wrexham, Postcode: LL12 7BP, Address: The Law Courts, Bodhyfryd, Type: Write to us, County: Denbighshire, N/A, Description: N/A, EPIM ID: N/A"
"Yarl's Wood Immigration and Asylum Hearing Centre",52.1965870938198,-0.489818842422328,0,0,0,"yarls-wood-immigration-and-asylum-hearing-centre",,true,null,"Name: Immigration, External Link: https://www.gov.uk/tribunal/iac, Description: Information about the Immigration and Asylum Tribunal, Display Name: Immigration and asylum, Display External Link: https://www.gov.uk/immigration-asylum-tribunal","Town: Bedford, Postcode: MK44 1FD, Address: Hearing Centre A, Twinwoods Business Centre, Thurleigh Road, Type: Visit us, County: Bedfordshire, N/A, Description: N/A, EPIM ID: N/A"
"Yate (North Avon) Magistrates' Court",0.0,0.0,0,0,0,"yate-north-avon-magistrates-court",,false,null,"No areas of law available","No address available"
"Yeovil County, Family and Magistrates' Court",50.9396231975855,-2.63378722191693,0,385,1450,"yeovil-county-family-and-magistrates-court","County Court | Family Court | Magistrates' Court",true,"98830 Yeovil 2","Name: Bankruptcy, External Link: https://www.gov.uk/apply-for-bankruptcy, Description: Information about applying for bankruptcy, Display Name: N/A, Display External Link: https://www.gov.uk/bankruptcy | Name: Children, External Link: N/A, Description: N/A, Display Name: Childcare arrangements if you separate from your partner, Display External Link: https://www.gov.uk/looking-after-children-divorce | Name: Crime, External Link: N/A, Description: N/A, Display Name: N/A, Display External Link: N/A | Name: Divorce, External Link: https://www.gov.uk/divorce, Description: Information about getting a divorce, Display Name: N/A, Display External Link: N/A | Name: Domestic violence, External Link: N/A, Description: N/A, Display Name: Domestic abuse, Display External Link: https://www.gov.uk/injunction-domestic-violence | Name: High Court District Registry, External Link: N/A, Description: N/A, Display Name: High Court cases – serious or high profile criminal or civil law cases, Display External Link: N/A | Name: Housing possession, External Link: https://www.gov.uk/evicting-tenants, Description: Information about evicting tenants, Display Name: Housing, Display External Link: N/A | Name: Money claims, External Link: https://www.gov.uk/make-court-claim-for-money, Description: Information about making a court claim for money, Display Name: N/A, Display External Link: N/A | Name: Single justice procedure, External Link: N/A, Description: N/A, Display Name: N/A, Display External Link: N/A","Town: Yeovil, Postcode: BA20 1SW, Address: The Law Courts, Petters Way, Type: Visit or contact us, County: Somerset, N/A, Description: N/A, EPIM ID: N/A"
"York County Court and Family Court",53.9546918331129,-1.07655091981202,0,386,0,"york-county-court-and-family-court","County Court | Family Court",true,"65165, York 4","Name: Adoption, External Link: https://www.gov.uk/child-adoption, Description: Information about adopting a child, Display Name: N/A, Display External Link: https://www.gov.uk/child-adoption/applying-for-an-adoption-court-order | Name: Bankruptcy, External Link: https://www.gov.uk/apply-for-bankruptcy, Description: Information about applying for bankruptcy, Display Name: N/A, Display External Link: https://www.gov.uk/bankruptcy | Name: Children, External Link: N/A, Description: N/A, Display Name: Childcare arrangements if you separate from your partner, Display External Link: https://www.gov.uk/looking-after-children-divorce | Name: Divorce, External Link: https://www.gov.uk/divorce, Description: Information about getting a divorce, Display Name: N/A, Display External Link: N/A | Name: Domestic violence, External Link: N/A, Description: N/A, Display Name: Domestic abuse, Display External Link: https://www.gov.uk/injunction-domestic-violence | Name: High Court District Registry, External Link: N/A, Description: N/A, Display Name: High Court cases – serious or high profile criminal or civil law cases, Display External Link: N/A | Name: Housing possession, External Link: https://www.gov.uk/evicting-tenants, Description: Information about evicting tenants, Display Name: Housing, Display External Link: N/A | Name: Money claims, External Link: https://www.gov.uk/make-court-claim-for-money, Description: Information about making a court claim for money, Display Name: N/A, Display External Link: N/A | Name: Social security, External Link: https://www.gov.uk/tribunal/sscs, Description: Information about the Social Security and Child Support Tribunal, Display Name: Benefits, Display External Link: https://www.gov.uk/appeal-benefit-decision","Town: York, Postcode: YO1 9WL, Address: Piccadilly House, 55 Piccadilly, Type: Visit or contact us, County: West Yorkshire, N/A, Description: N/A, EPIM ID: N/A"
"York Crown Court",53.9552728450255,-1.07964693409877,467,0,0,york-crown-court,"Crown Court",true,"65162 York 3","Name: Crime, External Link: N/A, Description: N/A, Display Name: N/A, Display External Link: N/A | Name: Single justice procedure, External Link: N/A, Description: N/A, Display Name: N/A, Display External Link: N/A","Town: York, Postcode: YO1 9WZ, Address: York Crown Court, The Castle, Type: Visit or contact us, County: West Yorkshire, N/A, Description: N/A, EPIM ID: N/A"
"York Magistrates' Court and Family Court",53.9564136477423,-1.08190779676766,0,0,2357,"york-magistrates-court-and-family-court","Family Court | Magistrates' Court",true,"744330 York 41","Name: Children, External Link: N/A, Description: N/A, Display Name: Childcare arrangements if you separate from your partner, Display External Link: https://www.gov.uk/looking-after-children-divorce | Name: Crime, External Link: N/A, Description: N/A, Display Name: N/A, Display External Link: N/A | Name: Single justice procedure, External Link: N/A, Description: N/A, Display Name: N/A, Display External Link: N/A","Town: York, Postcode: YO1 9RE, Address: Law Courts, Clifford Street, Type: Visit or contact us, County: West Yorkshire, N/A, Description: N/A, EPIM ID: N/A"
"York Probate Sub-Registry",53.9546827861982,-1.07636799726302,0,0,0,"york-probate-sub-registry",,false,"26451 Leeds Park Square","Name: Probate, External Link: https://www.gov.uk/wills-probate-inheritance, Description: Information about wills and probate, Display Name: N/A, Display External Link: https://www.gov.uk/applying-for-probate","Town: Leeds, Postcode: LS1 2BA, Address: York House, 2nd Floor, 31 York Place, Type: Write to us, County: West Yorkshire, N/A, Description: N/A, EPIM ID: N/A"
